Name,Price,Median Price,Reduced,Kraken Price,Game,Category,Set,PriceCharting Price,TCGplayer Market,TCGplayer Median,TCGplayer Lowest,Sources
500 Years in the Future - Booster Box,290.98,290.98,203.69,203.69,One Piece,Box,500 Years in the Future,290.98,326.37,,81.00,PriceCharting + TCGplayer
500 Years In The Future Double Pack DP-04 Display Box,337.00,337.00,235.90,235.90,One Piece,Box,500 Years In The Future,337.00,,,,PriceCharting
A Fist of Divine Speed Booster Box,582.51,333.75,233.63,233.63,One Piece,Box,A Fist of Divine Speed,,582.51,,85.00,TCGplayer
Adventure on Kami's Island Booster Box,255.73,255.35,178.74,178.74,One Piece,Box,Adventure on Kami's Island,,255.73,,254.97,TCGplayer
Awakening of the New Era - Booster Box,1061.00,1060.99,742.69,742.69,One Piece,Box,Awakening of the New Era,1061.00,1060.99,,349.97,PriceCharting + TCGplayer
Awakening Of The New Era Double Pack DP-02 Display Box,314.99,314.99,220.49,220.49,One Piece,Box,Awakening Of The New Era,314.99,,,,PriceCharting
Carrying On His Will Booster Box,470.00,440.31,308.22,308.22,One Piece,Box,Carrying On His Will,470.00,440.31,,24.99,PriceCharting + TCGplayer
Emperors in the New World - Booster Box,628.85,628.85,440.19,440.19,One Piece,Box,Emperors in the New World,628.85,652.91,,93.99,PriceCharting + TCGplayer
Emperors In The New World Double Pack DP-06 Display Box,311.00,311.00,217.70,217.70,One Piece,Box,Emperors In The New World,311.00,,,,PriceCharting
Extra Booster Anime 25th Collection Booster Box,794.80,794.80,556.36,556.36,One Piece,Box,Extra Booster Anime 25th Collection,794.80,,,,PriceCharting
Extra Booster Heroines Edition Booster Box,325.00,325.00,227.50,227.50,One Piece,Box,Extra Booster Heroines Edition,325.00,,,,PriceCharting
Extra Booster Memorial Collection Sealed Booster Box,872.49,872.49,610.74,610.74,One Piece,Box,Extra Booster Memorial Collection,872.49,,,,PriceCharting
Memorial Collection - Booster Box,873.81,861.90,603.33,603.33,One Piece,Box,Extra Booster: Memorial Collection,,873.81,,850.00,TCGplayer
Extra Booster: One Piece Heroines Edition Vol.2 - Booster Box,395.84,385.90,270.13,270.13,One Piece,Box,Extra Booster: One Piece Heroine's Edition Vol. 2,,395.84,,375.97,TCGplayer
Fist Of Divine Speed Booster Box,579.78,579.78,405.85,405.85,One Piece,Box,Fist Of Divine Speed,579.78,,,,PriceCharting
Japanese 500 Years In The Future Booster Box,90.20,90.20,63.14,63.14,One Piece,Box,Japanese 500 Years In The Future,90.20,,,,PriceCharting
Japanese Awakening Of The New Era Booster Box,189.48,189.48,132.64,132.64,One Piece,Box,Japanese Awakening Of The New Era,189.48,,,,PriceCharting
Japanese Carrying On His Will Booster Box,131.16,131.16,91.81,91.81,One Piece,Box,Japanese Carrying On His Will,131.16,,,,PriceCharting
Japanese Emperors In The New World Booster Box,130.56,130.56,91.39,91.39,One Piece,Box,Japanese Emperors In The New World,130.56,,,,PriceCharting
Japanese Extra Booster Anime 25th Collection Booster Box,134.50,134.50,94.15,94.15,One Piece,Box,Japanese Extra Booster Anime 25th Collection,134.50,,,,PriceCharting
Japanese Extra Booster Egghead Crisis Booster Box,91.19,91.19,63.83,63.83,One Piece,Box,Japanese Extra Booster Egghead Crisis,91.19,,,,PriceCharting
Japanese Extra Booster Heroines Edition Booster Box,115.00,115.00,80.50,80.50,One Piece,Box,Japanese Extra Booster Heroines Edition,115.00,,,,PriceCharting
Japanese Extra Booster Memorial Collection Booster Box,112.12,112.12,78.48,78.48,One Piece,Box,Japanese Extra Booster Memorial Collection,112.12,,,,PriceCharting
Japanese Fist Of Divine Speed Booster Box,145.88,145.88,102.12,102.12,One Piece,Box,Japanese Fist Of Divine Speed,145.88,,,,PriceCharting
Japanese Kingdoms Of Intrigue Booster Box,116.54,116.54,81.58,81.58,One Piece,Box,Japanese Kingdoms Of Intrigue,116.54,,,,PriceCharting
Japanese Legacy Of The Master Booster Box,80.31,80.31,56.22,56.22,One Piece,Box,Japanese Legacy Of The Master,80.31,,,,PriceCharting
Japanese Paramount War Booster Box,306.63,306.63,214.64,214.64,One Piece,Box,Japanese Paramount War,306.63,,,,PriceCharting
Japanese Pillars Of Strength Booster Box,115.03,115.03,80.52,80.52,One Piece,Box,Japanese Pillars Of Strength,115.03,,,,PriceCharting
Japanese Premium Booster Booster Box [PRB01],112.25,112.25,78.57,78.57,One Piece,Box,Japanese Premium Booster,112.25,,,,PriceCharting
Japanese Premium Booster 2 Booster Box,74.43,74.43,52.10,52.10,One Piece,Box,Japanese Premium Booster 2,74.43,,,,PriceCharting
Japanese Romance Dawn Booster Box,205.27,205.27,143.69,143.69,One Piece,Box,Japanese Romance Dawn,205.27,,,,PriceCharting
Japanese Royal Blood Booster Box,83.15,83.15,58.20,58.20,One Piece,Box,Japanese Royal Blood,83.15,,,,PriceCharting
Japanese The Time Of Battle Booster Box,115.93,115.93,81.15,81.15,One Piece,Box,Japanese The Time Of Battle,115.93,,,,PriceCharting
Japanese Two Legends Booster Box,106.90,106.90,74.83,74.83,One Piece,Box,Japanese Two Legends,106.90,,,,PriceCharting
Japanese Wings Of The Captain Booster Box,211.10,211.10,147.77,147.77,One Piece,Box,Japanese Wings Of The Captain,211.10,,,,PriceCharting
Kingdoms of Intrigue - Booster Box,491.20,499.85,349.89,349.89,One Piece,Box,Kingdoms of Intrigue,491.20,500.19,,499.85,PriceCharting + TCGplayer
Kingdoms Of Intrigue Double Pack DP-01 Display Box,212.54,212.54,148.78,148.78,One Piece,Box,Kingdoms Of Intrigue,212.54,,,,PriceCharting
Legacy of the Master Booster Box,275.00,279.96,195.97,195.97,One Piece,Box,Legacy of the Master,275.00,286.65,,279.96,PriceCharting + TCGplayer
Legacy Of The Master Double Pack DP-08 Display Box,324.39,324.39,227.07,227.07,One Piece,Box,Legacy Of The Master,324.39,,,,PriceCharting
Paramount War - Booster Box,506.79,506.79,354.75,354.75,One Piece,Box,Paramount War,506.79,564.37,,69.99,PriceCharting + TCGplayer
Pillars of Strength - Booster Box,496.02,500.00,350.00,350.00,One Piece,Box,Pillars of Strength,496.02,507.21,,500.00,PriceCharting + TCGplayer
Premium Booster - Booster Box,900.28,525.13,367.59,367.59,One Piece,Box,Premium Booster -The Best-,,900.28,,149.99,TCGplayer
Premium Booster Vol. 2 - Booster Box,378.50,238.75,167.12,167.12,One Piece,Box,Premium Booster -The Best- Vol. 2,,378.50,,99.00,TCGplayer
Premium Booster 2 Booster Box,379.92,379.92,265.94,265.94,One Piece,Box,Premium Booster 2,379.92,,,,PriceCharting
Romance Dawn - Booster Box (Wave 1 - Blue),4680.11,2440.05,1708.04,1708.04,One Piece,Box,Romance Dawn,,4680.11,,200.00,TCGplayer
Romance Dawn - Booster Box (Wave 2 - White),1459.90,737.45,516.21,516.21,One Piece,Box,Romance Dawn,,1459.90,,14.99,TCGplayer
Romance Dawn Booster Box,1376.00,1376.00,963.20,963.20,One Piece,Box,Romance Dawn,1376.00,,,,PriceCharting
Romance Dawn Booster Box [Blue Bottom],4512.50,4512.50,3158.75,3158.75,One Piece,Box,Romance Dawn,4512.50,,,,PriceCharting
Royal Blood Booster Box,249.99,249.21,174.45,174.45,One Piece,Box,Royal Blood,249.99,249.21,,22.80,PriceCharting + TCGplayer
The Azure Sea's Seven Booster Box,267.63,136.31,95.42,95.42,One Piece,Box,The Azure Sea's Seven,,267.63,,4.99,TCGplayer
The Dominance of God Booster Box,377.79,366.75,256.73,256.73,One Piece,Box,The Dominance of God,,377.79,,355.72,TCGplayer
The Quest Begins Booster Box,22000.00,22000.00,15400.00,15400.00,One Piece,Box,The Quest Begins,22000.00,,,,PriceCharting
The Time of Battle Booster Box,214.44,218.00,152.60,152.60,One Piece,Box,The Time of Battle,214.44,223.15,,218.00,PriceCharting + TCGplayer
The World's Strongest Warriors Booster Box,286.56,288.28,201.80,201.80,One Piece,Box,The World's Strongest Warriors,,286.56,,290.00,TCGplayer
Two Legends - Booster Box,245.00,245.00,171.50,171.50,One Piece,Box,Two Legends,245.00,246.87,,80.00,PriceCharting + TCGplayer
Two Legends Double Pack DP-05 Display Box,261.62,261.62,183.13,183.13,One Piece,Box,Two Legends,261.62,,,,PriceCharting
Wings of the Captain - Booster Box,375.00,375.00,262.50,262.50,One Piece,Box,Wings of the Captain,375.00,394.18,,149.99,PriceCharting + TCGplayer
Wings Of The Captain Double Pack DP-03 Display Box,158.97,158.97,111.28,111.28,One Piece,Box,Wings Of The Captain,158.97,,,,PriceCharting
Double Pack Set Volume 4,51.95,55.97,39.18,39.18,One Piece,Coffret,500 Years in the Future,,51.95,,59.99,TCGplayer
Double Pack Set Volume 7,73.84,71.91,50.34,50.34,One Piece,Coffret,A Fist of Divine Speed,,73.84,,69.99,TCGplayer
Double Pack Set Vol. 10,39.41,36.95,25.87,25.87,One Piece,Coffret,Adventure on Kami's Island,,39.41,,34.50,TCGplayer
Double Pack Set Volume 2,227.95,220.86,154.60,154.60,One Piece,Coffret,Awakening of the New Era,,227.95,,213.77,TCGplayer
Carrying On His Will One Piece Tin Pack Set Vol. 2 - Monkey.D.Luffy,61.94,61.94,43.36,43.36,One Piece,Coffret,Carrying On His Will,61.94,,,,PriceCharting
Double Pack Set Volume 6,94.71,93.85,65.69,65.69,One Piece,Coffret,Emperors in the New World,,94.71,,92.99,TCGplayer
Extra Booster Heroines Edition Heroines Special Set,257.50,257.50,180.25,180.25,One Piece,Coffret,Extra Booster Heroines Edition,257.50,,,,PriceCharting
Extra Booster: Anime 25th Collection Box,820.37,472.69,330.88,330.88,One Piece,Coffret,Extra Booster: Anime 25th Collection,,820.37,,125.00,TCGplayer
Extra Booster: Anime 25th Collection Pack,21.75,14.37,10.06,10.06,One Piece,Coffret,Extra Booster: Anime 25th Collection,,21.75,,6.99,TCGplayer
Memorial Collection - Booster Pack,31.26,35.44,24.80,24.80,One Piece,Coffret,Extra Booster: Memorial Collection,,31.26,,39.61,TCGplayer
Extra Booster: One Piece Heroines Edition Box,323.84,205.91,144.14,144.14,One Piece,Coffret,Extra Booster: One Piece Heroines Edition,,323.84,,87.99,TCGplayer
Japanese Carrying On His Will Mini Tin,113.25,113.25,79.27,79.27,One Piece,Coffret,Japanese Carrying On His Will,113.25,,,,PriceCharting
Japanese Carrying On His Will Treasure Chest Vol. 1,280.00,280.00,196.00,196.00,One Piece,Coffret,Japanese Carrying On His Will,280.00,,,,PriceCharting
Japanese Extra Booster Heroines Edition Heroines Special Set,156.99,156.99,109.89,109.89,One Piece,Coffret,Japanese Extra Booster Heroines Edition,156.99,,,,PriceCharting
Japanese Extra Booster Heroines Edition Sealed Admirable Collection Vol.1 Vinsmoke Reiju,171.45,171.45,120.01,120.01,One Piece,Coffret,Japanese Extra Booster Heroines Edition,171.45,,,,PriceCharting
Japanese Paramount War Box Promotion Pack,6.99,6.99,4.89,4.89,One Piece,Coffret,Japanese Paramount War,6.99,,,,PriceCharting
Japanese Promo 1st Anniversary Set,127.06,127.06,88.94,88.94,One Piece,Coffret,Japanese Promo,127.06,,,,PriceCharting
Japanese Promo 2nd Anniversary Set,63.24,63.24,44.27,44.27,One Piece,Coffret,Japanese Promo,63.24,,,,PriceCharting
Japanese Promo Base Shop Limited Card Collection Vol.1,123.60,123.60,86.52,86.52,One Piece,Coffret,Japanese Promo,123.60,,,,PriceCharting
Japanese Promo Premium Card Collection [25th Anniversary],149.90,149.90,104.93,104.93,One Piece,Coffret,Japanese Promo,149.90,,,,PriceCharting
Japanese Promo Premium Card Collection [6 Assort Vol.1],62.21,62.21,43.55,43.55,One Piece,Coffret,Japanese Promo,62.21,,,,PriceCharting
Japanese Promo Premium Card Collection [Bandai Card Games Fest 23-24],46.99,46.99,32.89,32.89,One Piece,Coffret,Japanese Promo,46.99,,,,PriceCharting
Japanese Promo Premium Card Collection [Best Selection Vol.2],54.98,54.98,38.49,38.49,One Piece,Coffret,Japanese Promo,54.98,,,,PriceCharting
Japanese Promo Premium Card Collection [Best Selection Vol.3],63.06,63.06,44.14,44.14,One Piece,Coffret,Japanese Promo,63.06,,,,PriceCharting
Japanese Promo Premium Card Collection [Best Selection Vol.4],87.87,87.87,61.51,61.51,One Piece,Coffret,Japanese Promo,87.87,,,,PriceCharting
Japanese Promo Premium Card Collection [Best Selection Vol.5],68.85,68.85,48.19,48.19,One Piece,Coffret,Japanese Promo,68.85,,,,PriceCharting
Japanese Promo Premium Card Collection [Film Red],65.91,65.91,46.14,46.14,One Piece,Coffret,Japanese Promo,65.91,,,,PriceCharting
Japanese Promo Premium Card Collection [Girls Edition],243.17,243.17,170.22,170.22,One Piece,Coffret,Japanese Promo,243.17,,,,PriceCharting
Japanese Promo Premium Card Collection [Kumamoto Special],400.00,400.00,280.00,280.00,One Piece,Coffret,Japanese Promo,400.00,,,,PriceCharting
Japanese Promo Premium Card Collection [Leader Collection],149.26,149.26,104.48,104.48,One Piece,Coffret,Japanese Promo,149.26,,,,PriceCharting
Japanese Promo Premium Card Collection [Live Action Edition],12.08,12.08,8.46,8.46,One Piece,Coffret,Japanese Promo,12.08,,,,PriceCharting
Japanese Promo Premium Card Collection [One Piece Day '24],83.00,83.00,58.10,58.10,One Piece,Coffret,Japanese Promo,83.00,,,,PriceCharting
Japanese Promo Premium Card Collection [One Piece Day '25],256.61,256.61,179.63,179.63,One Piece,Coffret,Japanese Promo,256.61,,,,PriceCharting
Japanese Promo Sealed 3rd Anniversary Set,719.98,719.98,503.99,503.99,One Piece,Coffret,Japanese Promo,719.98,,,,PriceCharting
Japanese Promo Sealed Premium Card Collection [Best Selection Vol 1],60.34,60.34,42.24,42.24,One Piece,Coffret,Japanese Promo,60.34,,,,PriceCharting
Japanese Promo Sealed Premium Card Collection [Uta],78.00,78.00,54.60,54.60,One Piece,Coffret,Japanese Promo,78.00,,,,PriceCharting
Double Pack Set Volume 1,76.45,75.47,52.83,52.83,One Piece,Coffret,Kingdoms of Intrigue,,76.45,,74.50,TCGplayer
Double Pack Set Vol. 8,38.56,37.28,26.10,26.10,One Piece,Coffret,Legacy of the Master,,38.56,,36.00,TCGplayer
Devil Fruits Collection Vol. 1,146.73,83.36,58.36,58.36,One Piece,Coffret,One Piece Collection Sets,,146.73,,20.00,TCGplayer
Devil Fruits Collection Vol. 2,77.25,48.62,34.03,34.03,One Piece,Coffret,One Piece Collection Sets,,77.25,,19.99,TCGplayer
Devil Fruits Collection Vol. 3,54.30,37.15,26.00,26.00,One Piece,Coffret,One Piece Collection Sets,,54.30,,20.00,TCGplayer
One Piece Card Game: English Version 1st Anniversary Set (Sealed Promotional Bundle),5110.64,2705.32,1893.72,1893.72,One Piece,Coffret,One Piece Collection Sets,,5110.64,,300.00,TCGplayer
One Piece Card Game: Japanese 1st Anniversary Set (Sealed Promotional Bundle),191.54,180.76,126.54,126.54,One Piece,Coffret,One Piece Collection Sets,,191.54,,169.99,TCGplayer
One Piece English Version 2nd Anniversary Set (Sealed Promotional Bundle),1586.47,880.73,616.51,616.51,One Piece,Coffret,One Piece Collection Sets,,1586.47,,174.99,TCGplayer
One Piece English Version 3rd Anniversary Set (Sealed Promotional Bundle),708.28,674.14,471.90,471.90,One Piece,Coffret,One Piece Collection Sets,,708.28,,640.00,TCGplayer
One Piece Heroines Special Set (Sealed Promotional Bundle),254.55,241.78,169.24,169.24,One Piece,Coffret,One Piece Collection Sets,,254.55,,229.00,TCGplayer
One Piece Japanese Version 2nd Anniversary Set (Sealed Promotional Bundle),910.36,580.17,406.12,406.12,One Piece,Coffret,One Piece Collection Sets,,910.36,,249.99,TCGplayer
One Piece Japanese Version 3rd Anniversary Set (Sealed Promotional Bundle),1147.27,658.58,461.01,461.01,One Piece,Coffret,One Piece Collection Sets,,1147.27,,169.89,TCGplayer
Gift Collection 2023,446.80,273.40,191.38,191.38,One Piece,Coffret,One Piece Promotion Cards,,446.80,,100.00,TCGplayer
Gift Collection 2023 Promotion Pack,235.75,287.88,201.51,201.51,One Piece,Coffret,One Piece Promotion Cards,,235.75,,340.00,TCGplayer
One Piece Card Game Illustration Box EX,824.37,849.68,594.78,594.78,One Piece,Coffret,One Piece Promotion Cards,,824.37,,875.00,TCGplayer
One Piece Card Game Illustration Box Vol. 1,267.91,250.96,175.67,175.67,One Piece,Coffret,One Piece Promotion Cards,,267.91,,234.00,TCGplayer
One Piece Card Game Illustration Box Vol. 2,151.02,145.51,101.86,101.86,One Piece,Coffret,One Piece Promotion Cards,,151.02,,140.00,TCGplayer
One Piece Card Game Illustration Box Vol. 3,87.81,88.28,61.80,61.80,One Piece,Coffret,One Piece Promotion Cards,,87.81,,88.75,TCGplayer
One Piece Card Game Illustration Box Vol. 4,88.10,84.05,58.83,58.83,One Piece,Coffret,One Piece Promotion Cards,,88.10,,80.00,TCGplayer
One Piece Card Game Illustration Box Vol. 5,101.90,98.45,68.91,68.91,One Piece,Coffret,One Piece Promotion Cards,,101.90,,95.00,TCGplayer
One Piece Card Game Illustration Box Vol. 6,102.87,99.42,69.59,69.59,One Piece,Coffret,One Piece Promotion Cards,,102.87,,95.97,TCGplayer
One Piece Card Game Illustration Box Vol. 7,38.77,37.89,26.52,26.52,One Piece,Coffret,One Piece Promotion Cards,,38.77,,37.00,TCGplayer
One Piece Card Game Illustration Box Vol. 8,36.40,36.20,25.34,25.34,One Piece,Coffret,One Piece Promotion Cards,,36.40,,36.00,TCGplayer
One Piece Tin Pack Set Vol. 1 -Gol.D.Roger-,31.92,18.46,12.92,12.92,One Piece,Coffret,One Piece Promotion Cards,,31.92,,5.00,TCGplayer
One Piece Tin Pack Set Vol. 1 -Monkey.D.Luffy-,31.20,18.10,12.67,12.67,One Piece,Coffret,One Piece Promotion Cards,,31.20,,5.00,TCGplayer
One Piece Tin Pack Set Vol. 1 [Set of 2],103.95,106.94,74.86,74.86,One Piece,Coffret,One Piece Promotion Cards,,103.95,,109.94,TCGplayer
One Piece Tin Pack Set Vol. 2 -Monkey.D.Luffy-,67.25,36.12,25.29,25.29,One Piece,Coffret,One Piece Promotion Cards,,67.25,,5.00,TCGplayer
One Piece Tin Pack Set Vol. 2 -Portgas.D.Ace-,48.77,28.88,20.22,20.22,One Piece,Coffret,One Piece Promotion Cards,,48.77,,8.99,TCGplayer
One Piece Tin Pack Set Vol. 2 -Sabo-,47.59,26.79,18.75,18.75,One Piece,Coffret,One Piece Promotion Cards,,47.59,,5.99,TCGplayer
Premium Card Collection -6 assort vol.1-,198.46,159.22,111.46,111.46,One Piece,Coffret,One Piece Promotion Cards,,198.46,,119.99,TCGplayer
Premium Card Collection -BANDAI CARD GAMES Fest. 23-24 Edition-,120.35,95.16,66.61,66.61,One Piece,Coffret,One Piece Promotion Cards,,120.35,,69.97,TCGplayer
Premium Card Collection -Best Selection Vol. 1-,175.58,150.28,105.20,105.20,One Piece,Coffret,One Piece Promotion Cards,,175.58,,124.99,TCGplayer
Premium Card Collection -Best Selection Vol. 2-,89.50,82.25,57.57,57.57,One Piece,Coffret,One Piece Promotion Cards,,89.50,,75.00,TCGplayer
Premium Card Collection -Best Selection Vol. 3-,140.27,122.09,85.46,85.46,One Piece,Coffret,One Piece Promotion Cards,,140.27,,103.90,TCGplayer
Premium Card Collection -Best Selection Vol. 4-,249.17,172.08,120.46,120.46,One Piece,Coffret,One Piece Promotion Cards,,249.17,,94.99,TCGplayer
Premium Card Collection -Best Selection Vol. 5-,79.18,80.56,56.40,56.40,One Piece,Coffret,One Piece Promotion Cards,,79.18,,81.95,TCGplayer
Premium Card Collection -Best Selection Vol. 6-,77.30,66.16,46.31,46.31,One Piece,Coffret,One Piece Promotion Cards,,77.30,,55.01,TCGplayer
Premium Card Collection -Flame-Flame Fruit Coliseum Edition-,76.96,77.70,54.39,54.39,One Piece,Coffret,One Piece Promotion Cards,,76.96,,78.45,TCGplayer
Premium Card Collection -Leader Collection-,309.37,244.68,171.28,171.28,One Piece,Coffret,One Piece Promotion Cards,,309.37,,179.99,TCGplayer
Premium Card Collection -Live Action Edition-,106.60,104.30,73.01,73.01,One Piece,Coffret,One Piece Promotion Cards,,106.60,,102.00,TCGplayer
Premium Card Collection -ONE PIECE FILM RED Edition-,241.12,233.06,163.14,163.14,One Piece,Coffret,One Piece Promotion Cards,,241.12,,225.00,TCGplayer
Premium Card Collection -Uta-,129.73,104.86,73.40,73.40,One Piece,Coffret,One Piece Promotion Cards,,129.73,,79.99,TCGplayer
Premium Card Collection 25th Edition,705.66,378.82,265.18,265.18,One Piece,Coffret,One Piece Promotion Cards,,705.66,,51.99,TCGplayer
Sealed Battle Kit Vol. 1,46.48,43.24,30.27,30.27,One Piece,Coffret,One Piece Promotion Cards,,46.48,,40.00,TCGplayer
Special DON!! Set Vol. 1 -Luffy-,62.99,75.97,53.18,53.18,One Piece,Coffret,One Piece Promotion Cards,,62.99,,88.96,TCGplayer
Special DON!! Set Vol. 1-3 [Set of 3],158.31,184.15,128.91,128.91,One Piece,Coffret,One Piece Promotion Cards,,158.31,,209.99,TCGplayer
Special DON!! Set Vol. 2 -Ace-,49.07,69.53,48.67,48.67,One Piece,Coffret,One Piece Promotion Cards,,49.07,,90.00,TCGplayer
Special DON!! Set Vol. 3 -Sabo-,40.63,65.31,45.72,45.72,One Piece,Coffret,One Piece Promotion Cards,,40.63,,90.00,TCGplayer
Treasure Booster Set,197.73,190.87,133.61,133.61,One Piece,Coffret,One Piece Promotion Cards,,197.73,,184.00,TCGplayer
Box Promotion Pack,20.10,20.10,14.07,14.07,One Piece,Coffret,Paramount War,20.10,25.05,,20.01,PriceCharting + TCGplayer
"Passage To The Grand Line Wapol, the Tin Tyrant CH059",65.64,65.64,45.95,45.95,One Piece,Coffret,Passage To The Grand Line,65.64,,,,PriceCharting
Promo 2nd Anniversary Set,59.14,59.14,41.40,41.40,One Piece,Coffret,Promo,59.14,,,,PriceCharting
Promo Devil Fruits Collection Vol. 1,153.38,153.38,107.37,107.37,One Piece,Coffret,Promo,153.38,,,,PriceCharting
Promo Devil Fruits Collection Vol. 2,84.72,84.72,59.30,59.30,One Piece,Coffret,Promo,84.72,,,,PriceCharting
Promo Devil Fruits Collection Vol. 3,58.59,58.59,41.01,41.01,One Piece,Coffret,Promo,58.59,,,,PriceCharting
Promo Illustration Box Volume 01,186.30,186.30,130.41,130.41,One Piece,Coffret,Promo,186.30,,,,PriceCharting
Promo Illustration Box Volume 02,135.00,135.00,94.50,94.50,One Piece,Coffret,Promo,135.00,,,,PriceCharting
Promo Premium Card Collection [25th Edition],500.00,500.00,350.00,350.00,One Piece,Coffret,Promo,500.00,,,,PriceCharting
Promo Premium Card Collection [6 Assort Vol.1],239.00,239.00,167.30,167.30,One Piece,Coffret,Promo,239.00,,,,PriceCharting
Promo Premium Card Collection [Best Selection],79.63,79.63,55.74,55.74,One Piece,Coffret,Promo,79.63,,,,PriceCharting
Promo Premium Card Collection [Live Action Edition],4.14,4.14,2.90,2.90,One Piece,Coffret,Promo,4.14,,,,PriceCharting
Promo Sealed 1st Anniversary Set,5655.00,5655.00,3958.50,3958.50,One Piece,Coffret,Promo,5655.00,,,,PriceCharting
Promo Sealed 3rd Anniversary Set,727.96,727.96,509.57,509.57,One Piece,Coffret,Promo,727.96,,,,PriceCharting
Promo Sealed Battle Kit,30.00,30.00,21.00,21.00,One Piece,Coffret,Promo,30.00,,,,PriceCharting
Promo Sealed Gift Collection Box 2023,506.21,506.21,354.35,354.35,One Piece,Coffret,Promo,506.21,,,,PriceCharting
Promo Sealed Illustration Box Vol 7,39.00,39.00,27.30,27.30,One Piece,Coffret,Promo,39.00,,,,PriceCharting
Promo Sealed Illustration Box Vol 8,39.94,39.94,27.96,27.96,One Piece,Coffret,Promo,39.94,,,,PriceCharting
Promo Sealed Illustration Box Vol. 3,87.35,87.35,61.14,61.14,One Piece,Coffret,Promo,87.35,,,,PriceCharting
Promo Sealed Illustration Box Vol. 4,115.82,115.82,81.07,81.07,One Piece,Coffret,Promo,115.82,,,,PriceCharting
Promo Sealed Illustration Box Vol. 5,91.50,91.50,64.05,64.05,One Piece,Coffret,Promo,91.50,,,,PriceCharting
Promo Sealed Illustration Box Vol. 6,85.97,85.97,60.18,60.18,One Piece,Coffret,Promo,85.97,,,,PriceCharting
Promo Sealed Premium Card Collection [Best Selection Vol. 6],82.50,82.50,57.75,57.75,One Piece,Coffret,Promo,82.50,,,,PriceCharting
Promo Sealed Premium Card Collection: BANDAI CARD GAMES Fest. 23-24 Edition,103.84,103.84,72.69,72.69,One Piece,Coffret,Promo,103.84,,,,PriceCharting
Promo Sealed Premium Card Collection: Best Selection Vol. 2,90.00,90.00,63.00,63.00,One Piece,Coffret,Promo,90.00,,,,PriceCharting
Promo Sealed Premium Card Collection: Best Selection Vol. 3,89.99,89.99,62.99,62.99,One Piece,Coffret,Promo,89.99,,,,PriceCharting
Promo Sealed Premium Card Collection: Best Selection Vol. 4,222.26,222.26,155.58,155.58,One Piece,Coffret,Promo,222.26,,,,PriceCharting
Promo Sealed Premium Card Collection: Best Selection Vol. 5,87.22,87.22,61.05,61.05,One Piece,Coffret,Promo,87.22,,,,PriceCharting
Promo Sealed Premium Card Collection: Leader Collection,300.00,300.00,210.00,210.00,One Piece,Coffret,Promo,300.00,,,,PriceCharting
Promo Sealed Premium Card Collection: Live Action Edition,104.19,104.19,72.93,72.93,One Piece,Coffret,Promo,104.19,,,,PriceCharting
Promo Sealed Premium Card Collection: RED Edition,48.00,48.00,33.60,33.60,One Piece,Coffret,Promo,48.00,,,,PriceCharting
Promo Sealed Premium Card Collection: Uta,120.77,120.77,84.54,84.54,One Piece,Coffret,Promo,120.77,,,,PriceCharting
Promo Sealed Tin Vol. 2 [Portgas.D.Ace],47.76,47.76,33.43,33.43,One Piece,Coffret,Promo,47.76,,,,PriceCharting
Promo Tin Pack Set Vol. 2 [Sabo],48.02,48.02,33.61,33.61,One Piece,Coffret,Promo,48.02,,,,PriceCharting
Promo Treasure Booster Set Box,191.77,191.77,134.24,134.24,One Piece,Coffret,Promo,191.77,,,,PriceCharting
Box Promotion Pack,39.67,39.67,27.77,27.77,One Piece,Coffret,Romance Dawn,39.67,41.55,,22.99,PriceCharting + TCGplayer
Royal Blood Gol.D.Roger Sealed Tin,27.50,27.50,19.25,19.25,One Piece,Coffret,Royal Blood,27.50,,,,PriceCharting
Royal Blood Monkey.D.Luffy Sealed Tin,25.00,25.00,17.50,17.50,One Piece,Coffret,Royal Blood,25.00,,,,PriceCharting
Double Pack Set Vol. 9,34.74,34.87,24.41,24.41,One Piece,Coffret,The Azure Sea's Seven,,34.74,,34.99,TCGplayer
Double Pack Set Vol. 13,69.99,69.91,48.94,48.94,One Piece,Coffret,The Dominance of God,,69.99,,69.83,TCGplayer
Double Pack Set Vol. 11,29.77,27.86,19.50,19.50,One Piece,Coffret,The Time of Battle,,29.77,,25.95,TCGplayer
Double Pack Set Vol. 12,38.07,36.81,25.77,25.77,One Piece,Coffret,The World's Strongest Warriors,,38.07,,35.55,TCGplayer
The World's Strongest Warriors Sleeved Booster Pack Art Bundle [Set of 4],58.93,59.47,41.63,41.63,One Piece,Coffret,The World's Strongest Warriors,,58.93,,60.00,TCGplayer
Tin Pack Set Vol 1 Sealed Tin,59.50,59.50,41.65,41.65,One Piece,Coffret,Tin Pack Set Vol 1,59.50,,,,PriceCharting
Double Pack Set Volume 5,43.99,51.47,36.03,36.03,One Piece,Coffret,Two Legends,,43.99,,58.95,TCGplayer
Double Pack Set Volume 3,73.21,84.10,58.87,58.87,One Piece,Coffret,Wings of the Captain,,73.21,,94.99,TCGplayer
500 Years in the Future - Booster Pack,17.17,11.13,7.79,7.79,One Piece,Pack,500 Years in the Future,17.17,11.13,,5.00,PriceCharting + TCGplayer
500 Years in the Future - Sleeved Booster Pack,27.51,26.91,18.84,18.84,One Piece,Pack,500 Years in the Future,27.51,26.91,,25.00,PriceCharting + TCGplayer
500 Years In The Future Double Pack DP-04,39.95,39.95,27.96,27.96,One Piece,Pack,500 Years In The Future,39.95,,,,PriceCharting
Special DON!! Card Pack DP-04,9.27,8.88,6.22,6.22,One Piece,Pack,500 Years in the Future,,9.27,,8.49,TCGplayer
500 Years in the Future - Pre-Release Pack,14.97,15.79,11.05,11.05,One Piece,Pack,500 Years in the Future Pre-Release Cards,,14.97,,16.61,TCGplayer
A Fist of Divine Speed - Sleeved Booster Pack,34.90,32.95,23.07,23.07,One Piece,Pack,A Fist of Divine Speed,,34.90,,31.00,TCGplayer
A Fist of Divine Speed Booster Pack,12.03,10.01,7.01,7.01,One Piece,Pack,A Fist of Divine Speed,,12.03,,7.99,TCGplayer
Special DON!! Card Pack DP-07,3.45,3.23,2.26,2.26,One Piece,Pack,A Fist of Divine Speed,,3.45,,3.00,TCGplayer
A Fist of Divine Speed - Release Event Pack,6.61,6.30,4.41,4.41,One Piece,Pack,A Fist of Divine Speed Release Event Cards,,6.61,,6.00,TCGplayer
Adventure on Kami's Island - Dash Pack,4.84,4.29,3.01,3.01,One Piece,Pack,Adventure on Kami's Island,,4.84,,3.75,TCGplayer
Adventure on Kami's Island - Sleeved Booster Pack,14.01,13.75,9.63,9.63,One Piece,Pack,Adventure on Kami's Island,,14.01,,13.50,TCGplayer
Adventure on Kami's Island Booster Pack,7.88,6.44,4.51,4.51,One Piece,Pack,Adventure on Kami's Island,,7.88,,5.00,TCGplayer
Special DON!! Card Pack DP-10,4.54,3.77,2.64,2.64,One Piece,Pack,Adventure on Kami's Island,,4.54,,3.00,TCGplayer
Adventure on Kami's Island - Release Event Pack,5.65,5.32,3.72,3.72,One Piece,Pack,Adventure on Kami's Island Release Event Cards,,5.65,,4.99,TCGplayer
Awakening of the New Era - Booster Pack,67.43,37.08,25.96,25.96,One Piece,Pack,Awakening of the New Era,67.43,37.08,,32.99,PriceCharting + TCGplayer
Awakening of the New Era - Sleeved Booster Pack,75.85,78.76,55.13,55.13,One Piece,Pack,Awakening of the New Era,75.85,78.76,,84.99,PriceCharting + TCGplayer
Awakening Of The New Era Double Pack DP-02,223.89,223.89,156.72,156.72,One Piece,Pack,Awakening Of The New Era,223.89,,,,PriceCharting
Special DON!! Card Pack DP-02,4.53,4.13,2.89,2.89,One Piece,Pack,Awakening of the New Era,,4.53,,3.73,TCGplayer
Awakening of the New Era - 1st Anniversary Tournament Pack,65.87,82.93,58.05,58.05,One Piece,Pack,Awakening of the New Era: 1st Anniversary Tournament Cards,,65.87,,99.98,TCGplayer
Carrying On His Will Booster Pack,12.20,12.04,8.43,8.43,One Piece,Pack,Carrying On His Will,12.20,12.04,,8.00,PriceCharting + TCGplayer
Carrying On His Will Sleeved Booster Pack,19.99,19.37,13.56,13.56,One Piece,Pack,Carrying On His Will,19.99,19.37,,7.99,PriceCharting + TCGplayer
Carrying On His Will - 3rd Anniversary Tournament 3 Brothers Pack,27.76,24.25,16.97,16.97,One Piece,Pack,Carrying On His Will: 3rd Anniversary Tournament Cards,,27.76,,20.74,TCGplayer
Carrying On His Will - 3rd Anniversary Tournament Pack,6.79,5.89,4.13,4.13,One Piece,Pack,Carrying On His Will: 3rd Anniversary Tournament Cards,,6.79,,5.00,TCGplayer
Emperors in the New World - Booster Pack,18.47,18.55,12.98,12.98,One Piece,Pack,Emperors in the New World,18.47,18.55,,19.85,PriceCharting + TCGplayer
Emperors in the New World - Sleeved Booster Pack,38.52,38.48,26.94,26.94,One Piece,Pack,Emperors in the New World,38.52,38.48,,35.00,PriceCharting + TCGplayer
Emperors In The New World Sealed Double Pack DP-06,97.72,97.72,68.40,68.40,One Piece,Pack,Emperors In The New World,97.72,,,,PriceCharting
Special DON!! Card Pack DP-06,4.76,4.38,3.07,3.07,One Piece,Pack,Emperors in the New World,,4.76,,4.00,TCGplayer
Emperors in the New World - 2nd Anniversary Tournament Pack,13.62,12.31,8.62,8.62,One Piece,Pack,Emperors in the New World: 2nd Anniversary Tournament Cards,,13.62,,11.00,TCGplayer
Extra Booster Anime 25th Collection Booster Pack,17.53,17.53,12.27,12.27,One Piece,Pack,Extra Booster Anime 25th Collection,17.53,,,,PriceCharting
Extra Booster Heroines Edition Booster Pack,191.86,191.86,134.30,134.30,One Piece,Pack,Extra Booster Heroines Edition,191.86,,,,PriceCharting
Extra Booster Memorial Collection Booster Pack,30.21,30.21,21.15,21.15,One Piece,Pack,Extra Booster Memorial Collection,30.21,,,,PriceCharting
Extra Booster: One Piece Heroines Edition Vol.2 - Booster Pack,22.45,22.45,15.71,15.71,One Piece,Pack,Extra Booster: One Piece Heroine's Edition Vol. 2,,22.45,,,TCGplayer
Extra Booster: One Piece Heroines Edition Pack,11.68,10.34,7.24,7.24,One Piece,Pack,Extra Booster: One Piece Heroines Edition,,11.68,,9.00,TCGplayer
Extra Booster: One Piece Heroines Edition Sleeved Booster Pack,19.47,18.11,12.68,12.68,One Piece,Pack,Extra Booster: One Piece Heroines Edition,,19.47,,16.75,TCGplayer
One Piece Heroines Campaign - Dash Pack,7.59,7.29,5.10,5.10,One Piece,Pack,Extra Booster: One Piece Heroines Edition,,7.59,,6.99,TCGplayer
Fist Of Divine Speed Booster Pack,15.50,15.50,10.85,10.85,One Piece,Pack,Fist Of Divine Speed,15.50,,,,PriceCharting
Fist Of Divine Speed Sleeved Booster Pack,35.45,35.45,24.82,24.82,One Piece,Pack,Fist Of Divine Speed,35.45,,,,PriceCharting
Japanese 500 Years In The Future Booster Pack,24.20,24.20,16.94,16.94,One Piece,Pack,Japanese 500 Years In The Future,24.20,,,,PriceCharting
Japanese Awakening Of The New Era Booster Pack,15.49,15.49,10.84,10.84,One Piece,Pack,Japanese Awakening Of The New Era,15.49,,,,PriceCharting
Japanese Carrying On His Will Booster Pack,19.75,19.75,13.82,13.82,One Piece,Pack,Japanese Carrying On His Will,19.75,,,,PriceCharting
Japanese Emperors In The New World Booster Pack,58.24,58.24,40.77,40.77,One Piece,Pack,Japanese Emperors In The New World,58.24,,,,PriceCharting
Japanese Extra Booster Anime 25th Collection Booster Pack,15.47,15.47,10.83,10.83,One Piece,Pack,Japanese Extra Booster Anime 25th Collection,15.47,,,,PriceCharting
Japanese Extra Booster Egghead Crisis Booster Pack,20.37,20.37,14.26,14.26,One Piece,Pack,Japanese Extra Booster Egghead Crisis,20.37,,,,PriceCharting
Japanese Extra Booster Heroines Edition Booster Pack,17.70,17.70,12.39,12.39,One Piece,Pack,Japanese Extra Booster Heroines Edition,17.70,,,,PriceCharting
Japanese Extra Booster Memorial Collection Booster Pack,7.07,7.07,4.95,4.95,One Piece,Pack,Japanese Extra Booster Memorial Collection,7.07,,,,PriceCharting
Japanese Fist Of Divine Speed Booster Pack,15.00,15.00,10.50,10.50,One Piece,Pack,Japanese Fist Of Divine Speed,15.00,,,,PriceCharting
Japanese Kingdoms Of Intrigue Booster Pack,0.99,0.99,0.69,0.69,One Piece,Pack,Japanese Kingdoms Of Intrigue,0.99,,,,PriceCharting
Japanese Legacy Of The Master Booster Pack,7.02,7.02,4.91,4.91,One Piece,Pack,Japanese Legacy Of The Master,7.02,,,,PriceCharting
Japanese Paramount War Booster Pack,3.50,3.50,2.45,2.45,One Piece,Pack,Japanese Paramount War,3.50,,,,PriceCharting
Japanese Pillars Of Strength Booster Pack,6.99,6.99,4.89,4.89,One Piece,Pack,Japanese Pillars Of Strength,6.99,,,,PriceCharting
Japanese Premium Booster Booster Pack,14.35,14.35,10.04,10.04,One Piece,Pack,Japanese Premium Booster,14.35,,,,PriceCharting
Japanese Premium Booster 2 Booster Pack,11.00,11.00,7.70,7.70,One Piece,Pack,Japanese Premium Booster 2,11.00,,,,PriceCharting
Japanese Promo 4th Anniversary Treasure Campaign Pack,5.00,5.00,3.50,3.50,One Piece,Pack,Japanese Promo,5.00,,,,PriceCharting
Japanese Promo McDonald's Promo Pack 2025,19.99,19.99,13.99,13.99,One Piece,Pack,Japanese Promo,19.99,,,,PriceCharting
Japanese Promo Sealed 3rd Anniversary Treasure Campaign Pack,69.49,69.49,48.64,48.64,One Piece,Pack,Japanese Promo,69.49,,,,PriceCharting
Japanese Promo Sealed Film Red Uta Promo Pack,18.05,18.05,12.63,12.63,One Piece,Pack,Japanese Promo,18.05,,,,PriceCharting
Japanese Promo Sealed Let's Get Started Campaign Promotion Pack,36.05,36.05,25.23,25.23,One Piece,Pack,Japanese Promo,36.05,,,,PriceCharting
Japanese Promo Sealed Pack [V Jump],62.00,62.00,43.40,43.40,One Piece,Pack,Japanese Promo,62.00,,,,PriceCharting
Japanese Promo Sealed Promotion Pack 2022,19.49,19.49,13.64,13.64,One Piece,Pack,Japanese Promo,19.49,,,,PriceCharting
Japanese Promo Sealed Promotion Pack EX Vol. 1,28.48,28.48,19.94,19.94,One Piece,Pack,Japanese Promo,28.48,,,,PriceCharting
Japanese Promo Sealed Promotion Pack EX Vol. 2,71.68,71.68,50.18,50.18,One Piece,Pack,Japanese Promo,71.68,,,,PriceCharting
Japanese Promo Sealed Promotion Pack EX Vol. 3,92.36,92.36,64.65,64.65,One Piece,Pack,Japanese Promo,92.36,,,,PriceCharting
Japanese Promo Sealed Promotion Pack EX Vol. 4,327.02,327.02,228.91,228.91,One Piece,Pack,Japanese Promo,327.02,,,,PriceCharting
Japanese Promo Sealed Promotion Pack Vol. 2,7.00,7.00,4.90,4.90,One Piece,Pack,Japanese Promo,7.00,,,,PriceCharting
Japanese Promo Sealed Promotion Pack Vol. 3,8.76,8.76,6.13,6.13,One Piece,Pack,Japanese Promo,8.76,,,,PriceCharting
Japanese Promo Sealed Promotion Pack Vol. 4,7.60,7.60,5.32,5.32,One Piece,Pack,Japanese Promo,7.60,,,,PriceCharting
Japanese Promo Sealed Promotion Pack Vol. 5,4.39,4.39,3.07,3.07,One Piece,Pack,Japanese Promo,4.39,,,,PriceCharting
Japanese Promo Sealed Promotion Pack Vol. 6,6.07,6.07,4.25,4.25,One Piece,Pack,Japanese Promo,6.07,,,,PriceCharting
Japanese Promo Sealed Promotion Pack Vol. 7,4.86,4.86,3.40,3.40,One Piece,Pack,Japanese Promo,4.86,,,,PriceCharting
Japanese Promo Sealed Promotion Pack Vol. 8,26.00,26.00,18.20,18.20,One Piece,Pack,Japanese Promo,26.00,,,,PriceCharting
Japanese Promo Sealed Promotion Pack Vol. 9,37.44,37.44,26.21,26.21,One Piece,Pack,Japanese Promo,37.44,,,,PriceCharting
Japanese Promo Sealed Round 1 Pack,38.48,38.48,26.94,26.94,One Piece,Pack,Japanese Promo,38.48,,,,PriceCharting
Japanese Promo Sealed Standard Battle Pack Vol. 12,3.85,3.85,2.69,2.69,One Piece,Pack,Japanese Promo,3.85,,,,PriceCharting
Japanese Promo Sealed Standard Battle Pack Vol. 13,4.88,4.88,3.42,3.42,One Piece,Pack,Japanese Promo,4.88,,,,PriceCharting
Japanese Promo Sealed Standard Battle Pack Vol. 16,10.50,10.50,7.35,7.35,One Piece,Pack,Japanese Promo,10.50,,,,PriceCharting
Japanese Promo Sealed Top Strongest Pack,40.00,40.00,28.00,28.00,One Piece,Pack,Japanese Promo,40.00,,,,PriceCharting
Japanese Promo Sealed Tournament Pack Vol. 4,4.04,4.04,2.83,2.83,One Piece,Pack,Japanese Promo,4.04,,,,PriceCharting
Japanese Promo Sealed Tournament Pack Vol. 5,7.77,7.77,5.44,5.44,One Piece,Pack,Japanese Promo,7.77,,,,PriceCharting
Japanese Promo Strongest Three Brothers Pack,98.33,98.33,68.83,68.83,One Piece,Pack,Japanese Promo,98.33,,,,PriceCharting
Japanese Romance Dawn Booster Pack,5.51,5.51,3.86,3.86,One Piece,Pack,Japanese Romance Dawn,5.51,,,,PriceCharting
Japanese Royal Blood Booster Pack,8.00,8.00,5.60,5.60,One Piece,Pack,Japanese Royal Blood,8.00,,,,PriceCharting
Japanese The Time Of Battle Booster Pack,18.63,18.63,13.04,13.04,One Piece,Pack,Japanese The Time Of Battle,18.63,,,,PriceCharting
Japanese Two Legends Booster Pack,57.03,57.03,39.92,39.92,One Piece,Pack,Japanese Two Legends,57.03,,,,PriceCharting
Japanese Ultra Deck The Three Brothers Bonus Pack,37.19,37.19,26.03,26.03,One Piece,Pack,Japanese Ultra Deck The Three Brothers,37.19,,,,PriceCharting
Japanese Wings Of The Captain Booster Pack,1.46,1.46,1.02,1.02,One Piece,Pack,Japanese Wings Of The Captain,1.46,,,,PriceCharting
Kingdoms of Intrigue - Booster Pack,49.99,14.99,10.49,10.49,One Piece,Pack,Kingdoms of Intrigue,49.99,14.15,,14.99,PriceCharting + TCGplayer
Kingdoms of Intrigue - Dash Pack,0.45,4.96,3.47,3.47,One Piece,Pack,Kingdoms of Intrigue,0.45,4.96,,4.99,PriceCharting + TCGplayer
Kingdoms of Intrigue - Sleeved Booster Pack,50.50,50.50,35.35,35.35,One Piece,Pack,Kingdoms of Intrigue,50.50,50.11,,65.00,PriceCharting + TCGplayer
Kingdoms Of Intrigue Double Pack DP-01,72.00,72.00,50.40,50.40,One Piece,Pack,Kingdoms Of Intrigue,72.00,,,,PriceCharting
Kingdoms of Intrigue Pre-Release Pack,18.99,18.99,13.29,13.29,One Piece,Pack,Kingdoms Of Intrigue,18.99,,,,PriceCharting
Special DON!! Card Pack DP-01,15.29,12.64,8.85,8.85,One Piece,Pack,Kingdoms of Intrigue,,15.29,,9.99,TCGplayer
Kingdoms of Intrigue - Pre-Release Pack,30.74,24.86,17.41,17.41,One Piece,Pack,Kingdoms of Intrigue Pre-Release Cards,,30.74,,18.99,TCGplayer
Legacy of the Master - Sleeved Booster Pack,16.23,16.23,11.36,11.36,One Piece,Pack,Legacy of the Master,16.23,16.18,,17.99,PriceCharting + TCGplayer
Legacy of the Master Booster Pack,8.63,8.59,6.01,6.01,One Piece,Pack,Legacy of the Master,8.63,8.59,,5.50,PriceCharting + TCGplayer
Legacy Of The Master Double Pack DP-08,36.44,36.44,25.51,25.51,One Piece,Pack,Legacy Of The Master,36.44,,,,PriceCharting
Special DON!! Card Pack DP-08,4.09,3.54,2.48,2.48,One Piece,Pack,Legacy of the Master,,4.09,,2.99,TCGplayer
Legacy of the Master - Release Event Pack,5.24,5.24,3.67,3.67,One Piece,Pack,Legacy of the Master Release Event Cards,,5.24,,5.24,TCGplayer
1st Anniversary DON!! Card Pack,34.93,37.45,26.22,26.22,One Piece,Pack,One Piece Promotion Cards,,34.93,,39.98,TCGplayer
3rd Anniversary One Piece Card Game Treasure Campaign Pack,42.82,35.41,24.78,24.78,One Piece,Pack,One Piece Promotion Cards,,42.82,,27.99,TCGplayer
4th Anniversary One Piece Card Game Treasure Campaign Pack,5.00,3.50,2.45,2.45,One Piece,Pack,One Piece Promotion Cards,,5.00,,2.00,TCGplayer
CS 2024 Celebration Pack,500.00,500.00,350.00,350.00,One Piece,Pack,One Piece Promotion Cards,,,,500.00,TCGplayer
CS 2024 Event Pack,662.40,669.17,468.42,468.42,One Piece,Pack,One Piece Promotion Cards,,662.40,,675.95,TCGplayer
CS 25-26 Celebration Pack,90.00,295.00,206.50,206.50,One Piece,Pack,One Piece Promotion Cards,,90.00,,500.00,TCGplayer
CS 25-26 Event Pack,159.12,204.56,143.19,143.19,One Piece,Pack,One Piece Promotion Cards,,159.12,,250.00,TCGplayer
CS 26-27 Celebration Pack,698.49,698.49,488.94,488.94,One Piece,Pack,One Piece Promotion Cards,,,,698.49,TCGplayer
CS 26-27 Event Pack,139.99,139.99,97.99,97.99,One Piece,Pack,One Piece Promotion Cards,,,,139.99,TCGplayer
CS 26-27 Top Player Pack Vol. 1,700.00,700.00,490.00,490.00,One Piece,Pack,One Piece Promotion Cards,,,,700.00,TCGplayer
Dash Pack 2025,53.43,49.21,34.45,34.45,One Piece,Pack,One Piece Promotion Cards,,53.43,,44.99,TCGplayer
DON!! Card Pack Vol. 1,70.98,60.48,42.34,42.34,One Piece,Pack,One Piece Promotion Cards,,70.98,,49.99,TCGplayer
DON!! Card Pack Vol. 2,99.99,99.99,69.99,69.99,One Piece,Pack,One Piece Promotion Cards,,,,99.99,TCGplayer
Event Pack Vol. 1,44.99,46.95,32.86,32.86,One Piece,Pack,One Piece Promotion Cards,,44.99,,48.90,TCGplayer
Event Pack Vol. 2,137.61,166.30,116.41,116.41,One Piece,Pack,One Piece Promotion Cards,,137.61,,194.98,TCGplayer
Event Pack Vol. 3,48.96,48.23,33.76,33.76,One Piece,Pack,One Piece Promotion Cards,,48.96,,47.50,TCGplayer
Event Pack Vol. 4,4.21,4.05,2.84,2.84,One Piece,Pack,One Piece Promotion Cards,,4.21,,3.90,TCGplayer
Event Pack Vol. 5,59.42,379.71,265.80,265.80,One Piece,Pack,One Piece Promotion Cards,,59.42,,700.00,TCGplayer
Event Pack Vol. 6,3.50,2.75,1.92,1.92,One Piece,Pack,One Piece Promotion Cards,,3.50,,2.00,TCGplayer
Event Pack Vol. 7,14.08,13.73,9.61,9.61,One Piece,Pack,One Piece Promotion Cards,,14.08,,13.39,TCGplayer
Event Pack Vol. 8,42.40,32.95,23.07,23.07,One Piece,Pack,One Piece Promotion Cards,,42.40,,23.51,TCGplayer
Event Pack Vol. 9,29.04,23.24,16.27,16.27,One Piece,Pack,One Piece Promotion Cards,,29.04,,17.45,TCGplayer
Heroines Battle Pack,9.93,9.42,6.59,6.59,One Piece,Pack,One Piece Promotion Cards,,9.93,,8.91,TCGplayer
Judge Pack Vol. 1,28.16,24.07,16.85,16.85,One Piece,Pack,One Piece Promotion Cards,,28.16,,19.99,TCGplayer
Judge Pack Vol. 2,33.63,27.45,19.21,19.21,One Piece,Pack,One Piece Promotion Cards,,33.63,,21.26,TCGplayer
Judge Pack Vol. 3,12.94,9.71,6.79,6.79,One Piece,Pack,One Piece Promotion Cards,,12.94,,6.47,TCGplayer
Judge Pack Vol. 4,8.06,8.23,5.76,5.76,One Piece,Pack,One Piece Promotion Cards,,8.06,,8.40,TCGplayer
Judge Pack Vol. 5,9.09,8.82,6.17,6.17,One Piece,Pack,One Piece Promotion Cards,,9.09,,8.55,TCGplayer
Judge Pack Vol. 6,17.00,13.00,9.10,9.10,One Piece,Pack,One Piece Promotion Cards,,17.00,,9.00,TCGplayer
Judge Pack Vol. 7,6.01,4.70,3.29,3.29,One Piece,Pack,One Piece Promotion Cards,,6.01,,3.38,TCGplayer
Judge Pack Vol. 8,20.00,20.00,14.00,14.00,One Piece,Pack,One Piece Promotion Cards,,20.00,,20.00,TCGplayer
Offline Regional Participation Pack 2024 Vol. 1,39.04,42.02,29.41,29.41,One Piece,Pack,One Piece Promotion Cards,,39.04,,44.99,TCGplayer
Offline Regional Participation Pack 2024 Vol. 2,96.67,93.83,65.68,65.68,One Piece,Pack,One Piece Promotion Cards,,96.67,,90.99,TCGplayer
Offline Regional Participation Pack 2024 Vol. 3,50.00,500.00,350.00,350.00,One Piece,Pack,One Piece Promotion Cards,,50.00,,950.00,TCGplayer
Offline Regional Participation Pack 2025 Vol. 1,42.00,43.50,30.45,30.45,One Piece,Pack,One Piece Promotion Cards,,42.00,,45.00,TCGplayer
Offline Regional Participation Pack 2025 Vol. 2,39.55,54.77,38.34,38.34,One Piece,Pack,One Piece Promotion Cards,,39.55,,69.99,TCGplayer
Offline Regional Participation Pack Vol. 2,200.00,200.00,140.00,140.00,One Piece,Pack,One Piece Promotion Cards,,,,200.00,TCGplayer
One Piece Film Red Uta Promo Pack,29.85,23.93,16.75,16.75,One Piece,Pack,One Piece Promotion Cards,,29.85,,18.00,TCGplayer
Online Regional Participation Pack 2024 Vol. 1,1000.00,1000.00,700.00,700.00,One Piece,Pack,One Piece Promotion Cards,,,,1000.00,TCGplayer
Online Regional Participation Pack 2024 Vol. 2,148.99,148.99,104.29,104.29,One Piece,Pack,One Piece Promotion Cards,,,,148.99,TCGplayer
Online Regional Participation Pack 2024 Vol. 3,169.99,585.00,409.50,409.50,One Piece,Pack,One Piece Promotion Cards,,169.99,,1000.00,TCGplayer
Online Regional Participation Pack 2025 Vol. 1,149.99,149.99,104.99,104.99,One Piece,Pack,One Piece Promotion Cards,,,,149.99,TCGplayer
Online Regional Participation Pack 2025 Vol.2,60.50,129.75,90.82,90.82,One Piece,Pack,One Piece Promotion Cards,,60.50,,199.00,TCGplayer
Promotion Pack 2022,62.17,51.08,35.76,35.76,One Piece,Pack,One Piece Promotion Cards,,62.17,,39.99,TCGplayer
Promotion Pack 2023 Vol. 1,13.79,11.89,8.33,8.33,One Piece,Pack,One Piece Promotion Cards,,13.79,,10.00,TCGplayer
Round 1 Promotion Pack,29.02,27.01,18.91,18.91,One Piece,Pack,One Piece Promotion Cards,,29.02,,25.00,TCGplayer
ST15 - ST20 Release Event Pack,9.45,9.21,6.45,6.45,One Piece,Pack,One Piece Promotion Cards,,9.45,,8.97,TCGplayer
Store Championship 2023 Participation Pack Vol.1,149.99,132.49,92.74,92.74,One Piece,Pack,One Piece Promotion Cards,,149.99,,114.99,TCGplayer
Tournament Pack 2024 Oct.-Dec.,2.09,2.01,1.41,1.41,One Piece,Pack,One Piece Promotion Cards,,2.09,,1.94,TCGplayer
Tournament Pack 2025 Vol. 1,1.74,1.36,0.96,0.96,One Piece,Pack,One Piece Promotion Cards,,1.74,,0.99,TCGplayer
Tournament Pack 2025 Vol. 2,1.83,1.83,1.28,1.28,One Piece,Pack,One Piece Promotion Cards,,1.83,,1.83,TCGplayer
Tournament Pack 2025 Vol. 3,1.96,1.63,1.14,1.14,One Piece,Pack,One Piece Promotion Cards,,1.96,,1.30,TCGplayer
Tournament Pack 2025 Vol. 4,1.72,1.46,1.02,1.02,One Piece,Pack,One Piece Promotion Cards,,1.72,,1.19,TCGplayer
Tournament Pack 2026 Vol. 1,2.11,1.55,1.09,1.09,One Piece,Pack,One Piece Promotion Cards,,2.11,,1.00,TCGplayer
Tournament Pack 2026 Vol. 2,2.34,2.04,1.43,1.43,One Piece,Pack,One Piece Promotion Cards,,2.34,,1.75,TCGplayer
Tournament Pack 2026 Vol. 3,1.37,1.18,0.83,0.83,One Piece,Pack,One Piece Promotion Cards,,1.37,,0.99,TCGplayer
Tournament Pack Vol. 1,16.00,15.47,10.83,10.83,One Piece,Pack,One Piece Promotion Cards,,16.00,,14.95,TCGplayer
Tournament Pack Vol. 2,5.26,4.36,3.05,3.05,One Piece,Pack,One Piece Promotion Cards,,5.26,,3.46,TCGplayer
Tournament Pack Vol. 3,5.28,5.14,3.60,3.60,One Piece,Pack,One Piece Promotion Cards,,5.28,,5.00,TCGplayer
Tournament Pack Vol. 4,2.85,2.79,1.96,1.96,One Piece,Pack,One Piece Promotion Cards,,2.85,,2.74,TCGplayer
Tournament Pack Vol. 5,6.36,5.68,3.97,3.97,One Piece,Pack,One Piece Promotion Cards,,6.36,,4.99,TCGplayer
Tournament Pack Vol. 6,2.38,2.31,1.62,1.62,One Piece,Pack,One Piece Promotion Cards,,2.38,,2.25,TCGplayer
Tournament Pack Vol. 7,1.62,1.31,0.91,0.91,One Piece,Pack,One Piece Promotion Cards,,1.62,,0.99,TCGplayer
Welcome Pack 2026 Vol.1,6.66,5.48,3.84,3.84,One Piece,Pack,One Piece Promotion Cards,,6.66,,4.31,TCGplayer
Welcome Pack Vol. 1,3.16,2.72,1.90,1.90,One Piece,Pack,One Piece Promotion Cards,,3.16,,2.28,TCGplayer
Welcome Pack Vol. 2,7.16,6.08,4.26,4.26,One Piece,Pack,One Piece Promotion Cards,,7.16,,5.00,TCGplayer
Winner Pack 2024 Oct.-Dec.,22.72,22.72,15.90,15.90,One Piece,Pack,One Piece Promotion Cards,,22.72,,22.72,TCGplayer
Winner Pack 2025 Vol. 1,20.38,20.18,14.13,14.13,One Piece,Pack,One Piece Promotion Cards,,20.38,,19.99,TCGplayer
Winner Pack 2025 Vol. 2,12.04,12.02,8.41,8.41,One Piece,Pack,One Piece Promotion Cards,,12.04,,11.99,TCGplayer
Winner Pack 2025 Vol. 3,25.89,24.45,17.11,17.11,One Piece,Pack,One Piece Promotion Cards,,25.89,,23.00,TCGplayer
Winner Pack 2025 Vol. 4,9.28,8.77,6.14,6.14,One Piece,Pack,One Piece Promotion Cards,,9.28,,8.25,TCGplayer
Winner Pack 2026 Vol. 1,8.39,8.25,5.77,5.77,One Piece,Pack,One Piece Promotion Cards,,8.39,,8.11,TCGplayer
Winner Pack 2026 Vol. 2,49.15,35.30,24.71,24.71,One Piece,Pack,One Piece Promotion Cards,,49.15,,21.46,TCGplayer
Winner Pack 2026 Vol. 3,22.37,18.68,13.08,13.08,One Piece,Pack,One Piece Promotion Cards,,22.37,,14.99,TCGplayer
Winner Pack Vol. 1,98.66,124.33,87.03,87.03,One Piece,Pack,One Piece Promotion Cards,,98.66,,149.99,TCGplayer
Winner Pack Vol. 2,27.00,24.50,17.15,17.15,One Piece,Pack,One Piece Promotion Cards,,27.00,,22.00,TCGplayer
Winner Pack Vol. 3,90.56,85.28,59.70,59.70,One Piece,Pack,One Piece Promotion Cards,,90.56,,80.00,TCGplayer
Winner Pack Vol. 4,32.05,33.52,23.46,23.46,One Piece,Pack,One Piece Promotion Cards,,32.05,,34.99,TCGplayer
Winner Pack Vol. 5,42.17,46.00,32.20,32.20,One Piece,Pack,One Piece Promotion Cards,,42.17,,49.83,TCGplayer
Winner Pack Vol. 6,16.39,16.14,11.30,11.30,One Piece,Pack,One Piece Promotion Cards,,16.39,,15.90,TCGplayer
Winner Pack Vol. 7,12.02,11.47,8.03,8.03,One Piece,Pack,One Piece Promotion Cards,,12.02,,10.93,TCGplayer
Paramount War - Booster Pack,32.50,25.26,17.68,17.68,One Piece,Pack,Paramount War,32.50,25.26,,13.75,PriceCharting + TCGplayer
Paramount War - Sleeved Booster Pack,32.52,32.17,22.52,22.52,One Piece,Pack,Paramount War,32.52,31.86,,32.17,PriceCharting + TCGplayer
Paramount War Pre-Release Pack,13.87,13.87,9.71,9.71,One Piece,Pack,Paramount War,13.87,,,,PriceCharting
Revision Pack,8.80,8.80,6.16,6.16,One Piece,Pack,Paramount War,8.80,9.27,,3.00,PriceCharting + TCGplayer
Paramount War - Pre-Release Pack,50.43,45.21,31.65,31.65,One Piece,Pack,Paramount War Pre-Release Cards,,50.43,,39.99,TCGplayer
Pillars of Strength - Booster Pack,35.28,13.20,9.24,9.24,One Piece,Pack,Pillars of Strength,35.28,13.20,,9.99,PriceCharting + TCGplayer
Pillars of Strength - Sleeved Booster Pack,35.72,37.38,26.17,26.17,One Piece,Pack,Pillars of Strength,35.72,37.38,,49.97,PriceCharting + TCGplayer
Pillars of Strength Pre-Release Pack,18.19,18.19,12.73,12.73,One Piece,Pack,Pillars Of Strength,18.19,,,,PriceCharting
Pillars of Strength - Pre-Release Pack,19.18,17.58,12.31,12.31,One Piece,Pack,Pillars of Strength Pre-Release Cards,,19.18,,15.98,TCGplayer
Premium Booster Pack [PRB01],32.38,32.38,22.67,22.67,One Piece,Pack,Premium Booster,32.38,,,,PriceCharting
Premium Booster Sleeved Booster Pack,55.10,55.10,38.57,38.57,One Piece,Pack,Premium Booster,55.10,,,,PriceCharting
Premium Booster - Booster Pack,32.82,31.41,21.98,21.98,One Piece,Pack,Premium Booster -The Best-,,32.82,,29.99,TCGplayer
Premium Booster - Sleeved Booster Pack,56.57,55.45,38.81,38.81,One Piece,Pack,Premium Booster -The Best-,,56.57,,54.32,TCGplayer
Premium Booster Vol. 2 - Booster Pack,13.11,11.05,7.74,7.74,One Piece,Pack,Premium Booster -The Best- Vol. 2,,13.11,,8.99,TCGplayer
Premium Booster Vol. 2 - Sleeved Booster Pack,26.63,26.63,18.64,18.64,One Piece,Pack,Premium Booster -The Best- Vol. 2,,26.63,,26.63,TCGplayer
Premium Booster 2 Booster Pack,27.67,27.67,19.37,19.37,One Piece,Pack,Premium Booster 2,27.67,,,,PriceCharting
Premium Booster 2 Sleeved Booster Pack,27.65,27.65,19.35,19.35,One Piece,Pack,Premium Booster 2,27.65,,,,PriceCharting
Promo Double Pack [DP-07],73.36,73.36,51.35,51.35,One Piece,Pack,Promo,73.36,,,,PriceCharting
Promo Monkey.D.Luffy 3rd Anniversary Winner Sealed Pack,39.99,39.99,27.99,27.99,One Piece,Pack,Promo,39.99,,,,PriceCharting
Promo Sealed Event Pack Vol. 1,25.00,25.00,17.50,17.50,One Piece,Pack,Promo,25.00,,,,PriceCharting
Promo Sealed Event Pack Vol. 2,21.66,21.66,15.16,15.16,One Piece,Pack,Promo,21.66,,,,PriceCharting
Promo Sealed Event Pack Vol. 5,55.98,55.98,39.19,39.19,One Piece,Pack,Promo,55.98,,,,PriceCharting
Promo Sealed Film Red Uta Promo Pack,26.49,26.49,18.54,18.54,One Piece,Pack,Promo,26.49,,,,PriceCharting
Promo Sealed Judge Pack Vol. 1,8.50,8.50,5.95,5.95,One Piece,Pack,Promo,8.50,,,,PriceCharting
Promo Sealed Promotion Pack 2022,48.99,48.99,34.29,34.29,One Piece,Pack,Promo,48.99,,,,PriceCharting
Promo Sealed Promotion Pack 2023,100.00,100.00,70.00,70.00,One Piece,Pack,Promo,100.00,,,,PriceCharting
Promo Sealed Round 1 Pack,50.00,50.00,35.00,35.00,One Piece,Pack,Promo,50.00,,,,PriceCharting
Promo Sealed Tournament Pack Vol. 1,27.14,27.14,19.00,19.00,One Piece,Pack,Promo,27.14,,,,PriceCharting
Promo Sealed Tournament Pack Vol. 2,12.39,12.39,8.67,8.67,One Piece,Pack,Promo,12.39,,,,PriceCharting
Promo Sealed Tournament Pack Vol. 3,9.66,9.66,6.76,6.76,One Piece,Pack,Promo,9.66,,,,PriceCharting
Promo Sealed Tournament Pack Vol. 4,18.34,18.34,12.84,12.84,One Piece,Pack,Promo,18.34,,,,PriceCharting
Promo Sealed Tournament Pack Vol. 5,9.50,9.50,6.65,6.65,One Piece,Pack,Promo,9.50,,,,PriceCharting
Promo Sealed Winner Pack Vol. 1,15.45,15.45,10.81,10.81,One Piece,Pack,Promo,15.45,,,,PriceCharting
Promo Sealed Winner Pack Vol. 2,31.00,31.00,21.70,21.70,One Piece,Pack,Promo,31.00,,,,PriceCharting
Promo Sealed Winner Pack Vol. 3,20.82,20.82,14.57,14.57,One Piece,Pack,Promo,20.82,,,,PriceCharting
Promo Sealed Winner Pack Vol. 4,20.98,20.98,14.69,14.69,One Piece,Pack,Promo,20.98,,,,PriceCharting
Promo Sealed Winner Pack Vol. 5,30.00,30.00,21.00,21.00,One Piece,Pack,Promo,30.00,,,,PriceCharting
Romance Dawn - Booster Pack,67.97,67.39,47.17,47.17,One Piece,Pack,Romance Dawn,67.97,67.39,,21.00,PriceCharting + TCGplayer
Romance Dawn - Sleeved Booster Pack,140.91,140.91,98.64,98.64,One Piece,Pack,Romance Dawn,140.91,147.33,,139.00,PriceCharting + TCGplayer
Royal Blood - Sleeved Booster Pack,9.84,9.84,6.89,6.89,One Piece,Pack,Royal Blood,9.84,9.84,,9.84,PriceCharting + TCGplayer
Royal Blood Booster Pack,10.12,9.99,6.99,6.99,One Piece,Pack,Royal Blood,10.12,9.99,,6.99,PriceCharting + TCGplayer
Royal Blood - Release Event Pack,7.79,7.35,5.14,5.14,One Piece,Pack,Royal Blood Release Event Cards,,7.79,,6.90,TCGplayer
Starter Deck 29 Egghead Sealed Bonus Pack,28.05,28.05,19.63,19.63,One Piece,Pack,Starter Deck 29 Egghead,28.05,,,,PriceCharting
Special DON!! Card Pack DP-09,4.71,4.11,2.87,2.87,One Piece,Pack,The Azure Sea's Seven,,4.71,,3.50,TCGplayer
The Azure Sea's Seven - Dash Pack,2.60,2.29,1.61,1.61,One Piece,Pack,The Azure Sea's Seven,,2.60,,1.99,TCGplayer
The Azure Sea's Seven Booster Pack,8.37,7.68,5.38,5.38,One Piece,Pack,The Azure Sea's Seven,,8.37,,6.99,TCGplayer
The Azure Sea's Seven Sleeved Booster Pack,13.20,12.10,8.47,8.47,One Piece,Pack,The Azure Sea's Seven,,13.20,,11.00,TCGplayer
The Azure Sea's Seven - Release Event Pack,5.18,5.18,3.63,3.63,One Piece,Pack,The Azure Sea's Seven Release Event Cards,,5.18,,5.18,TCGplayer
The Dominance of God Booster Pack,24.95,24.95,17.46,17.46,One Piece,Pack,The Dominance of God,,24.95,,24.95,TCGplayer
The Dominance of God Sleeved Booster Pack,39.99,39.99,27.99,27.99,One Piece,Pack,The Dominance of God,,,,39.99,TCGplayer
Special DON!! Card Pack DP-11,5.82,5.29,3.70,3.70,One Piece,Pack,The Time of Battle,,5.82,,4.75,TCGplayer
The Time of Battle Booster Pack,7.63,6.91,4.84,4.84,One Piece,Pack,The Time of Battle,7.63,6.91,,6.00,PriceCharting + TCGplayer
The Time Of Battle Sealed Double Pack,29.55,29.55,20.68,20.68,One Piece,Pack,The Time Of Battle,29.55,,,,PriceCharting
The Time of Battle Sleeved Booster Pack,10.94,10.25,7.17,7.17,One Piece,Pack,The Time of Battle,10.94,10.25,,9.25,PriceCharting + TCGplayer
The Time of Battle - Release Event Pack,6.58,6.17,4.32,4.32,One Piece,Pack,The Time of Battle Release Event Cards,,6.58,,5.75,TCGplayer
The World's Strongest Warriors Booster Pack,8.89,8.19,5.73,5.73,One Piece,Pack,The World's Strongest Warriors,,8.89,,7.49,TCGplayer
The World's Strongest Warriors Sleeved Booster Pack,14.38,12.19,8.53,8.53,One Piece,Pack,The World's Strongest Warriors,,14.38,,10.00,TCGplayer
The World's Strongest Warriors - 4th Anniversary Tournament Pack,6.50,5.75,4.02,4.02,One Piece,Pack,The World's Strongest Warriors Release Event Cards,,6.50,,5.00,TCGplayer
Special DON!! Card Pack DP-05,6.19,5.85,4.09,4.09,One Piece,Pack,Two Legends,,6.19,,5.50,TCGplayer
Two Legends - Booster Pack,8.78,8.78,6.15,6.15,One Piece,Pack,Two Legends,8.78,8.84,,5.78,PriceCharting + TCGplayer
Two Legends - Sleeved Booster Pack,16.77,16.77,11.74,11.74,One Piece,Pack,Two Legends,16.77,16.73,,16.77,PriceCharting + TCGplayer
Two Legends Double Pack DP-05,50.55,50.55,35.38,35.38,One Piece,Pack,Two Legends,50.55,,,,PriceCharting
Two Legends Pre-Release Pack,6.57,6.57,4.60,4.60,One Piece,Pack,Two Legends,6.57,,,,PriceCharting
Two Legends - Pre-Release Pack,6.25,6.12,4.28,4.28,One Piece,Pack,Two Legends Pre-Release Cards,,6.25,,5.99,TCGplayer
Ultra Deck The Three Brothers Bonus Pack,37.50,37.50,26.25,26.25,One Piece,Pack,Ultra Deck The Three Brothers,37.50,,,,PriceCharting
Special DON!! Card Pack DP-03,3.80,3.40,2.38,2.38,One Piece,Pack,Wings of the Captain,,3.80,,3.01,TCGplayer
Wings of the Captain - Booster Pack,20.57,14.13,9.89,9.89,One Piece,Pack,Wings of the Captain,20.57,14.13,,12.98,PriceCharting + TCGplayer
Wings of the Captain - Sleeved Booster Pack,24.99,25.36,17.75,17.75,One Piece,Pack,Wings of the Captain,24.99,25.36,,29.73,PriceCharting + TCGplayer
Wings Of The Captain Double Pack DP-03,66.00,66.00,46.20,46.20,One Piece,Pack,Wings Of The Captain,66.00,,,,PriceCharting
Wings of the Captain - Pre-Release Pack,5.66,5.78,4.05,4.05,One Piece,Pack,Wings of the Captain Pre-Release Cards,,5.66,,5.90,TCGplayer
1999 Topps Movie Booster Box,1957.58,1957.58,1370.31,1370.31,Pokemon,Box,1999 Topps Movie,1957.58,,,,PriceCharting
1999 Topps Movie Booster Box [Black Logo],712.86,712.86,499.00,499.00,Pokemon,Box,1999 Topps Movie,712.86,,,,PriceCharting
1999 Topps Tv Booster Box,2225.00,2225.00,1557.50,1557.50,Pokemon,Box,1999 Topps Tv,2225.00,,,,PriceCharting
2000 Topps Tv Booster Box [Series 2],3349.00,3349.00,2344.30,2344.30,Pokemon,Box,2000 Topps Tv,3349.00,,,,PriceCharting
2000 Topps Tv Booster Box [Series 3],5400.00,5400.00,3780.00,3780.00,Pokemon,Box,2000 Topps Tv,5400.00,,,,PriceCharting
Ancient Origins Booster Box,6700.00,6700.00,4690.00,4690.00,Pokemon,Box,Ancient Origins,6700.00,,,,PriceCharting
Aquapolis Booster Box,13766.70,13766.70,9636.69,9636.69,Pokemon,Box,Aquapolis,13766.70,,,,PriceCharting
Arceus Booster Box,332.50,332.50,232.75,232.75,Pokemon,Box,Arceus,332.50,,,,PriceCharting + TCGplayer
Ascended Heroes Booster Bundle Display Box,1402.54,1402.54,981.78,981.78,Pokemon,Box,Ascended Heroes,1402.54,,,,PriceCharting
Astral Radiance Build & Battle Display Box,407.22,407.22,285.05,285.05,Pokemon,Box,Astral Radiance,407.22,,,,PriceCharting
Base Set Booster Box,38750.00,38750.00,27125.00,27125.00,Pokemon,Box,Base Set,38750.00,,,,PriceCharting
Base Set Booster Box [1st Edition],13195.38,13195.38,9236.77,9236.77,Pokemon,Box,Base Set,13195.38,,,,PriceCharting
Base Set Booster Box [Revised Unlimited Edition],100000.00,100000.00,70000.00,70000.00,Pokemon,Box,Base Set,,,100000.00,100000.00,TCGplayer
Base Set 2 Booster Box,18902.07,18902.07,13231.45,13231.45,Pokemon,Box,Base Set 2,18902.07,,,,PriceCharting + TCGplayer
Black Bolt Booster Bundle Display Box,1557.45,1557.45,1090.21,1090.21,Pokemon,Box,Black Bolt,1557.45,,,,PriceCharting
Boundaries Crossed Booster Box,10557.60,10557.60,7390.32,7390.32,Pokemon,Box,Boundaries Crossed,10557.60,,,,PriceCharting + TCGplayer
Breakpoint Booster Box,2499.00,2499.00,1749.30,1749.30,Pokemon,Box,Breakpoint,2499.00,,,,PriceCharting
Breakthrough Booster Box,3300.00,3300.00,2310.00,2310.00,Pokemon,Box,Breakthrough,3300.00,,,,PriceCharting
Brilliant Stars Build & Battle Display Box,592.70,592.70,414.89,414.89,Pokemon,Box,Brilliant Stars,592.70,,,,PriceCharting
Burning Shadows Booster Box [Prerelease],59.99,59.99,41.99,41.99,Pokemon,Box,Burning Shadows,59.99,,,,PriceCharting
Call of Legends Booster Box,9625.00,9625.00,6737.50,6737.50,Pokemon,Box,Call of Legends,9625.00,,,,PriceCharting + TCGplayer
Chaos Rising Booster Box,186.90,186.90,130.83,130.83,Pokemon,Box,Chaos Rising,186.90,,,,PriceCharting
Chaos Rising Half Booster Box,111.55,111.55,78.08,78.08,Pokemon,Box,Chaos Rising,111.55,,,,PriceCharting
Chilling Reign Build & Battle Display Box,630.00,630.00,441.00,441.00,Pokemon,Box,Chilling Reign,630.00,,,,PriceCharting
Chinese 151 Collect Booster Box,50.48,50.48,35.34,35.34,Pokemon,Box,Chinese 151 Collect,50.48,,,,PriceCharting
Chinese 151 Collect Booster Box [Surprise Jumbo],88.22,88.22,61.75,61.75,Pokemon,Box,Chinese 151 Collect,88.22,,,,PriceCharting
Chinese 151 Collect Booster Box [Surprise Slim],46.70,46.70,32.69,32.69,Pokemon,Box,Chinese 151 Collect,46.70,,,,PriceCharting
Chinese 151 Collect Booster Box [Volume 4],43.39,43.39,30.37,30.37,Pokemon,Box,Chinese 151 Collect,43.39,,,,PriceCharting
Chinese 151 Collect Slim Booster Box: Hope,44.99,44.99,31.49,31.49,Pokemon,Box,Chinese 151 Collect,44.99,,,,PriceCharting
Chinese Csv10c Jumbo Booster Box,60.99,60.99,42.69,42.69,Pokemon,Box,Chinese Csv10c,60.99,,,,PriceCharting
Chinese Csv10c Slim Booster Box,32.68,32.68,22.88,22.88,Pokemon,Box,Chinese Csv10c,32.68,,,,PriceCharting
Chinese Csv4c Booster Box [Jumbo],60.98,60.98,42.69,42.69,Pokemon,Box,Chinese Csv4c,60.98,,,,PriceCharting
Chinese Csv4c Booster Box [Slim],33.24,33.24,23.27,23.27,Pokemon,Box,Chinese Csv4c,33.24,,,,PriceCharting
Chinese Csv5c Jumbo Booster Box,46.99,46.99,32.89,32.89,Pokemon,Box,Chinese Csv5c,46.99,,,,PriceCharting
Chinese Csv5c Slim Booster Box,30.64,30.64,21.45,21.45,Pokemon,Box,Chinese Csv5c,30.64,,,,PriceCharting
Chinese Csv6c Jumbo Booster Box,36.99,36.99,25.89,25.89,Pokemon,Box,Chinese Csv6c,36.99,,,,PriceCharting
Chinese Csv7c Jumbo Booster Box,50.87,50.87,35.61,35.61,Pokemon,Box,Chinese Csv7c,50.87,,,,PriceCharting
Chinese Csv8c Jumbo Booster Box,29.01,29.01,20.31,20.31,Pokemon,Box,Chinese Csv8c,29.01,,,,PriceCharting
Chinese Csv9c Booster Box,40.31,40.31,28.22,28.22,Pokemon,Box,Chinese Csv9c,40.31,,,,PriceCharting
Chinese Gem Pack Sealed Booster Box,102.50,102.50,71.75,71.75,Pokemon,Box,Chinese Gem Pack,102.50,,,,PriceCharting
Chinese Gem Pack 2 Booster Box,67.19,67.19,47.03,47.03,Pokemon,Box,Chinese Gem Pack 2,67.19,,,,PriceCharting
Chinese Gem Pack 3 Booster Box,66.55,66.55,46.58,46.58,Pokemon,Box,Chinese Gem Pack 3,66.55,,,,PriceCharting
Chinese Gem Pack 4 Booster Box,29.08,29.08,20.36,20.36,Pokemon,Box,Chinese Gem Pack 4,29.08,,,,PriceCharting
Chinese Gem Pack 5 Booster Box,45.50,45.50,31.85,31.85,Pokemon,Box,Chinese Gem Pack 5,45.50,,,,PriceCharting
Chinese Gem Pack 6 Booster Box,37.51,37.51,26.26,26.26,Pokemon,Box,Chinese Gem Pack 6,37.51,,,,PriceCharting
Chinese Promo 151 First Partner Display Box [Bulbasaur],27.49,27.49,19.24,19.24,Pokemon,Box,Chinese Promo,27.49,,,,PriceCharting
Chinese Promo 151 First Partner Display Box [Charmander],27.49,27.49,19.24,19.24,Pokemon,Box,Chinese Promo,27.49,,,,PriceCharting
Chinese Promo 151 First Partner Display Box [Squirtle],28.49,28.49,19.94,19.94,Pokemon,Box,Chinese Promo,28.49,,,,PriceCharting
Cosmic Eclipse Booster Box [Build & Battle],401.34,401.34,280.94,280.94,Pokemon,Box,Cosmic Eclipse,401.34,,,,PriceCharting
Cosmic Eclipse Build & Battle Display Box,2249.99,2249.99,1574.99,1574.99,Pokemon,Box,Cosmic Eclipse,2249.99,,,,PriceCharting
Expansion Pack 20th Anniversary - Booster Box (1st Edition),10999.00,10999.00,7699.30,7699.30,Pokemon,Box,CP6: Expansion Pack 20th Anniversary,,10999.00,,,TCGplayer
Dark Explorers Booster Box,16573.82,16573.82,11601.67,11601.67,Pokemon,Box,Dark Explorers,16573.82,,,,PriceCharting + TCGplayer
Darkness Ablaze Build & Battle Display Box,527.50,527.50,369.25,369.25,Pokemon,Box,Darkness Ablaze,527.50,,,,PriceCharting
Destined Rivals Build & Battle Display Box,579.52,579.52,405.66,405.66,Pokemon,Box,Destined Rivals,579.52,,,,PriceCharting
Dragons Exalted Booster Box,19357.97,19357.97,13550.58,13550.58,Pokemon,Box,Dragons Exalted,19357.97,,,,PriceCharting + TCGplayer
Evolutions Booster Box,2527.99,2527.99,1769.59,1769.59,Pokemon,Box,Evolutions,2527.99,,,,PriceCharting
Evolving Skies Build & Battle Display Box,2888.88,2888.88,2022.22,2022.22,Pokemon,Box,Evolving Skies,2888.88,,,,PriceCharting
Crystal Guardians Booster Box,1289.64,1289.64,902.75,902.75,Pokemon,Box,EX Crystal Guardians,1289.64,,,,PriceCharting + TCGplayer
Delta Species Booster Box,25000.00,25000.00,17500.00,17500.00,Pokemon,Box,EX Delta Species,25000.00,,,,PriceCharting + TCGplayer
Deoxys Booster Box,30599.36,30599.36,21419.55,21419.55,Pokemon,Box,EX Deoxys,30599.36,,,,PriceCharting + TCGplayer
Dragon Frontiers Booster Box,10344.10,10344.10,7240.87,7240.87,Pokemon,Box,EX Dragon Frontiers,10344.10,,,,PriceCharting + TCGplayer
Emerald Booster Box,14053.23,14053.23,9837.26,9837.26,Pokemon,Box,EX Emerald,14053.23,,,,PriceCharting + TCGplayer
Hidden Legends Booster Box,14613.06,64200.00,44940.00,44940.00,Pokemon,Box,EX Hidden Legends,14613.06,,64200.00,64200.00,PriceCharting + TCGplayer
Holon Phantoms Booster Box,20431.33,20431.33,14301.93,14301.93,Pokemon,Box,EX Holon Phantoms,20431.33,,,,PriceCharting + TCGplayer
Legend Maker Booster Box,13472.00,13472.00,9430.40,9430.40,Pokemon,Box,EX Legend Maker,13472.00,,,,PriceCharting + TCGplayer
Power Keepers Booster Box,20298.73,20298.73,14209.11,14209.11,Pokemon,Box,EX Power Keepers,20298.73,,,,PriceCharting + TCGplayer
Team Rocket Returns Booster Box,67654.00,67654.00,47357.80,47357.80,Pokemon,Box,EX Team Rocket Returns,67654.00,,,,PriceCharting + TCGplayer
Unseen Forces Booster Box,116780.42,116780.42,81746.29,81746.29,Pokemon,Box,EX Unseen Forces,116780.42,,,,PriceCharting + TCGplayer
Expedition Booster Box,81250.00,81250.00,56875.00,56875.00,Pokemon,Box,Expedition,81250.00,,,,PriceCharting
Fates Collide Booster Box,2648.64,2648.64,1854.05,1854.05,Pokemon,Box,Fates Collide,2648.64,,,,PriceCharting
Flashfire Booster Box,10598.42,10598.42,7418.89,7418.89,Pokemon,Box,Flashfire,10598.42,,,,PriceCharting
Fossil Booster Box,14539.26,14539.26,10177.48,10177.48,Pokemon,Box,Fossil,14539.26,,,,PriceCharting
Fossil Booster Box [1st Edition],17443.52,17443.52,12210.46,12210.46,Pokemon,Box,Fossil,17443.52,,,,PriceCharting
Fusion Strike Half Booster Box,429.06,429.06,300.34,300.34,Pokemon,Box,Fusion Strike,429.06,,,,PriceCharting
Great Encounters Booster Box,4781.40,4781.40,3346.98,3346.98,Pokemon,Box,Great Encounters,4781.40,,,,PriceCharting + TCGplayer
Gym Challenge Booster Box,24110.00,24110.00,16877.00,16877.00,Pokemon,Box,Gym Challenge,24110.00,,,,PriceCharting
Gym Challenge Booster Box [1st Edition],24207.63,24207.63,16945.34,16945.34,Pokemon,Box,Gym Challenge,24207.63,,,,PriceCharting + TCGplayer
Gym Heroes Booster Box,19194.84,19194.84,13436.39,13436.39,Pokemon,Box,Gym Heroes,19194.84,,,,PriceCharting
Gym Heroes Booster Box [1st Edition],30100.00,30100.00,21070.00,21070.00,Pokemon,Box,Gym Heroes,30100.00,,,,PriceCharting + TCGplayer
Japanese 20th Anniversary Booster Box,10178.96,10178.96,7125.27,7125.27,Pokemon,Box,Japanese 20th Anniversary,10178.96,,,,PriceCharting
Japanese 25th Anniversary Collection Booster Box,342.50,342.50,239.75,239.75,Pokemon,Box,Japanese 25th Anniversary Collection,342.50,,,,PriceCharting
Japanese 30th Celebration Booster Box,199.99,199.99,139.99,139.99,Pokemon,Box,Japanese 30th Celebration,199.99,,,,PriceCharting
Japanese Abyss Eye Booster Box,81.31,81.31,56.92,56.92,Pokemon,Box,Japanese Abyss Eye,81.31,,,,PriceCharting
Japanese Alolan Moonlight Booster Box,845.51,845.51,591.86,591.86,Pokemon,Box,Japanese Alolan Moonlight,845.51,,,,PriceCharting
Japanese Alter Genesis Booster Box,448.76,448.76,314.13,314.13,Pokemon,Box,Japanese Alter Genesis,448.76,,,,PriceCharting
Japanese Amazing Volt Tackle Booster Box,180.00,180.00,126.00,126.00,Pokemon,Box,Japanese Amazing Volt Tackle,180.00,,,,PriceCharting
Japanese Ancient Roar Booster Box,83.78,83.78,58.65,58.65,Pokemon,Box,Japanese Ancient Roar,83.78,,,,PriceCharting
Japanese Bandit Ring Booster Box,1890.32,1890.32,1323.22,1323.22,Pokemon,Box,Japanese Bandit Ring,1890.32,,,,PriceCharting
Japanese Battle Partners Booster Box,87.00,87.00,60.90,60.90,Pokemon,Box,Japanese Battle Partners,87.00,,,,PriceCharting
Japanese Battle Region Booster Box,73.29,73.29,51.30,51.30,Pokemon,Box,Japanese Battle Region,73.29,,,,PriceCharting
Japanese Best Of Xy Booster Box,4697.90,4697.90,3288.53,3288.53,Pokemon,Box,Japanese Best Of Xy,4697.90,,,,PriceCharting
Japanese Black Bolt Booster Box,118.37,118.37,82.86,82.86,Pokemon,Box,Japanese Black Bolt,118.37,,,,PriceCharting
Japanese Black Bolt Deluxe Booster Box,186.32,186.32,130.42,130.42,Pokemon,Box,Japanese Black Bolt,186.32,,,,PriceCharting
Japanese Blue Sky Stream Booster Box,1325.00,1325.00,927.50,927.50,Pokemon,Box,Japanese Blue Sky Stream,1325.00,,,,PriceCharting
Japanese Cd Promo Booster Box,7772.34,7772.34,5440.64,5440.64,Pokemon,Box,Japanese Cd Promo,7772.34,,,,PriceCharting
Japanese Challenge From The Darkness Booster Box,129.95,129.95,90.96,90.96,Pokemon,Box,Japanese Challenge From The Darkness,129.95,,,,PriceCharting
Japanese Clay Burst Booster Box,97.35,97.35,68.14,68.14,Pokemon,Box,Japanese Clay Burst,97.35,,,,PriceCharting
Japanese Crimson Haze Booster Box,100.00,100.00,70.00,70.00,Pokemon,Box,Japanese Crimson Haze,100.00,,,,PriceCharting
Japanese Crossing The Ruins Booster Box,57515.00,57515.00,40260.50,40260.50,Pokemon,Box,Japanese Crossing The Ruins,57515.00,,,,PriceCharting
Japanese Cyber Judge Booster Box,91.52,91.52,64.06,64.06,Pokemon,Box,Japanese Cyber Judge,91.52,,,,PriceCharting
Japanese Dark Phantasma Booster Box,182.70,182.70,127.89,127.89,Pokemon,Box,Japanese Dark Phantasma,182.70,,,,PriceCharting
Japanese Double Blaze Booster Box,628.52,628.52,439.96,439.96,Pokemon,Box,Japanese Double Blaze,628.52,,,,PriceCharting
Japanese Dream League Booster Box,845.62,845.62,591.93,591.93,Pokemon,Box,Japanese Dream League,845.62,,,,PriceCharting
Japanese Dream Shine Collection Booster Box,7500.00,7500.00,5250.00,5250.00,Pokemon,Box,Japanese Dream Shine Collection,7500.00,,,,PriceCharting
Japanese Eevee Heroes Booster Box,674.63,674.63,472.24,472.24,Pokemon,Box,Japanese Eevee Heroes,674.63,,,,PriceCharting
Japanese Expansion Pack Booster Box [Base Set],127085.00,127085.00,88959.50,88959.50,Pokemon,Box,Japanese Expansion Pack,127085.00,,,,PriceCharting
Japanese Fusion Arts Booster Box,279.99,279.99,195.99,195.99,Pokemon,Box,Japanese Fusion Arts,279.99,,,,PriceCharting
Japanese Future Flash Booster Box,85.01,85.01,59.51,59.51,Pokemon,Box,Japanese Future Flash,85.01,,,,PriceCharting
Japanese Glory Of Team Rocket Booster Box,157.47,157.47,110.23,110.23,Pokemon,Box,Japanese Glory Of Team Rocket,157.47,,,,PriceCharting
Japanese Go Booster Box,140.28,140.28,98.20,98.20,Pokemon,Box,Japanese Go,140.28,,,,PriceCharting
Japanese Gold Silver New World Booster Box,47500.00,47500.00,33250.00,33250.00,Pokemon,Box,Japanese Gold Silver New World,47500.00,,,,PriceCharting
Japanese Gx Battle Boost Booster Box Version 1,13543.45,13543.45,9480.41,9480.41,Pokemon,Box,Japanese Gx Battle Boost,13543.45,,,,PriceCharting
Japanese Gx Ultra Shiny Booster Box,905.37,905.37,633.76,633.76,Pokemon,Box,Japanese Gx Ultra Shiny,905.37,,,,PriceCharting
Japanese Heat Wave Arena Booster Box,111.02,111.02,77.71,77.71,Pokemon,Box,Japanese Heat Wave Arena,111.02,,,,PriceCharting
Japanese Incandescent Arcana Booster Box,84.94,84.94,59.46,59.46,Pokemon,Box,Japanese Incandescent Arcana,84.94,,,,PriceCharting
Japanese Inferno X Booster Box,83.06,83.06,58.14,58.14,Pokemon,Box,Japanese Inferno X,83.06,,,,PriceCharting
Japanese Jungle Booster Box,120.37,120.37,84.26,84.26,Pokemon,Box,Japanese Jungle,120.37,,,,PriceCharting
Japanese Legendary Shine Collection Booster Box,6500.00,6500.00,4550.00,4550.00,Pokemon,Box,Japanese Legendary Shine Collection,6500.00,,,,PriceCharting
Japanese Lost Abyss Booster Box,300.00,300.00,210.00,210.00,Pokemon,Box,Japanese Lost Abyss,300.00,,,,PriceCharting
Japanese Mask Of Change Booster Box,98.00,98.00,68.60,68.60,Pokemon,Box,Japanese Mask Of Change,98.00,,,,PriceCharting
Japanese Mega Brave Booster Box,95.51,95.51,66.86,66.86,Pokemon,Box,Japanese Mega Brave,95.51,,,,PriceCharting
Japanese Mega Dream Ex Booster Box,88.45,88.45,61.91,61.91,Pokemon,Box,Japanese Mega Dream Ex,88.45,,,,PriceCharting
Japanese Mega Symphonia Booster Box,78.93,78.93,55.25,55.25,Pokemon,Box,Japanese Mega Symphonia,78.93,,,,PriceCharting
Japanese Miracle Twins Booster Box,873.89,873.89,611.72,611.72,Pokemon,Box,Japanese Miracle Twins,873.89,,,,PriceCharting
Japanese Mystery Of The Fossils Booster Box,48000.00,48000.00,33600.00,33600.00,Pokemon,Box,Japanese Mystery Of The Fossils,48000.00,,,,PriceCharting
Japanese Night Wanderer Booster Box,89.17,89.17,62.42,62.42,Pokemon,Box,Japanese Night Wanderer,89.17,,,,PriceCharting
Japanese Nihil Zero Booster Box,74.00,74.00,51.80,51.80,Pokemon,Box,Japanese Nihil Zero,74.00,,,,PriceCharting
Japanese Ninja Spinner Booster Box,75.66,75.66,52.96,52.96,Pokemon,Box,Japanese Ninja Spinner,75.66,,,,PriceCharting
Japanese Paradigm Trigger Booster Box,150.13,150.13,105.09,105.09,Pokemon,Box,Japanese Paradigm Trigger,150.13,,,,PriceCharting
Japanese Paradise Dragona Booster Box,110.00,110.00,77.00,77.00,Pokemon,Box,Japanese Paradise Dragona,110.00,,,,PriceCharting
Japanese Pokekyun Collection Booster Box,5687.30,5687.30,3981.11,3981.11,Pokemon,Box,Japanese Pokekyun Collection,5687.30,,,,PriceCharting
Japanese Raging Surf Booster Box,97.50,97.50,68.25,68.25,Pokemon,Box,Japanese Raging Surf,97.50,,,,PriceCharting
Japanese Remix Bout Booster Box,650.50,650.50,455.35,455.35,Pokemon,Box,Japanese Remix Bout,650.50,,,,PriceCharting
Japanese Rocket Gang Booster Box,65625.00,65625.00,45937.50,45937.50,Pokemon,Box,Japanese Rocket Gang,65625.00,,,,PriceCharting
Japanese Rocket Gang Strikes Back Booster Box,193.58,193.58,135.51,135.51,Pokemon,Box,Japanese Rocket Gang Strikes Back,193.58,,,,PriceCharting
Japanese Ruler Of The Black Flame Booster Box,134.65,134.65,94.25,94.25,Pokemon,Box,Japanese Ruler Of The Black Flame,134.65,,,,PriceCharting
Japanese Scarlet Ex Booster Box,101.99,101.99,71.39,71.39,Pokemon,Box,Japanese Scarlet Ex,101.99,,,,PriceCharting
Japanese Shining Legends Booster Box,4650.00,4650.00,3255.00,3255.00,Pokemon,Box,Japanese Shining Legends,4650.00,,,,PriceCharting
Japanese Shiny Collection Booster Box,5125.13,5125.13,3587.59,3587.59,Pokemon,Box,Japanese Shiny Collection,5125.13,,,,PriceCharting
Japanese Shiny Star V Booster Box,144.50,144.50,101.15,101.15,Pokemon,Box,Japanese Shiny Star V,144.50,,,,PriceCharting
Japanese Shiny Star V Booster Box [1st Edition],149.50,149.50,104.65,104.65,Pokemon,Box,Japanese Shiny Star V,149.50,,,,PriceCharting
Japanese Shiny Treasure Ex Booster Box,111.06,111.06,77.74,77.74,Pokemon,Box,Japanese Shiny Treasure Ex,111.06,,,,PriceCharting
Japanese Snow Hazard Booster Box,80.08,80.08,56.06,56.06,Pokemon,Box,Japanese Snow Hazard,80.08,,,,PriceCharting
Japanese Star Birth Booster Box,135.11,135.11,94.58,94.58,Pokemon,Box,Japanese Star Birth,135.11,,,,PriceCharting
Japanese Stellar Miracle Booster Box,95.37,95.37,66.76,66.76,Pokemon,Box,Japanese Stellar Miracle,95.37,,,,PriceCharting
Japanese Storm Emeralda Booster Box,110.35,110.35,77.24,77.24,Pokemon,Box,Japanese Storm Emeralda,110.35,,,,PriceCharting
Japanese Super Electric Breaker Booster Box,110.50,110.50,77.35,77.35,Pokemon,Box,Japanese Super Electric Breaker,110.50,,,,PriceCharting
Japanese Tag All Stars Booster Box,1100.00,1100.00,770.00,770.00,Pokemon,Box,Japanese Tag All Stars,1100.00,,,,PriceCharting
Japanese Tag Bolt Booster Box,2437.23,2437.23,1706.06,1706.06,Pokemon,Box,Japanese Tag Bolt,2437.23,,,,PriceCharting
Japanese Terastal Festival Booster Box,93.73,93.73,65.61,65.61,Pokemon,Box,Japanese Terastal Festival,93.73,,,,PriceCharting
Japanese Triplet Beat Booster Box,146.44,146.44,102.51,102.51,Pokemon,Box,Japanese Triplet Beat,146.44,,,,PriceCharting
Japanese Violet Ex Booster Box,94.25,94.25,65.97,65.97,Pokemon,Box,Japanese Violet Ex,94.25,,,,PriceCharting
Japanese Vmax Climax Booster Box,197.18,197.18,138.03,138.03,Pokemon,Box,Japanese Vmax Climax,197.18,,,,PriceCharting
Japanese Vstar Universe Booster Box,185.88,185.88,130.12,130.12,Pokemon,Box,Japanese Vstar Universe,185.88,,,,PriceCharting
Japanese White Flare Booster Box,110.65,110.65,77.45,77.45,Pokemon,Box,Japanese White Flare,110.65,,,,PriceCharting
Japanese White Flare Deluxe Booster Box,127.83,127.83,89.48,89.48,Pokemon,Box,Japanese White Flare,127.83,,,,PriceCharting
Japanese Wild Force Booster Box,91.50,91.50,64.05,64.05,Pokemon,Box,Japanese Wild Force,91.50,,,,PriceCharting
Japanese Wind From The Sea Booster Box,39.00,39.00,27.30,27.30,Pokemon,Box,Japanese Wind From The Sea,39.00,,,,PriceCharting
Journey Together Booster Box [Enhanced],234.91,234.91,164.44,164.44,Pokemon,Box,Journey Together,234.91,,,,PriceCharting
Journey Together Build & Battle Display Box,243.74,243.74,170.62,170.62,Pokemon,Box,Journey Together,243.74,,,,PriceCharting
Journey Together Half Booster Box,141.69,141.69,99.18,99.18,Pokemon,Box,Journey Together,141.69,,,,PriceCharting
Jungle Booster Box,13584.68,13584.68,9509.28,9509.28,Pokemon,Box,Jungle,13584.68,,,,PriceCharting
Jungle Booster Box [1st Edition],17223.45,17223.45,12056.41,12056.41,Pokemon,Box,Jungle,17223.45,,,,PriceCharting
Korean Terastal Festival Ex Booster Box,85.10,85.10,59.57,59.57,Pokemon,Box,Korean Terastal Festival Ex,85.10,,,,PriceCharting
Legendary Collection Booster Box,110200.00,110200.00,77140.00,77140.00,Pokemon,Box,Legendary Collection,110200.00,,,,PriceCharting + TCGplayer
Legendary Treasures Booster Box,18400.00,18575.00,13002.50,13002.50,Pokemon,Box,Legendary Treasures,18400.00,18750.00,,,PriceCharting + TCGplayer
Legends Awakened Booster Box,7337.64,7337.64,5136.35,5136.35,Pokemon,Box,Legends Awakened,7337.64,,,,PriceCharting + TCGplayer
Lost Origin Build & Battle Display Box,789.40,789.40,552.58,552.58,Pokemon,Box,Lost Origin,789.40,,,,PriceCharting
Lost Origin Half Booster Box,435.40,435.40,304.78,304.78,Pokemon,Box,Lost Origin,435.40,,,,PriceCharting
Mega Brave Booster Box,86.64,75.75,53.02,53.02,Pokemon,Box,m1L: Mega Brave,,86.64,,64.85,TCGplayer
Mega Symphonia Booster Box,89.24,76.92,53.85,53.85,Pokemon,Box,m1S: Mega Symphonia,,89.24,,64.61,TCGplayer
Inferno X Booster Box,93.67,86.71,60.70,60.70,Pokemon,Box,M2: Inferno X,,93.67,,79.75,TCGplayer
Mega Dream ex Booster Box,81.90,80.45,56.31,56.31,Pokemon,Box,M2a: High Class Pack: MEGA Dream ex,,81.90,,79.00,TCGplayer
Nihil Zero Booster Box,74.11,65.80,46.06,46.06,Pokemon,Box,M3: Nihil Zero,,74.11,,57.49,TCGplayer
Ninja Spinner Booster Box,78.63,78.63,55.04,55.04,Pokemon,Box,M4: Ninja Spinner,,78.63,,,TCGplayer
Abyss Eye Booster Box,73.20,68.94,48.26,48.26,Pokemon,Box,M5: Abyss Eye,,73.20,,64.69,TCGplayer
Storm Emeralda Booster Box,103.49,103.49,72.44,72.44,Pokemon,Box,M6: Storm Emeralda,,103.49,,,TCGplayer
MEGA Expansion 30th Celebration Booster Box,201.73,201.73,141.21,141.21,Pokemon,Box,M6a: MEGA Expansion 30th Celebration,,201.73,,,TCGplayer
Majestic Dawn Booster Box,5900.00,5900.00,4130.00,4130.00,Pokemon,Box,Majestic Dawn,5900.00,,,,PriceCharting + TCGplayer
Mega Evolution Booster Box,307.99,307.99,215.59,215.59,Pokemon,Box,ME01: Mega Evolution,,307.99,329.06,63.00,TCGplayer
Mega Evolution Enhanced Booster Box,284.47,284.47,199.13,199.13,Pokemon,Box,ME01: Mega Evolution,,284.47,330.00,284.00,TCGplayer
Mega Evolution Half Booster Box,312.50,312.50,218.75,218.75,Pokemon,Box,ME01: Mega Evolution,,312.50,,,TCGplayer
Phantasmal Flames Booster Box,390.11,390.11,273.08,273.08,Pokemon,Box,ME02: Phantasmal Flames,,390.11,450.00,78.88,TCGplayer
Perfect Order Booster Box,173.69,173.69,121.58,121.58,Pokemon,Box,ME03: Perfect Order,,173.69,225.00,172.00,TCGplayer
Chaos Rising Booster Box,191.57,191.57,134.10,134.10,Pokemon,Box,ME04: Chaos Rising,,191.57,231.29,36.98,TCGplayer
Pitch Black Booster Box,188.70,188.70,132.09,132.09,Pokemon,Box,ME05: Pitch Black,,188.70,219.99,43.98,TCGplayer
Delta Reign Booster Box,261.32,261.32,182.92,182.92,Pokemon,Box,ME06: Delta Reign,,261.32,263.86,251.96,TCGplayer
Mega Evolution Booster Box,279.30,279.30,195.51,195.51,Pokemon,Box,Mega Evolution,279.30,,,,PriceCharting
Mega Evolution Enhanced Booster Box,292.42,292.42,204.69,204.69,Pokemon,Box,Mega Evolution,292.42,,,,PriceCharting
Mega Evolution Half Booster Box,165.39,165.39,115.77,115.77,Pokemon,Box,Mega Evolution,165.39,,,,PriceCharting
Mysterious Treasures Booster Box,15400.00,15400.00,10780.00,10780.00,Pokemon,Box,Mysterious Treasures,15400.00,,,,PriceCharting + TCGplayer
Neo Destiny Booster Box,68.03,68.03,47.62,47.62,Pokemon,Box,Neo Destiny,68.03,,,,PriceCharting
Neo Destiny Booster Box [1st Edition],1530.00,1530.00,1071.00,1071.00,Pokemon,Box,Neo Destiny,1530.00,,,,PriceCharting + TCGplayer
Neo Discovery Booster Box,11877.88,11877.88,8314.52,8314.52,Pokemon,Box,Neo Discovery,11877.88,,,,PriceCharting
Neo Discovery Booster Box [1st Edition],48401.47,48401.47,33881.03,33881.03,Pokemon,Box,Neo Discovery,48401.47,,,,PriceCharting
Neo Genesis Booster Box,7740.28,7740.28,5418.20,5418.20,Pokemon,Box,Neo Genesis,7740.28,,,,PriceCharting
Neo Genesis Booster Box [1st Edition],23750.00,23750.00,16625.00,16625.00,Pokemon,Box,Neo Genesis,23750.00,,,,PriceCharting + TCGplayer
Neo Revelation Booster Box,12145.30,12145.30,8501.71,8501.71,Pokemon,Box,Neo Revelation,12145.30,,,,PriceCharting
Neo Revelation Booster Box [1st Edition],51400.00,51400.00,35980.00,35980.00,Pokemon,Box,Neo Revelation,51400.00,,,,PriceCharting + TCGplayer
Next Destinies Booster Box,10364.11,10364.11,7254.88,7254.88,Pokemon,Box,Next Destinies,10364.11,,,,PriceCharting + TCGplayer
Noble Victories Booster Box,10880.34,10880.34,7616.24,7616.24,Pokemon,Box,Noble Victories,10880.34,,,,PriceCharting + TCGplayer
Obsidian Flames Build & Battle Display Box,352.75,352.75,246.92,246.92,Pokemon,Box,Obsidian Flames,352.75,,,,PriceCharting
Obsidian Flames Half Booster Box,189.53,189.53,132.67,132.67,Pokemon,Box,Obsidian Flames,189.53,,,,PriceCharting
Paldea Evolved Build & Battle Display Box,498.68,498.68,349.08,349.08,Pokemon,Box,Paldea Evolved,498.68,,,,PriceCharting
Paldean Fates Sealed Mini Tin Display Box,420.54,420.54,294.38,294.38,Pokemon,Box,Paldean Fates,420.54,,,,PriceCharting
Paradox Rift Build & Battle Display Box,340.00,340.00,238.00,238.00,Pokemon,Box,Paradox Rift,340.00,,,,PriceCharting
Perfect Order Booster Box,170.00,170.00,119.00,119.00,Pokemon,Box,Perfect Order,170.00,,,,PriceCharting
Perfect Order Half Booster Box,114.57,114.57,80.20,80.20,Pokemon,Box,Perfect Order,114.57,,,,PriceCharting
Phantasmal Flames Booster Box,392.54,392.54,274.78,274.78,Pokemon,Box,Phantasmal Flames,392.54,,,,PriceCharting
Phantasmal Flames Half Booster Box,197.26,197.26,138.08,138.08,Pokemon,Box,Phantasmal Flames,197.26,,,,PriceCharting
Phantom Forces Booster Box,16951.16,16951.16,11865.81,11865.81,Pokemon,Box,Phantom Forces,16951.16,,,,PriceCharting
Pitch Black Booster Box,185.00,185.00,129.50,129.50,Pokemon,Box,Pitch Black,185.00,,,,PriceCharting
Pitch Black Half Booster Box,110.67,110.67,77.47,77.47,Pokemon,Box,Pitch Black,110.67,,,,PriceCharting
Plasma Blast Booster Box,11800.00,11800.00,8260.00,8260.00,Pokemon,Box,Plasma Blast,11800.00,,,,PriceCharting + TCGplayer
Plasma Freeze Booster Box,13500.00,13500.00,9450.00,9450.00,Pokemon,Box,Plasma Freeze,13500.00,,,,PriceCharting
Plasma Storm Booster Box,22909.81,22909.81,16036.87,16036.87,Pokemon,Box,Plasma Storm,22909.81,,,,PriceCharting + TCGplayer
Platinum Booster Box,12449.81,12449.81,8714.87,8714.87,Pokemon,Box,Platinum,12449.81,,,,PriceCharting + TCGplayer
Primal Clash Booster Box,3387.51,3387.51,2371.26,2371.26,Pokemon,Box,Primal Clash,3387.51,,,,PriceCharting
Prismatic Evolutions Booster Bundle Display Box,1334.97,1334.97,934.48,934.48,Pokemon,Box,Prismatic Evolutions,1334.97,,,,PriceCharting
Rebel Clash Half Booster Box,179.85,179.85,125.89,125.89,Pokemon,Box,Rebel Clash,179.85,,,,PriceCharting
Rising Rivals Booster Box,4893.46,4893.46,3425.42,3425.42,Pokemon,Box,Rising Rivals,4893.46,,,,PriceCharting
Roaring Skies Booster Box,4509.29,4509.29,3156.50,3156.50,Pokemon,Box,Roaring Skies,4509.29,,,,PriceCharting
Dark Phantasma Booster Box,146.31,135.65,94.95,94.95,Pokemon,Box,S10a: Dark Phantasma,,146.31,,124.99,TCGplayer
Pokemon GO Booster Box,128.39,139.19,97.43,97.43,Pokemon,Box,S10b: Pokemon GO,,128.39,,149.99,TCGplayer
Time Gazer Booster Box,142.92,113.96,79.77,79.77,Pokemon,Box,S10D: Time Gazer,,142.92,,85.00,TCGplayer
Space Juggler Booster Box,130.03,104.02,72.81,72.81,Pokemon,Box,S10P: Space Juggler,,130.03,,78.00,TCGplayer
Lost Abyss Booster Box,350.54,232.77,162.94,162.94,Pokemon,Box,S11: Lost Abyss,,350.54,,115.00,TCGplayer
Incandescent Arcana Booster Box,96.57,94.78,66.35,66.35,Pokemon,Box,S11a: Incandescent Arcana,,96.57,,92.99,TCGplayer
Paradigm Trigger Booster Box,162.03,143.51,100.46,100.46,Pokemon,Box,S12: Paradigm Trigger,,162.03,,125.00,TCGplayer
VSTAR Universe Booster Box,219.52,197.25,138.08,138.08,Pokemon,Box,S12a: VSTAR Universe,,219.52,,174.99,TCGplayer
VMAX Rising Booster Box,585.00,585.00,409.50,409.50,Pokemon,Box,S1a: VMAX Rising,,,,585.00,TCGplayer
Rebellion Crash Booster Box,450.00,450.00,315.00,315.00,Pokemon,Box,S2: Rebellion Crash,,,,450.00,TCGplayer
Explosive Walker Booster Box,187.50,187.50,131.25,131.25,Pokemon,Box,S2a: Explosive Walker,,187.50,,,TCGplayer
Infinity Zone Booster Box,189.99,370.00,259.00,259.00,Pokemon,Box,S3: Infinity Zone,,189.99,,550.00,TCGplayer
Legendary Heartbeat Booster Box,179.95,214.97,150.48,150.48,Pokemon,Box,S3a: Legendary Heartbeat,,179.95,,249.99,TCGplayer
Amazing Volt Tackle Booster Box,169.88,209.94,146.96,146.96,Pokemon,Box,S4: Amazing Volt Tackle,,169.88,,250.00,TCGplayer
Shiny Star V Booster Box,168.17,164.83,115.38,115.38,Pokemon,Box,S4a: Shiny Star V,,168.17,,161.50,TCGplayer
Peerless Fighters Master Booster Box,170.55,170.55,119.39,119.39,Pokemon,Box,S5a: Peerless Fighters,,170.55,,,TCGplayer
Single Strike Master Booster Box,174.36,200.18,140.12,140.12,Pokemon,Box,S5I: Single Strike Master,,174.36,,225.99,TCGplayer
Rapid Strike Master Booster Box,169.07,197.53,138.27,138.27,Pokemon,Box,S5R: Rapid Strike Master,,169.07,,225.99,TCGplayer
Eevee Heroes Booster Box,869.65,543.83,380.68,380.68,Pokemon,Box,S6a: Eevee Heroes,,869.65,,218.00,TCGplayer
Silver Lance Booster Box,95.56,85.28,59.70,59.70,Pokemon,Box,S6H: Silver Lance,,95.56,,75.00,TCGplayer
Jet-Black Spirit Booster Box,108.33,91.66,64.17,64.17,Pokemon,Box,S6K: Jet-Black Spirit,,108.33,,75.00,TCGplayer
Skyscraping Perfection Booster Box,129.26,131.03,91.72,91.72,Pokemon,Box,S7D: Skyscraping Perfection,,129.26,,132.80,TCGplayer
Blue Sky Stream Booster Box,1371.01,773.00,541.10,541.10,Pokemon,Box,S7R: Blue Sky Stream,,1371.01,,174.99,TCGplayer
Fusion Arts Booster Box,302.32,210.66,147.46,147.46,Pokemon,Box,S8: Fusion Arts,,302.32,,119.00,TCGplayer
25th Anniversary Collection Booster Box,381.31,368.65,258.05,258.05,Pokemon,Box,S8a: 25th Anniversary Collection,,381.31,,355.99,TCGplayer
VMAX Climax Booster Box,233.31,196.66,137.66,137.66,Pokemon,Box,S8b: VMAX Climax,,233.31,,160.00,TCGplayer
Star Birth Booster Box,173.96,124.48,87.14,87.14,Pokemon,Box,S9: Star Birth,,173.96,,75.00,TCGplayer
Battle Region Booster Box,94.29,94.09,65.86,65.86,Pokemon,Box,S9a: Battle Region,,94.29,,93.89,TCGplayer
Secret Wonders Booster Box,11400.00,11400.00,7980.00,7980.00,Pokemon,Box,Secret Wonders,11400.00,,,,PriceCharting + TCGplayer
Shining Fates Mini Tins Display Box,269.24,269.24,188.47,188.47,Pokemon,Box,Shining Fates,269.24,,,,PriceCharting
Shrouded Fable Booster Bundle Display Box,556.25,556.25,389.38,389.38,Pokemon,Box,Shrouded Fable,556.25,,,,PriceCharting
Silver Tempest Half Booster Box,263.87,263.87,184.71,184.71,Pokemon,Box,Silver Tempest,263.87,,,,PriceCharting
Skyridge Booster Box,206250.00,206250.00,144375.00,144375.00,Pokemon,Box,Skyridge,206250.00,,,,PriceCharting
Burning Shadows Booster Box,1122.50,1221.55,855.08,855.08,Pokemon,Box,SM - Burning Shadows,1122.50,1243.10,2499.97,1200.00,PriceCharting + TCGplayer
Celestial Storm Booster Box,2412.50,2492.91,1745.04,1745.04,Pokemon,Box,SM - Celestial Storm,2412.50,2485.83,2999.99,2499.99,PriceCharting + TCGplayer
Cosmic Eclipse Booster Box,4243.75,4621.84,3235.29,3235.29,Pokemon,Box,SM - Cosmic Eclipse,4243.75,4216.67,5499.69,4999.94,PriceCharting + TCGplayer
Crimson Invasion Booster Box,640.53,663.67,464.57,464.57,Pokemon,Box,SM - Crimson Invasion,640.53,677.35,709.90,650.00,PriceCharting + TCGplayer
Forbidden Light Booster Box,1337.34,1698.99,1189.29,1189.29,Pokemon,Box,SM - Forbidden Light,1337.34,1647.98,1969.48,1750.00,PriceCharting + TCGplayer
Guardians Rising Booster Box,1236.82,1933.16,1353.21,1353.21,Pokemon,Box,SM - Guardians Rising,1236.82,1881.33,1999.99,1984.99,PriceCharting + TCGplayer
Lost Thunder Booster Box,1797.50,1796.25,1257.38,1257.38,Pokemon,Box,SM - Lost Thunder,1797.50,1568.33,2199.99,1795.00,PriceCharting + TCGplayer
Team Up Booster Box,12500.00,12725.00,8907.50,8907.50,Pokemon,Box,SM - Team Up,12500.00,11725.00,19999.84,12950.00,PriceCharting + TCGplayer
Ultra Prism Booster Box,1413.27,1508.24,1055.77,1055.77,Pokemon,Box,SM - Ultra Prism,1413.27,1450.00,1850.00,1566.48,PriceCharting + TCGplayer
Unbroken Bonds Booster Box,2500.00,2666.25,1866.37,1866.37,Pokemon,Box,SM - Unbroken Bonds,2500.00,2560.51,3605.49,2771.99,PriceCharting + TCGplayer
Unified Minds Booster Box,2925.00,3364.59,2355.21,2355.21,Pokemon,Box,SM - Unified Minds,2925.00,3240.30,4402.49,3488.88,PriceCharting + TCGplayer
Sun & Moon Booster Box,998.99,1040.00,728.00,728.00,Pokemon,Box,SM Base Set,,998.99,1119.00,1040.00,TCGplayer
Double Blaze Booster Box,549.99,699.99,489.99,489.99,Pokemon,Box,SM10: Double Blaze,,549.99,,849.99,TCGplayer
GG End Booster Box,595.00,1194.99,836.50,836.50,Pokemon,Box,SM10a: GG End,,595.00,,1794.99,TCGplayer
Sky Legend Booster Box,615.00,732.00,512.40,512.40,Pokemon,Box,SM10b: Sky Legend,,615.00,,848.99,TCGplayer
Miracle Twin Booster Box,1099.90,1099.90,769.93,769.93,Pokemon,Box,SM11: Miracle Twin,,,,1099.90,TCGplayer
Remix Bout Booster Box,648.99,924.49,647.14,647.14,Pokemon,Box,SM11a: Remix Bout,,648.99,,1199.99,TCGplayer
Dream League Booster Box,770.00,805.00,563.50,563.50,Pokemon,Box,SM11b: Dream League,,770.00,,840.00,TCGplayer
Alter Genesis Booster Box,599.00,669.48,468.63,468.63,Pokemon,Box,SM12: Alter Genesis,,599.00,,739.95,TCGplayer
TAG TEAM GX: Tag All Stars Booster Box,963.37,1081.68,757.18,757.18,Pokemon,Box,SM12a: TAG TEAM GX: Tag All Stars,,963.37,,1200.00,TCGplayer
Ultra Force Booster Box,235.00,467.50,327.25,327.25,Pokemon,Box,SM5+: Ultra Force,,235.00,,700.00,TCGplayer
Ultra Sun Booster Box,500.00,500.00,350.00,350.00,Pokemon,Box,SM5S: Ultra Sun,,500.00,,,TCGplayer
Dragon Storm Booster Box,449.99,449.99,314.99,314.99,Pokemon,Box,SM6a: Dragon Storm,,449.99,,,TCGplayer
Champion Road Booster Box,820.00,820.00,574.00,574.00,Pokemon,Box,SM6b: Champion Road,,,,820.00,TCGplayer
Sky-Splitting Charisma Booster Box,1999.99,1999.99,1399.99,1399.99,Pokemon,Box,SM7: Sky-Splitting Charisma,,1999.99,,,TCGplayer
Thunderclap Spark Booster Box,340.00,340.00,238.00,238.00,Pokemon,Box,SM7a: Thunderclap Spark,,340.00,,,TCGplayer
Fairy Rise Booster Box,309.99,395.00,276.50,276.50,Pokemon,Box,SM7b: Fairy Rise,,309.99,,480.00,TCGplayer
Super-Burst Impact Booster Box,1200.00,1200.00,840.00,840.00,Pokemon,Box,SM8: Super-Burst Impact,,,,1200.00,TCGplayer
Dark Order Booster Box,354.96,354.96,248.47,248.47,Pokemon,Box,SM8a: Dark Order,,354.96,,354.96,TCGplayer
Tag Bolt Booster Box,2999.99,2999.99,2099.99,2099.99,Pokemon,Box,SM9: Tag Bolt,,,,2999.99,TCGplayer
Full Metal Wall Booster Box,425.00,425.00,297.50,297.50,Pokemon,Box,SM9b: Full Metal Wall,,,,425.00,TCGplayer
Great Detective Pikachu Booster Box,500.00,500.00,350.00,350.00,Pokemon,Box,smP2: Great Detective Pikachu,,,,500.00,TCGplayer
Steam Siege Booster Box,1194.00,1194.00,835.80,835.80,Pokemon,Box,Steam Siege,1194.00,,,,PriceCharting
Stellar Crown Booster Box,309.91,309.91,216.94,216.94,Pokemon,Box,Stellar Crown,309.91,,,,PriceCharting
Stellar Crown Build & Battle Display Box,355.00,355.00,248.50,248.50,Pokemon,Box,Stellar Crown,355.00,,,,PriceCharting
Stellar Crown Half Booster Box,181.45,181.45,127.01,127.01,Pokemon,Box,Stellar Crown,181.45,,,,PriceCharting
Stormfront Booster Box,8555.88,8555.88,5989.12,5989.12,Pokemon,Box,Stormfront,8555.88,,,,PriceCharting
Supreme Victors Booster Box,14201.33,14201.33,9940.93,9940.93,Pokemon,Box,Supreme Victors,14201.33,,,,PriceCharting + TCGplayer
Surging Sparks Build & Battle Display Box,327.50,327.50,229.25,229.25,Pokemon,Box,Surging Sparks,327.50,,,,PriceCharting
Scarlet & Violet Booster Box,298.00,298.00,208.60,208.60,Pokemon,Box,SV01: Scarlet & Violet Base Set,,298.00,339.99,284.98,TCGplayer
Paldea Evolved Booster Box,471.35,471.50,330.05,330.05,Pokemon,Box,SV02: Paldea Evolved,471.35,471.66,544.50,85.00,PriceCharting + TCGplayer
Paldea Evolved Half Booster Box,217.09,253.33,177.33,177.33,Pokemon,Box,SV02: Paldea Evolved,217.09,253.33,,260.00,PriceCharting + TCGplayer
Obsidian Flames Booster Box,360.00,367.19,257.03,257.03,Pokemon,Box,SV03: Obsidian Flames,360.00,374.38,418.95,40.25,PriceCharting + TCGplayer
Paradox Rift Booster Box,280.58,281.39,196.97,196.97,Pokemon,Box,SV04: Paradox Rift,280.58,282.20,325.00,268.04,PriceCharting + TCGplayer
Paradox Rift Half Booster Box,151.93,173.47,121.43,121.43,Pokemon,Box,SV04: Paradox Rift,151.93,,,195.00,PriceCharting + TCGplayer
Temporal Forces Booster Box,300.50,304.40,213.08,213.08,Pokemon,Box,SV05: Temporal Forces,300.50,308.30,324.99,34.99,PriceCharting + TCGplayer
Temporal Forces Half Booster Box,169.00,179.36,125.55,125.55,Pokemon,Box,SV05: Temporal Forces,169.00,189.71,,,PriceCharting + TCGplayer
Twilight Masqueade Half Booster Box,196.88,206.88,144.82,144.82,Pokemon,Box,SV06: Twilight Masquerade,,196.88,206.88,206.88,TCGplayer
Twilight Masquerade Booster Box,335.76,341.25,238.87,238.87,Pokemon,Box,SV06: Twilight Masquerade,335.76,346.74,389.99,34.99,PriceCharting + TCGplayer
Stellar Crown Booster Box,309.61,309.61,216.73,216.73,Pokemon,Box,SV07: Stellar Crown,,309.61,349.49,34.99,TCGplayer
Stellar Crown Half Booster Box,246.17,246.17,172.32,172.32,Pokemon,Box,SV07: Stellar Crown,,246.17,277.93,242.69,TCGplayer
Surging Sparks Booster Box,300.00,301.85,211.29,211.29,Pokemon,Box,SV08: Surging Sparks,300.00,303.69,349.99,43.36,PriceCharting + TCGplayer
Surging Sparks Half Booster Box,162.19,190.50,133.35,133.35,Pokemon,Box,SV08: Surging Sparks,162.19,196.13,194.00,186.99,PriceCharting + TCGplayer
Journey Together Booster Box,242.80,223.67,156.57,156.57,Pokemon,Box,SV09: Journey Together,242.80,204.53,249.97,60.98,PriceCharting + TCGplayer
Journey Together Enhanced Booster Box,250.13,250.13,175.09,175.09,Pokemon,Box,SV09: Journey Together,,250.13,299.97,67.93,TCGplayer
Destined Rivals Booster Box,400.55,403.77,282.64,282.64,Pokemon,Box,SV10: Destined Rivals,400.55,365.82,587.50,407.00,PriceCharting + TCGplayer
Destined Rivals Half Booster Box,190.07,353.07,247.15,247.15,Pokemon,Box,SV10: Destined Rivals,190.07,316.15,395.00,390.00,PriceCharting + TCGplayer
Glory of Team Rocket Booster Box,172.23,106.06,74.24,74.24,Pokemon,Box,SV10: The Glory of Team Rocket,,172.23,,39.89,TCGplayer
Black Bolt Booster Box,153.66,116.83,81.78,81.78,Pokemon,Box,SV11B: Black Bolt,,153.66,,80.00,TCGplayer
Black Bolt Deluxe Booster Box,208.00,194.00,135.80,135.80,Pokemon,Box,SV11B: Black Bolt,,208.00,,179.99,TCGplayer
White Flare Booster Box,124.41,102.20,71.54,71.54,Pokemon,Box,SV11W: White Flare,,124.41,,80.00,TCGplayer
White Flare Deluxe Booster Box,138.68,155.74,109.02,109.02,Pokemon,Box,SV11W: White Flare,,138.68,,172.80,TCGplayer
Triple Beat Booster Box,152.49,120.69,84.48,84.48,Pokemon,Box,SV1a: Triplet Beat,,152.49,,88.89,TCGplayer
Scarlet ex Booster Box,99.31,84.66,59.26,59.26,Pokemon,Box,SV1S: Scarlet ex,,99.31,,70.00,TCGplayer
Violet ex Booster Box,87.35,81.17,56.82,56.82,Pokemon,Box,SV1V: Violet ex,,87.35,,75.00,TCGplayer
Pokemon Card 151 Booster Box,295.13,169.56,118.69,118.69,Pokemon,Box,SV2a: Pokemon Card 151,,295.13,,43.99,TCGplayer
Clay Burst Booster Box,106.69,95.84,67.09,67.09,Pokemon,Box,SV2D: Clay Burst,,106.69,,85.00,TCGplayer
Snow Hazard Booster Box,104.46,97.22,68.06,68.06,Pokemon,Box,SV2P: Snow Hazard,,104.46,,89.99,TCGplayer
Ruler of the Black Flame Booster Box,153.28,95.58,66.91,66.91,Pokemon,Box,SV3: Ruler of the Black Flame,,153.28,,37.88,TCGplayer
Raging Surf Booster Box,112.65,76.32,53.42,53.42,Pokemon,Box,SV3a: Raging Surf,,112.65,,39.99,TCGplayer
Shiny Treasure ex High Class Booster Box,112.77,108.88,76.22,76.22,Pokemon,Box,SV4a: Shiny Treasure ex,,112.77,,105.00,TCGplayer
Ancient Roar Booster Box,99.40,67.20,47.04,47.04,Pokemon,Box,SV4K: Ancient Roar,,99.40,,34.99,TCGplayer
Future Flash Booster Box,88.98,88.98,62.29,62.29,Pokemon,Box,SV4M: Future Flash,,88.98,,,TCGplayer
Crimson Haze Booster Box,120.59,77.79,54.45,54.45,Pokemon,Box,SV5a: Crimson Haze,,120.59,,34.99,TCGplayer
Wild Force Booster Box,102.48,68.73,48.11,48.11,Pokemon,Box,SV5K: Wild Force,,102.48,,34.99,TCGplayer
Cyber Judge Booster Box,86.20,60.51,42.36,42.36,Pokemon,Box,SV5M: Cyber Judge,,86.20,,34.82,TCGplayer
Transformation Mask Booster Box,97.74,66.27,46.39,46.39,Pokemon,Box,SV6: Transformation Mask,,97.74,,34.80,TCGplayer
Night Wanderer Booster Box,88.27,61.63,43.14,43.14,Pokemon,Box,SV6a: Night Wanderer,,88.27,,34.99,TCGplayer
Stellar Miracle Booster Box,88.70,77.27,54.09,54.09,Pokemon,Box,SV7: Stellar Miracle,,88.70,,65.83,TCGplayer
Paradise Dragona Booster Box,114.47,79.73,55.81,55.81,Pokemon,Box,SV7a: Paradise Dragona,,114.47,,44.99,TCGplayer
Super Electric Breaker Booster Box,146.18,93.30,65.31,65.31,Pokemon,Box,SV8: Super Electric Breaker,,146.18,,40.42,TCGplayer
Terastal Fest ex Booster Box,126.67,104.32,73.02,73.02,Pokemon,Box,SV8a: Terastal Fest ex,,126.67,,81.97,TCGplayer
Battle Partners Booster Box,87.22,65.61,45.92,45.92,Pokemon,Box,SV9: Battle Partners,,87.22,,43.99,TCGplayer
Heat Wave Arena Booster Box,128.05,86.48,60.54,60.54,Pokemon,Box,SV9a: Heat Wave Arena,,128.05,,44.91,TCGplayer
Sword & Shield Booster Box,688.99,688.99,482.29,482.29,Pokemon,Box,SWSH01: Sword & Shield Base Set,,688.99,1200.00,450.00,TCGplayer
Rebel Clash Booster Box,425.88,479.31,335.51,335.51,Pokemon,Box,SWSH02: Rebel Clash,425.88,483.63,549.99,474.98,PriceCharting + TCGplayer
Darkness Ablaze Booster Box,350.00,356.09,249.26,249.26,Pokemon,Box,SWSH03: Darkness Ablaze,350.00,362.18,399.99,300.00,PriceCharting + TCGplayer
Vivid Voltage Booster Box,314.00,314.98,220.49,220.49,Pokemon,Box,SWSH04: Vivid Voltage,314.00,315.96,360.00,303.99,PriceCharting + TCGplayer
Battle Styles Booster Box,266.87,278.00,194.60,194.60,Pokemon,Box,SWSH05: Battle Styles,266.87,289.13,327.48,260.00,PriceCharting + TCGplayer
Chilling Reign Booster Box,459.58,467.15,327.01,327.01,Pokemon,Box,SWSH06: Chilling Reign,459.58,474.73,527.50,436.00,PriceCharting + TCGplayer
Evolving Skies Booster Box,2215.30,2255.91,1579.13,1579.13,Pokemon,Box,SWSH07: Evolving Skies,2215.30,2296.51,2979.11,115.00,PriceCharting + TCGplayer
Evolving Skies Half Booster Box,1038.21,2197.50,1538.25,1538.25,Pokemon,Box,SWSH07: Evolving Skies,1038.21,1595.00,2800.00,2800.00,PriceCharting + TCGplayer
Fusion Strike Booster Box,895.64,933.37,653.36,653.36,Pokemon,Box,SWSH08: Fusion Strike,895.64,971.09,1231.99,115.00,PriceCharting + TCGplayer
Brilliant Stars Booster Box,534.99,552.40,386.68,386.68,Pokemon,Box,SWSH09: Brilliant Stars,534.99,569.81,649.99,442.01,PriceCharting + TCGplayer
Astral Radiance Booster Box,402.91,407.15,285.00,285.00,Pokemon,Box,SWSH10: Astral Radiance,402.91,411.39,444.99,75.00,PriceCharting + TCGplayer
Astral Radiance Half Booster Box,249.99,249.99,174.99,174.99,Pokemon,Box,SWSH10: Astral Radiance,,,249.99,249.99,TCGplayer
Lost Origin Booster Box,736.48,734.11,513.87,513.87,Pokemon,Box,SWSH11: Lost Origin,736.48,731.73,907.00,599.99,PriceCharting + TCGplayer
Silver Tempest Booster Box,525.00,524.14,366.90,366.90,Pokemon,Box,SWSH12: Silver Tempest,525.00,523.28,575.00,439.99,PriceCharting + TCGplayer
Team Rocket Booster Box,13777.00,13777.00,9643.90,9643.90,Pokemon,Box,Team Rocket,13777.00,,,,PriceCharting
Team Rocket Booster Box [1st Edition],24567.91,24567.91,17197.54,17197.54,Pokemon,Box,Team Rocket,24567.91,,,,PriceCharting + TCGplayer
Team Rocket Booster Box [Unlimited Edition],36000.00,36000.00,25200.00,25200.00,Pokemon,Box,Team Rocket,,,36000.00,36000.00,TCGplayer
Team Up Build & Battle Display Box,11229.00,11229.00,7860.30,7860.30,Pokemon,Box,Team Up,11229.00,,,,PriceCharting
Triumphant Booster Box,5188.71,5188.71,3632.10,3632.10,Pokemon,Box,Triumphant,5188.71,,,,PriceCharting + TCGplayer
Twilight Masquerade Build & Battle Display Box,400.00,400.00,280.00,280.00,Pokemon,Box,Twilight Masquerade,400.00,,,,PriceCharting
Twilight Masquerade Half Booster Box,167.77,167.77,117.44,117.44,Pokemon,Box,Twilight Masquerade,167.77,,,,PriceCharting
Undaunted Booster Box,7710.50,7710.50,5397.35,5397.35,Pokemon,Box,Undaunted,7710.50,,,,PriceCharting + TCGplayer
Unleashed Booster Box,3850.64,3850.64,2695.45,2695.45,Pokemon,Box,Unleashed,3850.64,,,,PriceCharting + TCGplayer
Vivid Voltage Build & Battle Display Box,652.21,652.21,456.55,456.55,Pokemon,Box,Vivid Voltage,652.21,,,,PriceCharting
White Flare Booster Bundle Display Box,1075.86,1075.86,753.10,753.10,Pokemon,Box,White Flare,1075.86,,,,PriceCharting
Xy Booster Box,2050.00,2050.00,1435.00,1435.00,Pokemon,Box,Xy,2050.00,,,,PriceCharting
XY Ancient Origins Booster Box,8800.00,8516.99,5961.90,5961.90,Pokemon,Box,XY - Ancient Origins,,,8800.00,8233.99,TCGplayer
XY BREAKpoint Booster Box,4700.00,4700.00,3290.00,3290.00,Pokemon,Box,XY - BREAKpoint,,,4700.00,4700.00,TCGplayer
XY BREAKthrough Booster Box,3248.29,3208.55,2245.99,2245.99,Pokemon,Box,XY - BREAKthrough,,3248.29,3208.55,3208.55,TCGplayer
XY Evolutions Booster Box,2579.99,2984.00,2088.80,2088.80,Pokemon,Box,XY - Evolutions,,2579.99,2999.99,2984.00,TCGplayer
XY Fates Collide Booster Box,2754.99,6989.95,4892.96,4892.96,Pokemon,Box,XY - Fates Collide,,2754.99,8494.98,6989.95,TCGplayer
Furious Fists Booster Box,4206.17,5858.73,4101.11,4101.11,Pokemon,Box,XY - Furious Fists,4206.17,4717.50,6999.95,6999.95,PriceCharting + TCGplayer
Steam Siege Booster Box,1299.99,1500.00,1050.00,1050.00,Pokemon,Box,XY - Steam Siege,,1299.99,1697.97,1500.00,TCGplayer
XY Booster Box,3900.00,4499.99,3149.99,3149.99,Pokemon,Box,XY Base Set,,3900.00,5999.99,4499.99,TCGplayer
30th Celebration Elite Trainer Box [Pokemon Center],310.00,310.00,217.00,217.00,Pokemon,Coffret,30th Celebration,310.00,,,,PriceCharting
30th Celebration Sealed Tin: Greninja ex,69.32,69.32,48.52,48.52,Pokemon,Coffret,30th Celebration,69.32,,,,PriceCharting
30th Celebration Sealed Tin: Sylveon ex,58.15,58.15,40.70,40.70,Pokemon,Coffret,30th Celebration,58.15,,,,PriceCharting
Premium Trainer's XY Collection,2750.00,2750.00,1925.00,1925.00,Pokemon,Coffret,Alternate Art Promos,,2750.00,3499.99,2750.00,TCGplayer
Ancient Origins Rayquaza Pin Collection,598.53,598.53,418.97,418.97,Pokemon,Coffret,Ancient Origins,598.53,,,,PriceCharting
Ancient Origins Tyranitar Pin Collection,420.00,420.00,294.00,294.00,Pokemon,Coffret,Ancient Origins,420.00,,,,PriceCharting
Arceus Collector's Tin [Green],8000.00,8000.00,5600.00,5600.00,Pokemon,Coffret,Arceus,,,8000.00,8000.00,TCGplayer
Arceus Darkrai 3-Pack Blister,42.50,42.50,29.75,29.75,Pokemon,Coffret,Arceus,42.50,,,,PriceCharting
Ascended Heroes 2 Pack Blister Collection: Erika,30.00,30.00,21.00,21.00,Pokemon,Coffret,Ascended Heroes,30.00,,,,PriceCharting
Ascended Heroes 2 Pack Blister Collection: Larry,29.92,29.92,20.94,20.94,Pokemon,Coffret,Ascended Heroes,29.92,,,,PriceCharting
Ascended Heroes Elite Trainer Box [Pokemon Center],371.63,371.63,260.14,260.14,Pokemon,Coffret,Ascended Heroes,371.63,,,,PriceCharting
Ascended Heroes Sealed Premium Poster Collection: Mega Gardevoir,144.48,144.48,101.14,101.14,Pokemon,Coffret,Ascended Heroes,144.48,,,,PriceCharting
Ascended Heroes Sealed Tin [Mega Feraligatr Ex],46.42,46.42,32.49,32.49,Pokemon,Coffret,Ascended Heroes,46.42,,,,PriceCharting
Ascended Heroes Tech Sticker Collection: Charmander,37.42,37.42,26.19,26.19,Pokemon,Coffret,Ascended Heroes,37.42,,,,PriceCharting
Ascended Heroes Tech Sticker Collection: Gastly,45.88,45.88,32.12,32.12,Pokemon,Coffret,Ascended Heroes,45.88,,,,PriceCharting
Astral Radiance Back to School Eevee Eraser 2-Pack Blister,59.47,59.47,41.63,41.63,Pokemon,Coffret,Astral Radiance,59.47,,,,PriceCharting
Astral Radiance Eevee 3-Pack Blister,42.99,42.99,30.09,30.09,Pokemon,Coffret,Astral Radiance,42.99,,,,PriceCharting
Astral Radiance Elite Trainer Box [Pokemon Center],192.49,192.49,134.74,134.74,Pokemon,Coffret,Astral Radiance,192.49,,,,PriceCharting
Astral Radiance Hanger Box,42.50,42.50,29.75,29.75,Pokemon,Coffret,Astral Radiance,42.50,,,,PriceCharting
Astral Radiance Jirachi V Box,67.75,67.75,47.42,47.42,Pokemon,Coffret,Astral Radiance,67.75,,,,PriceCharting
Astral Radiance Sylveon 3-Pack Blister,30.02,30.02,21.01,21.01,Pokemon,Coffret,Astral Radiance,30.02,,,,PriceCharting
Astral Radiance Toxel 1-Pack Blister,14.99,14.99,10.49,10.49,Pokemon,Coffret,Astral Radiance,14.99,,,,PriceCharting
Battle Styles Blastoise VMAX Battle Box,99.99,99.99,69.99,69.99,Pokemon,Coffret,Battle Styles,99.99,,,,PriceCharting
Battle Styles Dragonite V Box,115.00,115.00,80.50,80.50,Pokemon,Coffret,Battle Styles,115.00,,,,PriceCharting
Battle Styles Eevee 3-Pack Blister,29.95,29.95,20.96,20.96,Pokemon,Coffret,Battle Styles,29.95,,,,PriceCharting
Battle Styles Elite Trainer Box [Rapid Strike Urshifu],120.00,120.00,84.00,84.00,Pokemon,Coffret,Battle Styles,120.00,,,,PriceCharting
Battle Styles Elite Trainer Box [Single Strike Urshifu],113.83,113.83,79.68,79.68,Pokemon,Coffret,Battle Styles,113.83,,,,PriceCharting
Battle Styles Jolteon 3-Pack Blister,34.90,34.90,24.43,24.43,Pokemon,Coffret,Battle Styles,34.90,,,,PriceCharting
Battle Styles Spring 2021 Collector Chest,52.67,52.67,36.87,36.87,Pokemon,Coffret,Battle Styles,52.67,,,,PriceCharting
Battle Styles V Powers Tin: Eevee V,75.00,75.00,52.50,52.50,Pokemon,Coffret,Battle Styles,75.00,,,,PriceCharting
Battle Styles V Powers Tin: Eternatus V,68.00,68.00,47.60,47.60,Pokemon,Coffret,Battle Styles,68.00,,,,PriceCharting
Battle Styles V Powers Tin: Eternatus V [International],37.82,37.82,26.47,26.47,Pokemon,Coffret,Battle Styles,37.82,,,,PriceCharting
Battle Styles V Powers Tin: Pikachu V,31.00,31.00,21.70,21.70,Pokemon,Coffret,Battle Styles,31.00,,,,PriceCharting
Battle Styles V Strikers Tin - Empoleon,81.91,81.91,57.34,57.34,Pokemon,Coffret,Battle Styles,81.91,,,,PriceCharting
Battle Styles V Strikers Tin - Empoleon [International],74.96,74.96,52.47,52.47,Pokemon,Coffret,Battle Styles,74.96,,,,PriceCharting
Battle Styles V Strikers Tin - Tyranitar,101.93,101.93,71.35,71.35,Pokemon,Coffret,Battle Styles,101.93,,,,PriceCharting
Battle Styles V Strikers Tin - Tyranitar [International],56.14,56.14,39.30,39.30,Pokemon,Coffret,Battle Styles,56.14,,,,PriceCharting
Battle Styles Venusaur VMAX Battle Box,88.67,88.67,62.07,62.07,Pokemon,Coffret,Battle Styles,88.67,,,,PriceCharting
Black Bolt Elite Trainer Box [Pokemon Center],259.75,259.75,181.82,181.82,Pokemon,Coffret,Black Bolt,259.75,,,,PriceCharting
Breakpoint Elite Trainer Box,736.95,736.95,515.87,515.87,Pokemon,Coffret,Breakpoint,736.95,,,,PriceCharting
Breakpoint Triple Power Tin: Gyarados,397.97,397.97,278.58,278.58,Pokemon,Coffret,Breakpoint,397.97,,,,PriceCharting
Breakpoint Triple Power Tin: Mewtwo,145.00,145.00,101.50,101.50,Pokemon,Coffret,Breakpoint,145.00,,,,PriceCharting
Breakpoint Triple Powers Tin: Machamp,250.00,250.00,175.00,175.00,Pokemon,Coffret,Breakpoint,250.00,,,,PriceCharting
Brilliant Stars Arceus Spring 2022 Collector's Chest,83.54,83.54,58.48,58.48,Pokemon,Coffret,Brilliant Stars,83.54,,,,PriceCharting
Brilliant Stars Arceus VSTAR Premium Collection,270.38,270.38,189.27,189.27,Pokemon,Coffret,Brilliant Stars,270.38,,,,PriceCharting
Brilliant Stars Arceus VSTAR Ultra Premium Collection Box,370.04,370.04,259.03,259.03,Pokemon,Coffret,Brilliant Stars,370.04,,,,PriceCharting
Brilliant Stars Boltund V Box,88.82,88.82,62.17,62.17,Pokemon,Coffret,Brilliant Stars,88.82,,,,PriceCharting
Brilliant Stars Build & Battle Kit,41.22,41.22,28.85,28.85,Pokemon,Coffret,Brilliant Stars,41.22,,,,PriceCharting
Brilliant Stars Eevee 1-pack Blister,20.50,20.50,14.35,14.35,Pokemon,Coffret,Brilliant Stars,20.50,,,,PriceCharting
Brilliant Stars Elite Trainer Box [Pokemon Center],227.74,227.74,159.42,159.42,Pokemon,Coffret,Brilliant Stars,227.74,,,,PriceCharting
Brilliant Stars Flapple 1-Pack Blister,12.34,12.34,8.64,8.64,Pokemon,Coffret,Brilliant Stars,12.34,,,,PriceCharting
Brilliant Stars Glaceon 3-Pack Blister,44.69,44.69,31.28,31.28,Pokemon,Coffret,Brilliant Stars,44.69,,,,PriceCharting
Brilliant Stars Leafeon 3-Pack Blister,83.32,83.32,58.32,58.32,Pokemon,Coffret,Brilliant Stars,83.32,,,,PriceCharting
Brilliant Stars Lucario Vstar Premium Collection Box,84.96,84.96,59.47,59.47,Pokemon,Coffret,Brilliant Stars,84.96,,,,PriceCharting
Brilliant Stars Pikachu V Box,72.97,72.97,51.08,51.08,Pokemon,Coffret,Brilliant Stars,72.97,,,,PriceCharting
Brilliant Stars V Heroes Epseon Tin,48.09,48.09,33.66,33.66,Pokemon,Coffret,Brilliant Stars,48.09,,,,PriceCharting
Brilliant Stars V Heroes Sylveon Tin,85.50,85.50,59.85,59.85,Pokemon,Coffret,Brilliant Stars,85.50,,,,PriceCharting
Brilliant Stars V Heroes Umbreon Tin,60.00,60.00,42.00,42.00,Pokemon,Coffret,Brilliant Stars,60.00,,,,PriceCharting
Burning Shadows Cosmog 3-Pack Blister,43.57,43.57,30.50,30.50,Pokemon,Coffret,Burning Shadows,43.57,,,,PriceCharting
Burning Shadows Team Skull Pin Collection Box,210.00,210.00,147.00,147.00,Pokemon,Coffret,Burning Shadows,210.00,,,,PriceCharting
Celebrations Collection [Dark Sylveon V],164.85,164.85,115.39,115.39,Pokemon,Coffret,Celebrations,,164.85,188.70,110.00,TCGplayer
Celebrations Collection [Dragapult Prime],78.62,95.90,67.13,67.13,Pokemon,Coffret,Celebrations,,78.62,101.90,95.90,TCGplayer
Celebrations Collection [Lance's Charizard V],153.78,153.78,107.65,107.65,Pokemon,Coffret,Celebrations,,153.78,163.99,120.00,TCGplayer
Celebrations Collection [Pikachu V-UNION],201.21,201.21,140.85,140.85,Pokemon,Coffret,Celebrations,,201.21,218.07,177.19,TCGplayer
Celebrations Collector Chest,165.25,186.03,130.22,130.22,Pokemon,Coffret,Celebrations,165.25,206.82,217.49,25.00,PriceCharting + TCGplayer
Celebrations Dark Sylveon Tin,122.50,122.50,85.75,85.75,Pokemon,Coffret,Celebrations,122.50,,,,PriceCharting
Celebrations Dark Sylveon Tin [International],125.00,125.00,87.50,87.50,Pokemon,Coffret,Celebrations,125.00,,,,PriceCharting
Celebrations Dark Sylveon V Box,142.75,142.75,99.92,99.92,Pokemon,Coffret,Celebrations,142.75,,,,PriceCharting
Celebrations Deluxe Pin Collection [Zacian LV. X],136.91,136.91,95.84,95.84,Pokemon,Coffret,Celebrations,,136.91,150.00,128.98,TCGplayer
Celebrations Deluxe Pin Collection Box,124.94,124.94,87.46,87.46,Pokemon,Coffret,Celebrations,124.94,,,,PriceCharting
Celebrations Dragapult Prime Box,80.25,80.25,56.17,56.17,Pokemon,Coffret,Celebrations,80.25,,,,PriceCharting
Celebrations Elite Trainer Box,306.79,353.42,247.39,247.39,Pokemon,Coffret,Celebrations,306.79,356.84,465.00,350.00,PriceCharting + TCGplayer
Celebrations Elite Trainer Box [Pokemon Center],490.00,490.00,343.00,343.00,Pokemon,Coffret,Celebrations,490.00,,,,PriceCharting
Celebrations Genesect Mythical Collection Box,440.00,440.00,308.00,308.00,Pokemon,Coffret,Celebrations,440.00,,,,PriceCharting
Celebrations Keldeo Mythical Collection Box,399.97,399.97,279.98,279.98,Pokemon,Coffret,Celebrations,399.97,,,,PriceCharting
Celebrations Lance's Charizard V Big Tin,192.50,192.50,134.75,134.75,Pokemon,Coffret,Celebrations,192.50,,,,PriceCharting
Celebrations Lance's Charizard V Box,147.50,147.50,103.25,103.25,Pokemon,Coffret,Celebrations,147.50,,,,PriceCharting
Celebrations Lance's Charizard V Tin,142.03,142.03,99.42,99.42,Pokemon,Coffret,Celebrations,142.03,,,,PriceCharting
Celebrations Manaphy Mythical Collection Box,555.00,555.00,388.50,388.50,Pokemon,Coffret,Celebrations,555.00,,,,PriceCharting
Celebrations Meloetta Mythical Collection Box,399.97,399.97,279.98,279.98,Pokemon,Coffret,Celebrations,399.97,,,,PriceCharting
Celebrations Mini Tin [Galar],54.02,69.69,48.78,48.78,Pokemon,Coffret,Celebrations,,54.02,84.84,69.69,TCGplayer
Celebrations Mini Tin [Hoenn],62.77,69.69,48.78,48.78,Pokemon,Coffret,Celebrations,,62.77,90.34,69.69,TCGplayer
Celebrations Mini Tin [Johto],63.32,64.69,45.28,45.28,Pokemon,Coffret,Celebrations,,63.32,99.99,64.69,TCGplayer
Celebrations Mini Tin [Kanto],74.99,75.48,52.84,52.84,Pokemon,Coffret,Celebrations,74.99,67.99,89.00,75.98,PriceCharting + TCGplayer
Celebrations Mini Tin [Sinnoh],60.67,69.68,48.78,48.78,Pokemon,Coffret,Celebrations,,60.67,90.50,69.68,TCGplayer
Celebrations Mini Tin [Unova],52.92,63.24,44.27,44.27,Pokemon,Coffret,Celebrations,,52.92,84.69,63.24,TCGplayer
Celebrations Pokemon Center Elite Trainer Box (Exclusive),514.57,514.57,360.20,360.20,Pokemon,Coffret,Celebrations,,514.57,699.99,469.99,TCGplayer
Celebrations Premium Figure Collection [Pikachu VMAX],301.40,301.40,210.98,210.98,Pokemon,Coffret,Celebrations,,301.40,321.69,273.95,TCGplayer
Celebrations Premium Figure Collection Pikachu VMAX Box,216.43,216.43,151.50,151.50,Pokemon,Coffret,Celebrations,216.43,,,,PriceCharting
Celebrations Premium Playmat Collection [Pikachu V-UNION],239.45,239.95,167.96,167.96,Pokemon,Coffret,Celebrations,,239.45,256.00,239.95,TCGplayer
Celebrations Premium Playmat Collection Box [Pikachu V-UNION],239.95,239.95,167.96,167.96,Pokemon,Coffret,Celebrations,239.95,,,,PriceCharting
Celebrations Prime Collection,302.55,371.97,260.38,260.38,Pokemon,Coffret,Celebrations,302.55,359.18,398.99,384.75,PriceCharting + TCGplayer
Celebrations Special Collection - V Memories,199.79,199.79,139.85,139.85,Pokemon,Coffret,Celebrations,,199.79,221.00,182.98,TCGplayer
Celebrations Special Collection: Pikachu V-UNION Box,184.88,184.88,129.42,129.42,Pokemon,Coffret,Celebrations,184.88,,,,PriceCharting
Celebrations Ultra Premium Collection Box,1126.00,1126.00,788.20,788.20,Pokemon,Coffret,Celebrations,1126.00,,,,PriceCharting
Celebrations Ultra-Premium Collection,1227.74,1227.74,859.42,859.42,Pokemon,Coffret,Celebrations,,1227.74,1400.00,25.00,TCGplayer
Celebrations V Memories Collection Box,174.49,174.49,122.14,122.14,Pokemon,Coffret,Celebrations,174.49,,,,PriceCharting
Celebrations Victini Mythical Collection Box,509.67,509.67,356.77,356.77,Pokemon,Coffret,Celebrations,509.67,,,,PriceCharting
Pokemon Celebrations International Tin [Dark Sylveon V],127.85,127.85,89.49,89.49,Pokemon,Coffret,Celebrations,,127.85,139.00,125.37,TCGplayer
Pokemon Celebrations International Tin [Lance's Charizard V],110.84,129.99,90.99,90.99,Pokemon,Coffret,Celebrations,,110.84,152.00,129.99,TCGplayer
Pokemon Celebrations International Tin [Set of 2],250.58,289.99,202.99,202.99,Pokemon,Coffret,Celebrations,,250.58,289.99,289.99,TCGplayer
Pokemon Celebrations Tin [Dark Sylveon V],173.99,321.99,225.39,225.39,Pokemon,Coffret,Celebrations,,173.99,355.00,321.99,TCGplayer
Pokemon Celebrations Tin [Lance's Charizard V],187.73,385.00,269.50,269.50,Pokemon,Coffret,Celebrations,,187.73,392.50,385.00,TCGplayer
Pokemon Celebrations Tin [Set of 2],500.00,500.00,350.00,350.00,Pokemon,Coffret,Celebrations,,,500.00,500.00,TCGplayer
Champion's Path Booster Pack Art Bundle [Set of 4],84.35,87.95,61.56,61.56,Pokemon,Coffret,Champion's Path,,84.35,87.95,87.95,TCGplayer
Champion's Path Collection [Dubwool V],63.74,63.74,44.62,44.62,Pokemon,Coffret,Champion's Path,,63.74,71.83,60.00,TCGplayer
Champion's Path Elite Trainer Box,215.70,215.70,150.99,150.99,Pokemon,Coffret,Champion's Path,,215.70,241.58,194.41,TCGplayer
Champion's Path Pin Collection [Ballonlea Gym],58.58,68.00,47.60,47.60,Pokemon,Coffret,Champion's Path,,58.58,74.99,68.00,TCGplayer
Champion's Path Pin Collection [Hammerlocke Gym],47.75,47.75,33.42,33.42,Pokemon,Coffret,Champion's Path,,47.75,54.98,40.00,TCGplayer
Champion's Path Pin Collection [Hulbury Gym],59.71,64.99,45.49,45.49,Pokemon,Coffret,Champion's Path,,59.71,77.00,64.99,TCGplayer
Champion's Path Pin Collection [Motostoke Gym],62.75,75.00,52.50,52.50,Pokemon,Coffret,Champion's Path,,62.75,88.00,75.00,TCGplayer
Champion's Path Pin Collection [Spikemuth Gym],56.99,59.99,41.99,41.99,Pokemon,Coffret,Champion's Path,,56.99,59.99,59.99,TCGplayer
Champion's Path Pin Collection [Turffield Gym],59.94,59.94,41.96,41.96,Pokemon,Coffret,Champion's Path,,59.94,75.00,51.96,TCGplayer
Champion's Path Premium Collection [Marnie],138.52,138.52,96.96,96.96,Pokemon,Coffret,Champion's Path,,138.52,177.98,138.52,TCGplayer
Champion's Path Special Pin Collection [Circhester],76.64,99.99,69.99,69.99,Pokemon,Coffret,Champion's Path,,76.64,108.00,99.99,TCGplayer
Champion's Path Special Pin Collection [Stow-on-Side],272.63,280.00,196.00,196.00,Pokemon,Coffret,Champion's Path,,272.63,305.99,280.00,TCGplayer
Chaos Rising Booster Bundle,36.95,36.95,25.87,25.87,Pokemon,Coffret,Chaos Rising,36.95,,,,PriceCharting
Chaos Rising Build & Battle Box,45.05,45.05,31.53,31.53,Pokemon,Coffret,Chaos Rising,45.05,,,,PriceCharting
Chaos Rising Elite Trainer Box,66.75,66.75,46.72,46.72,Pokemon,Coffret,Chaos Rising,66.75,,,,PriceCharting
Chaos Rising Elite Trainer Box [Pokemon Center],111.26,111.26,77.88,77.88,Pokemon,Coffret,Chaos Rising,111.26,,,,PriceCharting
Chilling Reign Elite Trainer Box [Ice Rider Pokemon Center],173.00,173.00,121.10,121.10,Pokemon,Coffret,Chilling Reign,173.00,,,,PriceCharting
Chilling Reign Elite Trainer Box [Ice Rider],135.50,135.50,94.85,94.85,Pokemon,Coffret,Chilling Reign,135.50,,,,PriceCharting
Chilling Reign Elite Trainer Box [Shadow Rider Pokemon Center],184.76,184.76,129.33,129.33,Pokemon,Coffret,Chilling Reign,184.76,,,,PriceCharting
Chilling Reign Elite Trainer Box [Shadow Rider],141.92,141.92,99.34,99.34,Pokemon,Coffret,Chilling Reign,141.92,,,,PriceCharting
Chinese 151 Collect Chinese New Year Collection Box,101.70,101.70,71.19,71.19,Pokemon,Coffret,Chinese 151 Collect,101.70,,,,PriceCharting
Chinese Cs4ac Eeveelution Gift Box: Flareon,175.24,175.24,122.67,122.67,Pokemon,Coffret,Chinese Cs4ac,175.24,,,,PriceCharting
Chinese Cs4ac Eeveelution Gift Box: Jolteon,175.74,175.74,123.02,123.02,Pokemon,Coffret,Chinese Cs4ac,175.74,,,,PriceCharting
Chinese Cs4ac Eeveelution Gift Box: Vaporeon,190.00,190.00,133.00,133.00,Pokemon,Coffret,Chinese Cs4ac,190.00,,,,PriceCharting
Chinese Gem Pack Gem Pack Badge Collection,18.29,18.29,12.80,12.80,Pokemon,Coffret,Chinese Gem Pack,18.29,,,,PriceCharting
Chinese Promo 2026 Lunar New Year Gift Box,60.00,60.00,42.00,42.00,Pokemon,Coffret,Chinese Promo,60.00,,,,PriceCharting
Chinese Promo Chinese Pokemon 5th Anniversary Gift Box,2848.60,2848.60,1994.02,1994.02,Pokemon,Coffret,Chinese Promo,2848.60,,,,PriceCharting
Chinese Promo Metal Pack Storage Box Set,66.99,66.99,46.89,46.89,Pokemon,Coffret,Chinese Promo,66.99,,,,PriceCharting
Chinese Promo Pikachu V-Union Gift Box,27.99,27.99,19.59,19.59,Pokemon,Coffret,Chinese Promo,27.99,,,,PriceCharting
Cosmic Eclipse 2-Pack Blister,111.00,111.00,77.70,77.70,Pokemon,Coffret,Cosmic Eclipse,111.00,,,,PriceCharting
Cosmic Eclipse 3-Pack Blister,164.92,164.92,115.44,115.44,Pokemon,Coffret,Cosmic Eclipse,164.92,,,,PriceCharting
Cosmic Eclipse Galarian Sirfetch'D V Box,56.96,56.96,39.87,39.87,Pokemon,Coffret,Cosmic Eclipse,56.96,,,,PriceCharting
Cosmic Eclipse Tag Team Powers Collection Box: Espeon & Deoxys GX,1663.71,1663.71,1164.60,1164.60,Pokemon,Coffret,Cosmic Eclipse,1663.71,,,,PriceCharting
Cosmic Eclipse Tag Team Powers Collection Box: Umbreon & Darkrai GX,1670.82,1670.82,1169.57,1169.57,Pokemon,Coffret,Cosmic Eclipse,1670.82,,,,PriceCharting
Crimson Invasion Legends Of Johto GX Collection,160.76,160.76,112.53,112.53,Pokemon,Coffret,Crimson Invasion,160.76,,,,PriceCharting
Crimson Invasion Ultra Beasts GX Premium Collection: Pheromosa GX & Celesteela GX,370.49,370.49,259.34,259.34,Pokemon,Coffret,Crimson Invasion,370.49,,,,PriceCharting
Crown Zenith Elite Trainer Box Plus,531.49,531.49,372.04,372.04,Pokemon,Coffret,Crown Zenith,531.49,,,,PriceCharting
Crown Zenith Galarian Articuno Tin,80.43,80.43,56.30,56.30,Pokemon,Coffret,Crown Zenith,80.43,,,,PriceCharting
Crown Zenith Galarian Articuno Tin [International],94.99,94.99,66.49,66.49,Pokemon,Coffret,Crown Zenith,94.99,,,,PriceCharting
Crown Zenith Galarian Moltres Tin #None,112.28,112.28,78.60,78.60,Pokemon,Coffret,Crown Zenith,112.28,,,,PriceCharting
Crown Zenith Galarian Zapdos Tin #None,50.94,50.94,35.66,35.66,Pokemon,Coffret,Crown Zenith,50.94,,,,PriceCharting
Crown Zenith Hisuian Zoroark VSTAR Premium Collection Box,119.11,119.11,83.38,83.38,Pokemon,Coffret,Crown Zenith,119.11,,,,PriceCharting
Crown Zenith Lugia V & Unown V Special Collection,175.00,175.00,122.50,122.50,Pokemon,Coffret,Crown Zenith,175.00,,,,PriceCharting
Crown Zenith Mini Tin [Bede],49.99,49.99,34.99,34.99,Pokemon,Coffret,Crown Zenith,49.99,,,,PriceCharting
Crown Zenith Mini Tin [Hop],49.77,49.77,34.84,34.84,Pokemon,Coffret,Crown Zenith,49.77,,,,PriceCharting
Crown Zenith Morpeko V-Union Premium Playmat Collection Box,139.00,139.00,97.30,97.30,Pokemon,Coffret,Crown Zenith,139.00,,,,PriceCharting
Crown Zenith Regidrago V Collection,94.21,94.21,65.95,65.95,Pokemon,Coffret,Crown Zenith,94.21,,,,PriceCharting
Crown Zenith Regieleki V Collection,97.41,97.41,68.19,68.19,Pokemon,Coffret,Crown Zenith,97.41,,,,PriceCharting
Crown Zenith Sea And Sky Premium Collection Box,373.75,373.75,261.62,261.62,Pokemon,Coffret,Crown Zenith,373.75,,,,PriceCharting
Crown Zenith Shiny Zacian Premium Figure Collection Box,315.00,315.00,220.50,220.50,Pokemon,Coffret,Crown Zenith,315.00,,,,PriceCharting
Crown Zenith Shiny Zamazenta Premium Figure Collection Box,422.57,422.57,295.80,295.80,Pokemon,Coffret,Crown Zenith,422.57,,,,PriceCharting
Dark Explorers Luxray 3-Pack Blister,499.00,499.00,349.30,349.30,Pokemon,Coffret,Dark Explorers,499.00,,,,PriceCharting
Darkness Ablaze Eevee 3-Pack Blister,35.99,35.99,25.19,25.19,Pokemon,Coffret,Darkness Ablaze,35.99,,,,PriceCharting
Darkness Ablaze Eternatus VMAX Premium Collection Box,107.50,107.50,75.25,75.25,Pokemon,Coffret,Darkness Ablaze,107.50,,,,PriceCharting
Destined Rivals Elite Trainer Box [Pokemon Center],423.01,423.01,296.11,296.11,Pokemon,Coffret,Destined Rivals,423.01,,,,PriceCharting
Destined Rivals Team Rocket Tin: Mewtwo Ex,62.00,62.00,43.40,43.40,Pokemon,Coffret,Destined Rivals,62.00,,,,PriceCharting
Destined Rivals Team Rocket Tin: Mewtwo ex [International],114.99,114.99,80.49,80.49,Pokemon,Coffret,Destined Rivals,114.99,,,,PriceCharting
Destined Rivals Team Rocket Tin: Nidoking ex,46.69,46.69,32.68,32.68,Pokemon,Coffret,Destined Rivals,46.69,,,,PriceCharting
Destined Rivals Team Rocket Tin: Nidoking ex [International],37.94,37.94,26.56,26.56,Pokemon,Coffret,Destined Rivals,37.94,,,,PriceCharting
Destined Rivals Team Rocket Tin: Persian ex,46.84,46.84,32.79,32.79,Pokemon,Coffret,Destined Rivals,46.84,,,,PriceCharting
Destined Rivals Team Rocket Tin: Persian ex [International],99.99,99.99,69.99,69.99,Pokemon,Coffret,Destined Rivals,99.99,,,,PriceCharting
Destined Rivals Team Rocket's Mewtwo ex Box,53.51,53.51,37.46,37.46,Pokemon,Coffret,Destined Rivals,53.51,,,,PriceCharting
Detective Pikachu Cafe Figure Collection,487.50,481.25,336.88,336.88,Pokemon,Coffret,Detective Pikachu,,,487.50,475.00,TCGplayer
Detective Pikachu Collectors Chest,185.00,185.00,129.50,129.50,Pokemon,Coffret,Detective Pikachu,185.00,,,,PriceCharting
Detective Pikachu Tin [Charizard],169.91,297.97,208.58,208.58,Pokemon,Coffret,Detective Pikachu,,169.91,297.97,297.97,TCGplayer
Detective Pikachu Tin [Mewtwo],120.00,262.32,183.62,183.62,Pokemon,Coffret,Detective Pikachu,120.00,149.97,387.17,374.67,PriceCharting + TCGplayer
Detective Pikachu: Collector Chest,372.33,379.00,265.30,265.30,Pokemon,Coffret,Detective Pikachu,,372.33,390.95,379.00,TCGplayer
Double Crisis 4-Pack Blister Pack,1551.34,1551.34,1085.94,1085.94,Pokemon,Coffret,Double Crisis,1551.34,,,,PriceCharting
Dragon Majesty Elite Trainer Box,1159.07,1228.24,859.77,859.77,Pokemon,Coffret,Dragon Majesty,1159.07,1256.49,1612.49,1200.00,PriceCharting + TCGplayer
Dragon Majesty Legends Of Unova GX Collection Box,398.61,398.61,279.03,279.03,Pokemon,Coffret,Dragon Majesty,398.61,,,,PriceCharting
Dragon Majesty Pin Collection [Latias],399.00,399.00,279.30,279.30,Pokemon,Coffret,Dragon Majesty,,399.00,,,TCGplayer
Dragon Majesty Pin Collection [Latios],450.00,450.00,315.00,315.00,Pokemon,Coffret,Dragon Majesty,,,450.00,450.00,TCGplayer
Dragon Majesty Pin Collection Box: Latias,307.99,307.99,215.59,215.59,Pokemon,Coffret,Dragon Majesty,307.99,,,,PriceCharting
Dragon Majesty Pin Collection Box: Latios,328.55,328.55,229.98,229.98,Pokemon,Coffret,Dragon Majesty,328.55,,,,PriceCharting
Dragon Majesty Special Collection: Salamence GX,999.99,999.99,699.99,699.99,Pokemon,Coffret,Dragon Majesty,,,999.99,999.99,TCGplayer
Dragon Majesty Special Collection: White Kyurem GX,588.97,582.12,407.48,407.48,Pokemon,Coffret,Dragon Majesty,,,588.97,575.27,TCGplayer
Dragon Majesty Super Premium Collection Box,1039.18,1039.18,727.43,727.43,Pokemon,Coffret,Dragon Majesty,1039.18,,,,PriceCharting
Dragon Majesty Super-Premium Collection,1699.99,2249.00,1574.30,1574.30,Pokemon,Coffret,Dragon Majesty,,1699.99,2250.00,2249.00,TCGplayer
Dragon Majesty Ultra Necrozma GX Box,400.00,400.00,280.00,280.00,Pokemon,Coffret,Dragon Majesty,400.00,,,,PriceCharting
Legends of Unova GX Premium Collection,550.00,550.00,385.00,385.00,Pokemon,Coffret,Dragon Majesty,,,,550.00,TCGplayer
Ultra Necrozma GX Figure Collection,431.30,541.99,379.39,379.39,Pokemon,Coffret,Dragon Majesty,431.30,,541.99,541.99,PriceCharting + TCGplayer
Dragons Exalted 3-Pack Blister,511.35,511.35,357.94,357.94,Pokemon,Coffret,Dragons Exalted,511.35,,,,PriceCharting
Evolutions Elite Trainer Box [Blastoise],750.00,750.00,525.00,525.00,Pokemon,Coffret,Evolutions,750.00,,,,PriceCharting
Evolutions Elite Trainer Box [Charizard],852.30,852.30,596.61,596.61,Pokemon,Coffret,Evolutions,852.30,,,,PriceCharting
Evolutions Espeon GX Premium Collection Box,332.74,332.74,232.92,232.92,Pokemon,Coffret,Evolutions,332.74,,,,PriceCharting
Evolutions Gengar EX Box,520.01,520.01,364.01,364.01,Pokemon,Coffret,Evolutions,520.01,,,,PriceCharting
Evolutions Kanto Power Collection Box,614.99,614.99,430.49,430.49,Pokemon,Coffret,Evolutions,614.99,,,,PriceCharting
Evolutions Prerelease Kit,848.99,848.99,594.29,594.29,Pokemon,Coffret,Evolutions,848.99,,,,PriceCharting
Evolutions Sealed Mewtwo EX Box,395.00,395.00,276.50,276.50,Pokemon,Coffret,Evolutions,395.00,,,,PriceCharting
Evolutions Volcanion Mythical Collection Box,277.50,277.50,194.25,194.25,Pokemon,Coffret,Evolutions,277.50,,,,PriceCharting
Evolving Skies 2-Pack Blister,83.48,83.48,58.44,58.44,Pokemon,Coffret,Evolving Skies,83.48,,,,PriceCharting
Evolving Skies Dragonite V Box,176.48,176.48,123.54,123.54,Pokemon,Coffret,Evolving Skies,176.48,,,,PriceCharting
Evolving Skies Elite Trainer Box & Tin: Costco Bundle,587.15,587.15,411.00,411.00,Pokemon,Coffret,Evolving Skies,587.15,,,,PriceCharting
Evolving Skies Elite Trainer Box: Jolteon,510.00,510.00,357.00,357.00,Pokemon,Coffret,Evolving Skies,510.00,,,,PriceCharting
Evolving Skies Elite Trainer Box: Jolteon [Pokemon Center],1199.99,1199.99,839.99,839.99,Pokemon,Coffret,Evolving Skies,1199.99,,,,PriceCharting
Evolving Skies Elite Trainer Box: Vaporeon,464.00,464.00,324.80,324.80,Pokemon,Coffret,Evolving Skies,464.00,,,,PriceCharting
Evolving Skies Elite Trainer Box: Vaporeon [Pokemon Center],950.00,950.00,665.00,665.00,Pokemon,Coffret,Evolving Skies,950.00,,,,PriceCharting
Evolving Skies Flareon VMAX Premium Collection Box,349.83,349.83,244.88,244.88,Pokemon,Coffret,Evolving Skies,349.83,,,,PriceCharting
Evolving Skies Hanger Box,172.28,172.28,120.60,120.60,Pokemon,Coffret,Evolving Skies,172.28,,,,PriceCharting
Evolving Skies Jolteon VMAX Premium Collection Box,335.79,335.79,235.05,235.05,Pokemon,Coffret,Evolving Skies,335.79,,,,PriceCharting
Evolving Skies Mythical Squishy Premium Collection,258.50,258.50,180.95,180.95,Pokemon,Coffret,Evolving Skies,258.50,,,,PriceCharting
Evolving Skies Vaporeon VMAX Premium Collection Box,385.00,385.00,269.50,269.50,Pokemon,Coffret,Evolving Skies,385.00,,,,PriceCharting
Evolving Skies VMAX Dragons Premium Collection Box,283.84,283.84,198.69,198.69,Pokemon,Coffret,Evolving Skies,283.84,,,,PriceCharting
Fates Collide 3-Pack Pin Blister [Mega Alakazam],153.50,153.50,107.45,107.45,Pokemon,Coffret,Fates Collide,153.50,,,,PriceCharting
Fates Collide Build Battle Kit [PreRelease],200.00,200.00,140.00,140.00,Pokemon,Coffret,Fates Collide,200.00,,,,PriceCharting
First Partner Collection 2026 Series 1 Booster Pack,48.14,48.14,33.70,33.70,Pokemon,Coffret,First Partner Collection 2026,,48.14,49.99,29.99,TCGplayer
First Partner Collection 2026 Series 2 Booster Pack,19.80,19.80,13.86,13.86,Pokemon,Coffret,First Partner Collection 2026,,19.80,20.84,15.00,TCGplayer
First Partner Collection 2026 Series 3 Booster Pack,19.66,19.66,13.76,13.76,Pokemon,Coffret,First Partner Collection 2026,,19.66,20.19,13.00,TCGplayer
First Partner Illustration Collection (Series 1),64.82,64.82,45.37,45.37,Pokemon,Coffret,First Partner Collection 2026,,64.82,70.00,2.00,TCGplayer
First Partner Illustration Collection (Series 2),25.56,25.56,17.89,17.89,Pokemon,Coffret,First Partner Collection 2026,,25.56,34.97,18.16,TCGplayer
First Partner Illustration Collection (Series 3),26.59,26.59,18.61,18.61,Pokemon,Coffret,First Partner Collection 2026,,26.59,30.48,17.99,TCGplayer
Flashfire Kalos Power Tin: Delphox,502.00,502.00,351.40,351.40,Pokemon,Coffret,Flashfire,502.00,,,,PriceCharting
Fossil Thunderstorm Gift Box,1375.00,1375.00,962.50,962.50,Pokemon,Coffret,Fossil,1375.00,,,,PriceCharting
Furious Fists 2-Pack Blister,124.99,124.99,87.49,87.49,Pokemon,Coffret,Furious Fists,124.99,,,,PriceCharting
Furious Fists Slurpuff 3-Pack Blister,219.43,219.43,153.60,153.60,Pokemon,Coffret,Furious Fists,219.43,,,,PriceCharting
Fusion Strike Eevee 3-Pack Blister,71.32,71.32,49.92,49.92,Pokemon,Coffret,Fusion Strike,71.32,,,,PriceCharting
Fusion Strike Elite Trainer Box [Pokemon Center],460.65,460.65,322.45,322.45,Pokemon,Coffret,Fusion Strike,460.65,,,,PriceCharting
Fusion Strike Espeon 3-Pack Blister,69.80,69.80,48.86,48.86,Pokemon,Coffret,Fusion Strike,69.80,,,,PriceCharting
Fusion Strike Rapid Strike Urshifu VMAX Premium Collection,76.00,76.00,53.20,53.20,Pokemon,Coffret,Fusion Strike,76.00,,,,PriceCharting
Generations Arceus Mythical Collection Box,503.75,503.75,352.62,352.62,Pokemon,Coffret,Generations,503.75,,,,PriceCharting
Generations Blastoise EX: Red And Blue Collection,1256.38,1256.38,879.47,879.47,Pokemon,Coffret,Generations,1256.38,,,,PriceCharting
Generations Celebi Mythical Collection Box,565.33,565.33,395.73,395.73,Pokemon,Coffret,Generations,565.33,,,,PriceCharting
Generations Charizard EX: Red And Blue Collection,1332.62,1332.62,932.83,932.83,Pokemon,Coffret,Generations,1332.62,,,,PriceCharting
Generations Charizard EX: Red And Blue Collection [Jumbo],354.72,354.72,248.30,248.30,Pokemon,Coffret,Generations,354.72,,,,PriceCharting
Generations Darkrai Mythical Collection Box,643.50,643.50,450.45,450.45,Pokemon,Coffret,Generations,643.50,,,,PriceCharting
Generations Elite Trainer Box,3508.00,4003.99,2802.80,2802.80,Pokemon,Coffret,Generations,3508.00,2999.19,4499.99,4499.99,PriceCharting + TCGplayer
Generations Jirachi Mythical Collection Box,600.00,600.00,420.00,420.00,Pokemon,Coffret,Generations,600.00,,,,PriceCharting
Generations Mew Mythical Collection Box,753.44,753.44,527.41,527.41,Pokemon,Coffret,Generations,753.44,,,,PriceCharting
Generations Pikachu EX: Red and Blue Collection,2679.91,2679.91,1875.94,1875.94,Pokemon,Coffret,Generations,2679.91,,,,PriceCharting
Generations Shaymin Mythical Collection Box,599.63,599.63,419.74,419.74,Pokemon,Coffret,Generations,599.63,,,,PriceCharting
Generations Super-Premium Collection Box: Mew And Mewtwo,4011.78,4011.78,2808.25,2808.25,Pokemon,Coffret,Generations,4011.78,,,,PriceCharting
Generations Tag Team Premium Collection Box,952.35,952.35,666.64,666.64,Pokemon,Coffret,Generations,952.35,,,,PriceCharting
Generations Venusaur EX: Red And Blue Collection,1107.12,1107.12,774.98,774.98,Pokemon,Coffret,Generations,1107.12,,,,PriceCharting
Mythical Pokemon Collection Box [Arceus],777.67,707.58,495.31,495.31,Pokemon,Coffret,Generations,,,777.67,637.49,TCGplayer
Mythical Pokemon Collection Box [Celebi],543.33,650.00,455.00,455.00,Pokemon,Coffret,Generations,,543.33,700.00,650.00,TCGplayer
Mythical Pokemon Collection Box [Darkrai],503.25,817.77,572.44,572.44,Pokemon,Coffret,Generations,,503.25,817.77,817.77,TCGplayer
Mythical Pokemon Collection Box [Jirachi],550.33,999.99,699.99,699.99,Pokemon,Coffret,Generations,,550.33,1000.00,999.99,TCGplayer
Mythical Pokemon Collection Box [Manaphy],555.00,1000.00,700.00,700.00,Pokemon,Coffret,Generations,,555.00,1000.00,1000.00,TCGplayer
Mythical Pokemon Collection Box [Meloetta],414.99,414.99,290.49,290.49,Pokemon,Coffret,Generations,,414.99,,,TCGplayer
Mythical Pokemon Collection Box [Mew],692.69,790.00,553.00,553.00,Pokemon,Coffret,Generations,,692.69,808.10,790.00,TCGplayer
Mythical Pokemon Collection Box [Shaymin],600.00,685.00,479.50,479.50,Pokemon,Coffret,Generations,,600.00,702.50,685.00,TCGplayer
Red & Blue Collection [Blastoise EX],1444.00,732.00,512.40,512.40,Pokemon,Coffret,Generations,,1444.00,,19.99,TCGplayer
Red & Blue Collection [Pikachu EX],2995.99,10000.00,7000.00,7000.00,Pokemon,Coffret,Generations,,2995.99,10000.00,10000.00,TCGplayer
Red & Blue Collection [Venusaur EX],1999.99,1999.99,1399.99,1399.99,Pokemon,Coffret,Generations,,,1999.99,1999.99,TCGplayer
Super-Premium Collection [Mew & Mewtwo],4697.97,4697.97,3288.58,3288.58,Pokemon,Coffret,Generations,,4697.97,6989.99,350.00,TCGplayer
Go Alolan Exeggutor V Collection Box,56.96,56.96,39.87,39.87,Pokemon,Coffret,Go,56.96,,,,PriceCharting
Go Blissey Tin,40.00,40.00,28.00,28.00,Pokemon,Coffret,Go,40.00,,,,PriceCharting
Go Bulbasaur Pin Collection,52.74,52.74,36.92,36.92,Pokemon,Coffret,Go,52.74,,,,PriceCharting
Go Charmander Pin Collection,65.93,65.93,46.15,46.15,Pokemon,Coffret,Go,65.93,,,,PriceCharting
Go Eevee TIn,30.00,30.00,21.00,21.00,Pokemon,Coffret,Go,30.00,,,,PriceCharting
Go Elite Trainer Box,164.95,164.95,115.46,115.46,Pokemon,Coffret,Go,164.95,,,,PriceCharting
Go Elite Trainer Box Plus [Pokemon Center],245.00,245.00,171.50,171.50,Pokemon,Coffret,Go,245.00,,,,PriceCharting
Go Magikarp TIn,40.62,40.62,28.43,28.43,Pokemon,Coffret,Go,40.62,,,,PriceCharting
Go Mini Tin [Pikachu],28.43,28.43,19.90,19.90,Pokemon,Coffret,Go,28.43,,,,PriceCharting
Go Pikachu Tin,60.84,60.84,42.59,42.59,Pokemon,Coffret,Go,60.84,,,,PriceCharting
Go Poke Ball Tin,40.00,40.00,28.00,28.00,Pokemon,Coffret,Go,40.00,,,,PriceCharting
Go Poke Ball Tin [Ultra Ball],25.66,25.66,17.96,17.96,Pokemon,Coffret,Go,25.66,,,,PriceCharting
Go Radiant Eevee Premium Collection Box,148.06,148.06,103.64,103.64,Pokemon,Coffret,Go,148.06,,,,PriceCharting
Go Snorlax Tin,64.00,64.00,44.80,44.80,Pokemon,Coffret,Go,64.00,,,,PriceCharting
Go Squirtle Pin Collection,51.00,51.00,35.70,35.70,Pokemon,Coffret,Go,51.00,,,,PriceCharting
Go Team Instinct Special Collection Box,74.13,74.13,51.89,51.89,Pokemon,Coffret,Go,74.13,,,,PriceCharting
Go Team Mystic Special Collection Box,91.50,91.50,64.05,64.05,Pokemon,Coffret,Go,91.50,,,,PriceCharting
Go Team Valor Special Collection Box,63.64,63.64,44.55,44.55,Pokemon,Coffret,Go,63.64,,,,PriceCharting
Go V Battle Deck Bundle [Mewtwo Vs. Melmetal],43.85,43.85,30.70,30.70,Pokemon,Coffret,Go,43.85,,,,PriceCharting
Hidden Fates Booster Pack Art Bundle [Set of 4],179.44,189.00,132.30,132.30,Pokemon,Coffret,Hidden Fates,,179.44,197.49,189.00,TCGplayer
Hidden Fates Charizard GX Hidden Fates Tin,141.50,141.50,99.05,99.05,Pokemon,Coffret,Hidden Fates,141.50,,,,PriceCharting
Hidden Fates Collection [Charizard GX],204.60,227.30,159.11,159.11,Pokemon,Coffret,Hidden Fates,204.60,201.99,624.50,250.00,PriceCharting + TCGplayer
Hidden Fates Collection [Gyarados GX],179.99,179.99,125.99,125.99,Pokemon,Coffret,Hidden Fates,179.99,,,,PriceCharting
Hidden Fates Collection [Raichu GX],180.00,191.17,133.82,133.82,Pokemon,Coffret,Hidden Fates,180.00,182.33,214.00,200.00,PriceCharting + TCGplayer
Hidden Fates Elite Trainer Box,510.00,537.35,376.14,376.14,Pokemon,Coffret,Hidden Fates,510.00,564.69,648.88,49.99,PriceCharting + TCGplayer
Hidden Fates Great Ball Collection,380.00,380.00,266.00,266.00,Pokemon,Coffret,Hidden Fates,380.00,,,,PriceCharting
Hidden Fates Gyrados GX Hidden Fates Tin,97.87,97.87,68.51,68.51,Pokemon,Coffret,Hidden Fates,97.87,,,,PriceCharting
Hidden Fates Pin Collection [Mew],274.99,272.00,190.40,190.40,Pokemon,Coffret,Hidden Fates,,,274.99,269.00,TCGplayer
Hidden Fates Pin Collection [Mewtwo],240.00,327.99,229.59,229.59,Pokemon,Coffret,Hidden Fates,,240.00,450.00,327.99,TCGplayer
Hidden Fates Poke Ball Collection [Set of 2],4000.00,4000.00,2800.00,2800.00,Pokemon,Coffret,Hidden Fates,,,4000.00,4000.00,TCGplayer
Hidden Fates Poke Ball Collection [Shiny Metagross],555.16,599.99,419.99,419.99,Pokemon,Coffret,Hidden Fates,,555.16,600.00,599.99,TCGplayer
Hidden Fates Poke Ball Collection [Shiny Zoroark],600.00,592.50,414.75,414.75,Pokemon,Coffret,Hidden Fates,,,600.00,585.00,TCGplayer
Hidden Fates Premium Powers Collection,746.59,803.82,562.67,562.67,Pokemon,Coffret,Hidden Fates,746.59,751.66,869.99,855.98,PriceCharting + TCGplayer
Hidden Fates Raichu GX Hidden Fates Tin,134.46,134.46,94.12,94.12,Pokemon,Coffret,Hidden Fates,134.46,,,,PriceCharting
Hidden Fates Tin [Charizard GX],174.46,174.46,122.12,122.12,Pokemon,Coffret,Hidden Fates,,174.46,225.00,12.00,TCGplayer
Hidden Fates Tin [Gyarados GX],167.34,208.00,145.60,145.60,Pokemon,Coffret,Hidden Fates,,167.34,294.97,208.00,TCGplayer
Hidden Fates Tin [Raichu GX],178.11,178.11,124.68,124.68,Pokemon,Coffret,Hidden Fates,,178.11,212.50,0.75,TCGplayer
Hidden Fates Tin [Set of 3],482.99,584.99,409.49,409.49,Pokemon,Coffret,Hidden Fates,,482.99,600.00,584.99,TCGplayer
Hidden Fates Ultra Ball Collection,205.41,205.41,143.79,143.79,Pokemon,Coffret,Hidden Fates,205.41,,,,PriceCharting
Hidden Fates Ultra Premium Collection Box,1228.70,1228.70,860.09,860.09,Pokemon,Coffret,Hidden Fates,1228.70,,,,PriceCharting
Hidden Fates Ultra-Premium Collection,1350.00,1900.00,1330.00,1330.00,Pokemon,Coffret,Hidden Fates,,1350.00,1900.00,1900.00,TCGplayer
Japanese 10th Movie Commemoration Promo Commemoration Set,781.99,781.99,547.39,547.39,Pokemon,Coffret,Japanese 10th Movie Commemoration Promo,781.99,,,,PriceCharting
Japanese 20th Anniversary 3-Pack Blister,3110.12,3110.12,2177.08,2177.08,Pokemon,Coffret,Japanese 20th Anniversary,3110.12,,,,PriceCharting
Japanese 25th Anniversary Collection Special Collection Box,349.99,349.99,244.99,244.99,Pokemon,Coffret,Japanese 25th Anniversary Collection,349.99,,,,PriceCharting
Japanese 25th Anniversary Golden Box Sealed 25th Anniversary Golden Box,1840.04,1840.04,1288.03,1288.03,Pokemon,Coffret,Japanese 25th Anniversary Golden Box,1840.04,,,,PriceCharting
Japanese Battle Partners Lillie's File Set Collection,49.61,49.61,34.73,34.73,Pokemon,Coffret,Japanese Battle Partners,49.61,,,,PriceCharting
Japanese Battle Partners N's File Set Collection,58.81,58.81,41.17,41.17,Pokemon,Coffret,Japanese Battle Partners,58.81,,,,PriceCharting
Japanese Darkness And To Light Energy Stadium,2.94,2.94,2.06,2.06,Pokemon,Coffret,Japanese Darkness And To Light,2.94,,,,PriceCharting
Japanese Darkness And To Light Lucky Stadium,11.00,11.00,7.70,7.70,Pokemon,Coffret,Japanese Darkness And To Light,11.00,,,,PriceCharting
Japanese Eevee Heroes Gym Box,2225.00,2225.00,1557.50,1557.50,Pokemon,Coffret,Japanese Eevee Heroes,2225.00,,,,PriceCharting
Japanese Eevee Heroes Sealed Promo Box,60.38,60.38,42.27,42.27,Pokemon,Coffret,Japanese Eevee Heroes,60.38,,,,PriceCharting
Japanese Go Card File Set,100.00,100.00,70.00,70.00,Pokemon,Coffret,Japanese Go,100.00,,,,PriceCharting
Japanese Go Sealed Special Set,146.89,146.89,102.82,102.82,Pokemon,Coffret,Japanese Go,146.89,,,,PriceCharting
Japanese Mask Of Change Special Jumbo Card Set Ogerpon,47.89,47.89,33.52,33.52,Pokemon,Coffret,Japanese Mask Of Change,47.89,,,,PriceCharting
Japanese Mega Brave Pokemon Center Set,194.96,194.96,136.47,136.47,Pokemon,Coffret,Japanese Mega Brave,194.96,,,,PriceCharting
Japanese Mega Brave Premium Trainer Box MEGA,103.59,103.59,72.51,72.51,Pokemon,Coffret,Japanese Mega Brave,103.59,,,,PriceCharting
Japanese Mega Symphonia Pokemon Center Set,199.25,199.25,139.47,139.47,Pokemon,Coffret,Japanese Mega Symphonia,199.25,,,,PriceCharting
Japanese Neo Premium File Premium File Folder 1,174.68,174.68,122.28,122.28,Pokemon,Coffret,Japanese Neo Premium File,174.68,,,,PriceCharting
Japanese Neo Premium File Premium File Folder 2,763.52,763.52,534.46,534.46,Pokemon,Coffret,Japanese Neo Premium File,763.52,,,,PriceCharting
Japanese Neo Premium File Premium File Folder 3,552.22,552.22,386.55,386.55,Pokemon,Coffret,Japanese Neo Premium File,552.22,,,,PriceCharting
Japanese Nihil Zero Mega Gallade Ex Special Card Set,45.00,45.00,31.50,31.50,Pokemon,Coffret,Japanese Nihil Zero,45.00,,,,PriceCharting
Japanese Paradigm Trigger Mystery Box,118.57,118.57,83.00,83.00,Pokemon,Coffret,Japanese Paradigm Trigger,118.57,,,,PriceCharting
Japanese Promo 151 Card File Set,300.00,300.00,210.00,210.00,Pokemon,Coffret,Japanese Promo,300.00,,,,PriceCharting
Japanese Promo Brock Trainer Battle Box,139.99,139.99,97.99,97.99,Pokemon,Coffret,Japanese Promo,139.99,,,,PriceCharting
Japanese Promo Ex Generations Special Battle Set,163.43,163.43,114.40,114.40,Pokemon,Coffret,Japanese Promo,163.43,,,,PriceCharting
Japanese Promo Lucky Stadium [Chugoku Shikoku],71.50,71.50,50.05,50.05,Pokemon,Coffret,Japanese Promo,71.50,,,,PriceCharting
Japanese Promo Lucky Stadium [Chūbu],49.99,49.99,34.99,34.99,Pokemon,Coffret,Japanese Promo,49.99,,,,PriceCharting
Japanese Promo Lucky Stadium [Hokkaidō],80.00,80.00,56.00,56.00,Pokemon,Coffret,Japanese Promo,80.00,,,,PriceCharting
Japanese Promo Lucky Stadium [Kansai],49.99,49.99,34.99,34.99,Pokemon,Coffret,Japanese Promo,49.99,,,,PriceCharting
Japanese Promo Lucky Stadium [Kantō],80.30,80.30,56.21,56.21,Pokemon,Coffret,Japanese Promo,80.30,,,,PriceCharting
Japanese Promo Lucky Stadium [Kyūshū],63.99,63.99,44.79,44.79,Pokemon,Coffret,Japanese Promo,63.99,,,,PriceCharting
Japanese Promo Lucky Stadium [Tōhoku],79.79,79.79,55.85,55.85,Pokemon,Coffret,Japanese Promo,79.79,,,,PriceCharting
Japanese Promo Lucky Stadium Hokushin'Etsu,205.50,205.50,143.85,143.85,Pokemon,Coffret,Japanese Promo,205.50,,,,PriceCharting
Japanese Promo Sealed Fukuoka SPECIAL Box,172.35,172.35,120.64,120.64,Pokemon,Coffret,Japanese Promo,172.35,,,,PriceCharting
Japanese Promo Sealed Hiroshima SPECIAL Box,195.25,195.25,136.67,136.67,Pokemon,Coffret,Japanese Promo,195.25,,,,PriceCharting
Japanese Promo Sealed Japanese Stamp Box,3300.00,3300.00,2310.00,2310.00,Pokemon,Coffret,Japanese Promo,3300.00,,,,PriceCharting
Japanese Promo Sealed Limited Collection Master Battle Set,10999.99,10999.99,7699.99,7699.99,Pokemon,Coffret,Japanese Promo,10999.99,,,,PriceCharting
Japanese Promo Sealed Special Box [Mario Pikachu],17687.50,17687.50,12381.25,12381.25,Pokemon,Coffret,Japanese Promo,17687.50,,,,PriceCharting
Japanese Promo Sealed Tohoku SPECIAL Box,153.10,153.10,107.17,107.17,Pokemon,Coffret,Japanese Promo,153.10,,,,PriceCharting
Japanese Promo Special Box [15th Anniversary],26347.79,26347.79,18443.45,18443.45,Pokemon,Coffret,Japanese Promo,26347.79,,,,PriceCharting
Japanese Promo Special Box [Arora & Locon],6227.89,6227.89,4359.52,4359.52,Pokemon,Coffret,Japanese Promo,6227.89,,,,PriceCharting
Japanese Promo Special Box [Lillie & Cosmog],182.75,182.75,127.92,127.92,Pokemon,Coffret,Japanese Promo,182.75,,,,PriceCharting
Japanese Promo Special Box [Luigi Pikachu],6656.10,6656.10,4659.27,4659.27,Pokemon,Coffret,Japanese Promo,6656.10,,,,PriceCharting
Japanese Promo Special Box [Mimikyu Dayo],6599.99,6599.99,4619.99,4619.99,Pokemon,Coffret,Japanese Promo,6599.99,,,,PriceCharting
Japanese Promo Special Box [Pokemon Center Kanazawa],881.93,881.93,617.35,617.35,Pokemon,Coffret,Japanese Promo,881.93,,,,PriceCharting
Japanese Promo Special Box [Pokemon Center Yokohama],4600.00,4600.00,3220.00,3220.00,Pokemon,Coffret,Japanese Promo,4600.00,,,,PriceCharting
Japanese Promo Special Box [Poncho Magikarp & Gyarados],12500.00,12500.00,8750.00,8750.00,Pokemon,Coffret,Japanese Promo,12500.00,,,,PriceCharting
Japanese Promo Special Box [Poncho Pikachu Mega Charizard X],11050.00,11050.00,7735.00,7735.00,Pokemon,Coffret,Japanese Promo,11050.00,,,,PriceCharting
Japanese Promo Special Box [Poncho Pikachu Mega Charizard Y],21265.05,21265.05,14885.53,14885.53,Pokemon,Coffret,Japanese Promo,21265.05,,,,PriceCharting
Japanese Promo Special Box [Poncho Rayquaza],4451.37,4451.37,3115.96,3115.96,Pokemon,Coffret,Japanese Promo,4451.37,,,,PriceCharting
Japanese Promo Special Box [Rokon's Crystal Season],3899.99,3899.99,2729.99,2729.99,Pokemon,Coffret,Japanese Promo,3899.99,,,,PriceCharting
Japanese Promo Special Box [Tokyo DX],4156.48,4156.48,2909.54,2909.54,Pokemon,Coffret,Japanese Promo,4156.48,,,,PriceCharting
Japanese Promo Yu Nagaba Eevee's Special Box,243.66,243.66,170.56,170.56,Pokemon,Coffret,Japanese Promo,243.66,,,,PriceCharting
Japanese Promo Yu Nagaba Special Box,320.00,320.00,224.00,224.00,Pokemon,Coffret,Japanese Promo,320.00,,,,PriceCharting
Japanese Shiny Star V Crobat V Shiny Box,110.55,110.55,77.38,77.38,Pokemon,Coffret,Japanese Shiny Star V,110.55,,,,PriceCharting
Japanese Shiny Star V Nessa Shiny Star V Set,345.00,345.00,241.50,241.50,Pokemon,Coffret,Japanese Shiny Star V,345.00,,,,PriceCharting
Japanese Snow Hazard Gym Box [Pokemon Center],198.41,198.41,138.89,138.89,Pokemon,Coffret,Japanese Snow Hazard,198.41,,,,PriceCharting
Japanese Southern Islands Tropical Island Beach Box,277.78,277.78,194.45,194.45,Pokemon,Coffret,Japanese Southern Islands,277.78,,,,PriceCharting
Japanese Southern Islands Tropical Island Box,185.00,185.00,129.50,129.50,Pokemon,Coffret,Japanese Southern Islands,185.00,,,,PriceCharting
Japanese Taruka Sealed Box,35.00,35.00,24.50,24.50,Pokemon,Coffret,Japanese Taruka,35.00,,,,PriceCharting
Japanese Vstar Universe Diamond Clan Special Set,112.76,112.76,78.93,78.93,Pokemon,Coffret,Japanese Vstar Universe,112.76,,,,PriceCharting
Japanese Vstar Universe Pearl Clan Special Set,97.23,97.23,68.06,68.06,Pokemon,Coffret,Japanese Vstar Universe,97.23,,,,PriceCharting
Journey Together Elite Trainer Box [Pokemon Center],198.74,198.74,139.12,139.12,Pokemon,Coffret,Journey Together,198.74,,,,PriceCharting
Journey Together Hops Zacian Ex Sealed Box,33.71,33.71,23.60,23.60,Pokemon,Coffret,Journey Together,33.71,,,,PriceCharting
Journey Together Mimikyu Ex & Alcremie Ex Premium Collection,119.00,119.00,83.30,83.30,Pokemon,Coffret,Journey Together,119.00,,,,PriceCharting
Lost Origin 3-Pack Blister,58.63,58.63,41.04,41.04,Pokemon,Coffret,Lost Origin,58.63,,,,PriceCharting
Lost Origin Darkness Stacking Tin,49.99,49.99,34.99,34.99,Pokemon,Coffret,Lost Origin,49.99,,,,PriceCharting
Lost Origin Eevee Evolutions Premium Collection Box,285.20,285.20,199.64,199.64,Pokemon,Coffret,Lost Origin,285.20,,,,PriceCharting
Lost Origin Elite Trainer Box [Pokemon Center],375.00,375.00,262.50,262.50,Pokemon,Coffret,Lost Origin,375.00,,,,PriceCharting
Lost Origin Fighting Stacking Tin,52.10,52.10,36.47,36.47,Pokemon,Coffret,Lost Origin,52.10,,,,PriceCharting
Lost Origin Fire Stacking Tin,49.90,49.90,34.93,34.93,Pokemon,Coffret,Lost Origin,49.90,,,,PriceCharting
Lost Origin Infernape V Collection Box,69.52,69.52,48.66,48.66,Pokemon,Coffret,Lost Origin,69.52,,,,PriceCharting
Lost Origin Weavile 3-Pack Blister,64.99,64.99,45.49,45.49,Pokemon,Coffret,Lost Origin,64.99,,,,PriceCharting
Lost Thunder Alolan Exeggutor 3-Pack Blister,130.82,130.82,91.57,91.57,Pokemon,Coffret,Lost Thunder,130.82,,,,PriceCharting
Lost Thunder Altaria 3-Pack Blister,151.05,151.05,105.73,105.73,Pokemon,Coffret,Lost Thunder,151.05,,,,PriceCharting
Premium Trainer Box MEGA Brave & Symphonia,95.01,95.96,67.17,67.17,Pokemon,Coffret,m1L: Mega Brave,,95.01,,96.90,TCGplayer
Mega Special Card Set: Mega Gallade ex,49.01,42.00,29.40,29.40,Pokemon,Coffret,M3: Nihil Zero,,49.01,,35.00,TCGplayer
30th CELEBRATION FUTURISTIC BOX,595.37,492.68,344.88,344.88,Pokemon,Coffret,M6a: MEGA Expansion 30th Celebration,,595.37,,389.99,TCGplayer
Mega Evolution Booster Bundle,63.13,63.13,44.19,44.19,Pokemon,Coffret,ME01: Mega Evolution,,63.13,69.92,45.00,TCGplayer
Mega Evolution Booster Pack Art Bundle [Set of 4],34.59,34.59,24.21,24.21,Pokemon,Coffret,ME01: Mega Evolution,,34.59,36.49,33.88,TCGplayer
Mega Evolution Build & Battle Box,61.13,63.99,44.79,44.79,Pokemon,Coffret,ME01: Mega Evolution,,61.13,68.20,63.99,TCGplayer
Mega Evolution Elite Trainer Box [Mega Gardevoir],122.09,122.09,85.46,85.46,Pokemon,Coffret,ME01: Mega Evolution,,122.09,128.97,79.99,TCGplayer
Mega Evolution Elite Trainer Box [Mega Lucario],127.00,127.00,88.90,88.90,Pokemon,Coffret,ME01: Mega Evolution,,127.00,148.67,100.00,TCGplayer
Mega Evolution Pokemon Center Elite Trainer Box (Exclusive) [Mega Gardevoir],192.35,192.35,134.64,134.64,Pokemon,Coffret,ME01: Mega Evolution,,192.35,230.00,190.00,TCGplayer
Mega Evolution Pokemon Center Elite Trainer Box (Exclusive) [Mega Lucario],198.33,200.00,140.00,140.00,Pokemon,Coffret,ME01: Mega Evolution,,198.33,260.00,200.00,TCGplayer
Mega Evolution Sleeved Booster Pack Art Bundle [Set of 4],45.11,45.11,31.58,31.58,Pokemon,Coffret,ME01: Mega Evolution,,45.11,49.90,39.99,TCGplayer
Mega Heroes Mini Tin [Mega Gardevoir],19.61,19.61,13.73,13.73,Pokemon,Coffret,ME01: Mega Evolution,,19.61,25.00,19.27,TCGplayer
Mega Heroes Mini Tin [Mega Kangaskhan],20.61,20.61,14.43,14.43,Pokemon,Coffret,ME01: Mega Evolution,,20.61,23.00,1.99,TCGplayer
Mega Heroes Mini Tin [Mega Latias],22.11,23.00,16.10,16.10,Pokemon,Coffret,ME01: Mega Evolution,,22.11,25.50,23.00,TCGplayer
Mega Heroes Mini Tin [Mega Lucario],22.46,22.46,15.72,15.72,Pokemon,Coffret,ME01: Mega Evolution,,22.46,24.92,19.03,TCGplayer
Mega Heroes Mini Tin [Mega Venusaur],20.85,20.85,14.60,14.60,Pokemon,Coffret,ME01: Mega Evolution,,20.85,25.00,19.79,TCGplayer
Phantasmal Flames Booster Bundle,86.39,86.39,60.47,60.47,Pokemon,Coffret,ME02: Phantasmal Flames,,86.39,89.99,80.00,TCGplayer
Phantasmal Flames Booster Pack Art Bundle [Set of 4],46.18,45.99,32.20,32.20,Pokemon,Coffret,ME02: Phantasmal Flames,,46.18,45.99,44.98,TCGplayer
Phantasmal Flames Build & Battle Box,64.14,64.14,44.90,44.90,Pokemon,Coffret,ME02: Phantasmal Flames,,64.14,72.50,59.00,TCGplayer
Phantasmal Flames Elite Trainer Box,151.32,151.32,105.92,105.92,Pokemon,Coffret,ME02: Phantasmal Flames,,151.32,167.05,91.98,TCGplayer
Phantasmal Flames Pokemon Center Elite Trainer Box (Exclusive),287.82,287.82,201.47,201.47,Pokemon,Coffret,ME02: Phantasmal Flames,,287.82,339.05,272.98,TCGplayer
Phantasmal Flames Sleeved Booster Pack Art Bundle [Set of 4],54.52,54.52,38.16,38.16,Pokemon,Coffret,ME02: Phantasmal Flames,,54.52,62.70,47.00,TCGplayer
Perfect Order Booster Bundle,38.84,38.84,27.19,27.19,Pokemon,Coffret,ME03: Perfect Order,,38.84,43.78,33.99,TCGplayer
Perfect Order Booster Pack Art Bundle [Set of 4],23.86,23.86,16.70,16.70,Pokemon,Coffret,ME03: Perfect Order,,23.86,29.95,18.20,TCGplayer
Perfect Order Build & Battle Box,38.05,38.05,26.63,26.63,Pokemon,Coffret,ME03: Perfect Order,,38.05,42.96,34.24,TCGplayer
Perfect Order Elite Trainer Box,71.02,71.02,49.71,49.71,Pokemon,Coffret,ME03: Perfect Order,,71.02,79.96,66.40,TCGplayer
Perfect Order Pokemon Center Elite Trainer Box,122.44,122.44,85.71,85.71,Pokemon,Coffret,ME03: Perfect Order,,122.44,139.99,111.50,TCGplayer
Perfect Order Sleeved Booster Pack Art Bundle [Set of 4],30.06,30.06,21.04,21.04,Pokemon,Coffret,ME03: Perfect Order,,30.06,30.88,27.76,TCGplayer
Chaos Rising 3-Pack Blister [Charmeleon],20.36,20.36,14.25,14.25,Pokemon,Coffret,ME04: Chaos Rising,,20.36,25.00,9.99,TCGplayer
Chaos Rising Booster Bundle,35.66,35.66,24.96,24.96,Pokemon,Coffret,ME04: Chaos Rising,,35.66,44.99,5.00,TCGplayer
Chaos Rising Booster Pack Art Bundle [Set of 4],26.86,26.86,18.80,18.80,Pokemon,Coffret,ME04: Chaos Rising,,26.86,28.45,20.20,TCGplayer
Chaos Rising Build & Battle Box,43.52,43.52,30.46,30.46,Pokemon,Coffret,ME04: Chaos Rising,,43.52,45.49,37.49,TCGplayer
Chaos Rising Elite Trainer Box,68.90,68.90,48.23,48.23,Pokemon,Coffret,ME04: Chaos Rising,,68.90,80.00,50.00,TCGplayer
Chaos Rising Pokemon Center Elite Trainer Box,126.84,126.84,88.79,88.79,Pokemon,Coffret,ME04: Chaos Rising,,126.84,184.41,119.78,TCGplayer
Chaos Rising Sleeved Booster Pack Art Bundle [Set of 4],26.22,26.22,18.35,18.35,Pokemon,Coffret,ME04: Chaos Rising,,26.22,30.90,5.00,TCGplayer
Pitch Black 3-Pack Blister [Binacle],20.61,20.61,14.43,14.43,Pokemon,Coffret,ME05: Pitch Black,,20.61,24.64,17.95,TCGplayer
Pitch Black Booster Bundle,41.76,41.76,29.23,29.23,Pokemon,Coffret,ME05: Pitch Black,,41.76,44.99,33.99,TCGplayer
Pitch Black Booster Pack Art Bundle [Set of 4],27.06,27.06,18.94,18.94,Pokemon,Coffret,ME05: Pitch Black,,27.06,29.88,22.00,TCGplayer
Pitch Black Build & Battle Box,37.91,37.91,26.54,26.54,Pokemon,Coffret,ME05: Pitch Black,,37.91,39.98,36.98,TCGplayer
Pitch Black Elite Trainer Box,76.54,76.54,53.58,53.58,Pokemon,Coffret,ME05: Pitch Black,,76.54,82.25,25.00,TCGplayer
Pitch Black Pokemon Center Elite Trainer Box (Exclusive),117.18,117.18,82.03,82.03,Pokemon,Coffret,ME05: Pitch Black,,117.18,200.00,19.99,TCGplayer
Pitch Black Sleeved Booster Pack Art Bundle [Set of 4],25.40,25.40,17.78,17.78,Pokemon,Coffret,ME05: Pitch Black,,25.40,34.49,20.50,TCGplayer
Delta Reign Booster Bundle,79.18,79.18,55.43,55.43,Pokemon,Coffret,ME06: Delta Reign,,79.18,79.81,74.33,TCGplayer
Delta Reign Booster Pack Art Bundle [Set of 4],75.88,75.88,53.12,53.12,Pokemon,Coffret,ME06: Delta Reign,,75.88,75.88,75.88,TCGplayer
Delta Reign Build & Battle Box,77.93,77.93,54.55,54.55,Pokemon,Coffret,ME06: Delta Reign,,77.93,77.95,69.99,TCGplayer
Delta Reign Elite Trainer Box,133.43,133.43,93.40,93.40,Pokemon,Coffret,ME06: Delta Reign,,133.43,135.79,130.17,TCGplayer
Delta Reign Pokemon Center Elite Trainer Box (Exclusive),531.63,531.63,372.14,372.14,Pokemon,Coffret,ME06: Delta Reign,,531.63,590.00,495.00,TCGplayer
Delta Reign Sleeved Booster Pack Art Bundle [Set of 4],59.53,59.53,41.67,41.67,Pokemon,Coffret,ME06: Delta Reign,,59.53,59.81,59.31,TCGplayer
30th Celebration 2-Pack Blister,51.99,54.23,37.96,37.96,Pokemon,Coffret,ME: 30th Celebration,51.99,56.47,,,PriceCharting + TCGplayer
30th Celebration Binder Collection,92.19,97.01,67.91,67.91,Pokemon,Coffret,ME: 30th Celebration,92.19,94.07,141.00,99.95,PriceCharting + TCGplayer
30th Celebration Booster Bundle,86.72,90.69,63.49,63.49,Pokemon,Coffret,ME: 30th Celebration,86.72,88.39,104.50,93.00,PriceCharting + TCGplayer
30th Celebration Classic Collection Pack,292.50,348.79,244.16,244.16,Pokemon,Coffret,ME: 30th Celebration,292.50,307.59,399.00,390.00,PriceCharting + TCGplayer
30th Celebration Ditto Premium Collection,193.79,193.55,135.48,135.48,Pokemon,Coffret,ME: 30th Celebration,193.79,193.31,194.04,192.85,PriceCharting + TCGplayer
30th Celebration Elite Trainer Box,165.00,160.95,112.66,112.66,Pokemon,Coffret,ME: 30th Celebration,165.00,156.90,172.22,140.00,PriceCharting + TCGplayer
30th Celebration ex Tin [Greninja ex] (International Version),57.04,94.79,66.35,66.35,Pokemon,Coffret,ME: 30th Celebration,,57.04,94.80,94.79,TCGplayer
30th Celebration ex Tin [Greninja ex] (Retail Version),60.79,60.79,42.55,42.55,Pokemon,Coffret,ME: 30th Celebration,,60.79,66.32,54.51,TCGplayer
30th Celebration ex Tin [Set of 2] (International Version),127.39,349.89,244.92,244.92,Pokemon,Coffret,ME: 30th Celebration,,127.39,349.89,349.89,TCGplayer
30th Celebration ex Tin [Set of 2] (Retail Version),134.25,134.25,93.97,93.97,Pokemon,Coffret,ME: 30th Celebration,,134.25,139.98,122.99,TCGplayer
30th Celebration ex Tin [Sylveon ex] (International Version),68.68,94.39,66.07,66.07,Pokemon,Coffret,ME: 30th Celebration,,68.68,107.53,94.39,TCGplayer
30th Celebration ex Tin [Sylveon ex] (Retail Version),61.92,61.92,43.34,43.34,Pokemon,Coffret,ME: 30th Celebration,,61.92,70.00,57.99,TCGplayer
30th Celebration Figure Collection [Mew],124.85,124.85,87.39,87.39,Pokemon,Coffret,ME: 30th Celebration,124.85,124.85,129.98,124.85,PriceCharting + TCGplayer
30th Celebration Figure Collection [Mewtwo],97.18,165.83,116.08,116.08,Pokemon,Coffret,ME: 30th Celebration,97.18,128.71,499.65,202.95,PriceCharting + TCGplayer
30th Celebration Greninja ex Box,97.07,64.58,45.20,45.20,Pokemon,Coffret,ME: 30th Celebration,97.07,61.20,67.95,55.00,PriceCharting + TCGplayer
30th Celebration Knock Out Collection,30.01,30.02,21.01,21.01,Pokemon,Coffret,ME: 30th Celebration,30.01,30.03,33.05,7.00,PriceCharting + TCGplayer
30th Celebration Mini Tin [Day Pikachu],49.49,49.24,34.47,34.47,Pokemon,Coffret,ME: 30th Celebration,49.49,49.24,49.24,40.97,PriceCharting + TCGplayer
30th Celebration Mini Tin [Espeon],49.41,49.05,34.34,34.34,Pokemon,Coffret,ME: 30th Celebration,49.41,48.70,49.45,46.36,PriceCharting + TCGplayer
30th Celebration Mini Tin [Greninja],46.78,46.95,32.87,32.87,Pokemon,Coffret,ME: 30th Celebration,46.78,49.74,47.12,42.95,PriceCharting + TCGplayer
30th Celebration Mini Tin [Lapras],46.67,46.76,32.73,32.73,Pokemon,Coffret,ME: 30th Celebration,46.67,50.10,46.85,37.47,PriceCharting + TCGplayer
30th Celebration Mini Tin [Mew],48.94,48.73,34.11,34.11,Pokemon,Coffret,ME: 30th Celebration,48.94,48.52,48.94,45.95,PriceCharting + TCGplayer
30th Celebration Mini Tin [Mewtwo],48.50,48.94,34.25,34.25,Pokemon,Coffret,ME: 30th Celebration,48.50,50.18,49.37,45.01,PriceCharting + TCGplayer
30th Celebration Mini Tin [Moltres],47.60,47.81,33.47,33.47,Pokemon,Coffret,ME: 30th Celebration,47.60,51.08,48.02,39.95,PriceCharting + TCGplayer
30th Celebration Mini Tin [Night Pikachu],46.47,46.79,32.75,32.75,Pokemon,Coffret,ME: 30th Celebration,46.47,49.68,47.12,37.48,PriceCharting + TCGplayer
30th Celebration Mini Tin [Umbreon],49.49,49.40,34.58,34.58,Pokemon,Coffret,ME: 30th Celebration,49.49,49.31,49.99,47.00,PriceCharting + TCGplayer
30th Celebration Mini Tin [Zapdos],46.17,46.09,32.26,32.26,Pokemon,Coffret,ME: 30th Celebration,46.17,51.99,46.00,40.95,PriceCharting + TCGplayer
30th Celebration Pokemon Center Elite Trainer Box,317.93,317.93,222.55,222.55,Pokemon,Coffret,ME: 30th Celebration,,317.93,400.00,129.88,TCGplayer
30th Celebration Poster Collection,43.88,44.38,31.06,31.06,Pokemon,Coffret,ME: 30th Celebration,43.88,44.87,46.94,32.00,PriceCharting + TCGplayer
30th Celebration Sylveon ex Box,62.99,61.01,42.70,42.70,Pokemon,Coffret,ME: 30th Celebration,62.99,59.02,70.00,55.00,PriceCharting + TCGplayer
30th Celebration Tech Sticker Collection [Alolan Exeggutor],43.00,42.41,29.69,29.69,Pokemon,Coffret,ME: 30th Celebration,43.00,41.83,44.00,1.75,PriceCharting + TCGplayer
30th Celebration Tech Sticker Collection [Lucario],44.48,43.44,30.41,30.41,Pokemon,Coffret,ME: 30th Celebration,44.48,42.40,49.98,1.75,PriceCharting + TCGplayer
30th Celebration Tech Sticker Collection [Set of 2],82.18,82.18,57.53,57.53,Pokemon,Coffret,ME: 30th Celebration,,82.18,86.00,74.99,TCGplayer
30th Celebration Ultra-Premium Collection [Day],566.09,566.00,396.20,396.20,Pokemon,Coffret,ME: 30th Celebration,566.09,565.90,614.00,565.19,PriceCharting + TCGplayer
30th Celebration Ultra-Premium Collection [Night],706.38,721.35,504.94,504.94,Pokemon,Coffret,ME: 30th Celebration,706.38,723.70,724.99,719.00,PriceCharting + TCGplayer
Ascended Heroes Booster Bundle,84.42,86.29,60.40,60.40,Pokemon,Coffret,ME: Ascended Heroes,84.42,88.16,92.00,76.00,PriceCharting + TCGplayer
Ascended Heroes Elite Trainer Box,155.00,154.75,108.33,108.33,Pokemon,Coffret,ME: Ascended Heroes,155.00,154.51,180.00,139.00,PriceCharting + TCGplayer
Ascended Heroes First Partners Deluxe Pin Collection,67.82,67.53,47.27,47.27,Pokemon,Coffret,ME: Ascended Heroes,67.82,67.24,70.00,57.00,PriceCharting + TCGplayer
Ascended Heroes Focused Fighters Premium Collection (Sam's Club),198.07,198.07,138.65,138.65,Pokemon,Coffret,ME: Ascended Heroes,,198.07,218.49,185.00,TCGplayer
Ascended Heroes Mega Emboar ex Box,55.15,56.14,39.30,39.30,Pokemon,Coffret,ME: Ascended Heroes,55.15,57.14,60.00,44.77,PriceCharting + TCGplayer
Ascended Heroes Mega Feraligatr ex Box,52.67,55.35,38.74,38.74,Pokemon,Coffret,ME: Ascended Heroes,52.67,58.03,60.00,43.00,PriceCharting + TCGplayer
Ascended Heroes Mega Meganium ex Box,52.21,53.53,37.47,37.47,Pokemon,Coffret,ME: Ascended Heroes,52.21,54.85,62.00,50.00,PriceCharting + TCGplayer
Ascended Heroes Mini Tin [Clefairy & Chikorita],32.48,33.84,23.69,23.69,Pokemon,Coffret,ME: Ascended Heroes,32.48,35.20,35.87,25.97,PriceCharting + TCGplayer
Ascended Heroes Mini Tin [Pikachu & Tepig],31.07,33.06,23.14,23.14,Pokemon,Coffret,ME: Ascended Heroes,31.07,35.09,35.05,8.99,PriceCharting + TCGplayer
Ascended Heroes Mini Tin [Riolu & Darumaka],28.93,30.96,21.68,21.68,Pokemon,Coffret,ME: Ascended Heroes,28.93,32.01,34.97,29.92,PriceCharting + TCGplayer
Ascended Heroes Mini Tin [Togepi & Totodile],35.37,35.44,24.80,24.80,Pokemon,Coffret,ME: Ascended Heroes,35.37,35.97,35.50,28.00,PriceCharting + TCGplayer
Ascended Heroes Mini Tin [Zorua & Cramorant],34.72,34.34,24.03,24.03,Pokemon,Coffret,ME: Ascended Heroes,34.72,33.95,35.85,28.88,PriceCharting + TCGplayer
Ascended Heroes Mini Tins 5-Pack,165.05,165.05,115.53,115.53,Pokemon,Coffret,ME: Ascended Heroes,,165.05,165.05,135.00,TCGplayer
Ascended Heroes Pokemon Center Elite Trainer Box (Exclusive),356.32,356.32,249.42,249.42,Pokemon,Coffret,ME: Ascended Heroes,,356.32,461.99,334.00,TCGplayer
Ascended Heroes Tin [Mega Emboar ex],45.05,45.05,31.53,31.53,Pokemon,Coffret,ME: Ascended Heroes,,45.05,49.28,40.00,TCGplayer
Ascended Heroes Tin [Mega Feraligatr ex],46.55,46.55,32.58,32.58,Pokemon,Coffret,ME: Ascended Heroes,,46.55,52.02,3.99,TCGplayer
Ascended Heroes Tin [Mega Meganium ex],45.32,45.32,31.72,31.72,Pokemon,Coffret,ME: Ascended Heroes,,45.32,50.02,40.00,TCGplayer
Ascended Heroes Tin [Set of 3],146.73,146.73,102.71,102.71,Pokemon,Coffret,ME: Ascended Heroes,,146.73,150.00,37.95,TCGplayer
Costco Ascended Heroes Mega ex Box Bundle,189.94,189.94,132.96,132.96,Pokemon,Coffret,ME: Ascended Heroes,,189.94,199.99,164.99,TCGplayer
Mega Evolution: Ascended Heroes Collection - Erika (1-Tab),24.90,25.00,17.50,17.50,Pokemon,Coffret,ME: Ascended Heroes,,24.90,28.99,25.00,TCGplayer
Mega Evolution: Ascended Heroes Collection - Erika (3-Tab),30.45,30.45,21.31,21.31,Pokemon,Coffret,ME: Ascended Heroes,,30.45,31.94,2.00,TCGplayer
Mega Evolution: Ascended Heroes Collection - Larry (1-Tab),25.09,37.96,26.57,26.57,Pokemon,Coffret,ME: Ascended Heroes,,25.09,38.97,37.96,TCGplayer
Mega Evolution: Ascended Heroes Collection - Larry (3-Tab),30.97,30.97,21.68,21.68,Pokemon,Coffret,ME: Ascended Heroes,,30.97,31.55,2.00,TCGplayer
Mega Evolution: Ascended Heroes Collection [Set of 2],57.26,57.26,40.08,40.08,Pokemon,Coffret,ME: Ascended Heroes,,57.26,62.95,55.00,TCGplayer
Mega Evolution: Ascended Heroes Tech Sticker Collection - Charmander,41.89,41.89,29.32,29.32,Pokemon,Coffret,ME: Ascended Heroes,,41.89,46.61,4.19,TCGplayer
Mega Evolution: Ascended Heroes Tech Sticker Collection - Gastly,42.25,42.25,29.57,29.57,Pokemon,Coffret,ME: Ascended Heroes,,42.25,45.00,2.00,TCGplayer
Premium Poster Collection: Mega Gardevoir,142.54,142.54,99.78,99.78,Pokemon,Coffret,ME: Ascended Heroes,,142.54,156.79,9.99,TCGplayer
Premium Poster Collection: Mega Lucario,98.05,125.05,87.53,87.53,Pokemon,Coffret,ME: Ascended Heroes,98.05,152.05,168.62,8.99,PriceCharting + TCGplayer
Mega Evolution Booster Bundle,63.79,63.79,44.65,44.65,Pokemon,Coffret,Mega Evolution,63.79,,,,PriceCharting
Mega Evolution Build & Battle Box,63.50,63.50,44.45,44.45,Pokemon,Coffret,Mega Evolution,63.50,,,,PriceCharting
Mega Evolution Elite Trainer Box [Mega Gardevoir],116.05,116.05,81.23,81.23,Pokemon,Coffret,Mega Evolution,116.05,,,,PriceCharting
Mega Evolution Elite Trainer Box [Mega Lucario],120.00,120.00,84.00,84.00,Pokemon,Coffret,Mega Evolution,120.00,,,,PriceCharting
Mega Evolution Elite Trainer Box [Pokemon Center Gardevoir],199.24,199.24,139.47,139.47,Pokemon,Coffret,Mega Evolution,199.24,,,,PriceCharting
Mega Evolution Elite Trainer Box [Pokemon Center Lucario],200.96,200.96,140.67,140.67,Pokemon,Coffret,Mega Evolution,200.96,,,,PriceCharting
Mega Evolution Mega Heroes Mini Tin: Mega Gardevoir,19.80,19.80,13.86,13.86,Pokemon,Coffret,Mega Evolution,19.80,,,,PriceCharting
Mega Evolution Mega Heroes Mini Tin: Mega Kangaskhan,21.00,21.00,14.70,14.70,Pokemon,Coffret,Mega Evolution,21.00,,,,PriceCharting
Mega Evolution Mega Heroes Mini Tin: Mega Latias,21.90,21.90,15.33,15.33,Pokemon,Coffret,Mega Evolution,21.90,,,,PriceCharting
Mega Evolution Mega Heroes Mini Tin: Mega Lucario,23.74,23.74,16.62,16.62,Pokemon,Coffret,Mega Evolution,23.74,,,,PriceCharting
Mega Evolution Mega Heroes Mini Tin: Mega Venusaur,20.87,20.87,14.61,14.61,Pokemon,Coffret,Mega Evolution,20.87,,,,PriceCharting
Mega Evolution Mega Lucario Ex Premium Figure Collection,54.85,54.85,38.39,38.39,Pokemon,Coffret,Mega Evolution,54.85,,,,PriceCharting
2-Pack Blister [Raikou] (1-tab),17.38,17.38,12.17,12.17,Pokemon,Coffret,Miscellaneous Cards & Products,,17.38,19.99,17.00,TCGplayer
2-Pack Blister [Raikou] (3-tab),20.33,20.33,14.23,14.23,Pokemon,Coffret,Miscellaneous Cards & Products,,20.33,20.38,17.00,TCGplayer
2-Pack Blister [Zarude] (1-Tab),19.63,18.99,13.29,13.29,Pokemon,Coffret,Miscellaneous Cards & Products,,19.63,18.99,14.50,TCGplayer
2-Pack Blister [Zarude] (3-Tab),19.26,19.26,13.48,13.48,Pokemon,Coffret,Miscellaneous Cards & Products,,19.26,19.63,0.25,TCGplayer
"2-Pack Blister Pack [Meganium, Typhlosion & Feraligatr]",116.74,160.00,112.00,112.00,Pokemon,Coffret,Miscellaneous Cards & Products,,116.74,163.99,160.00,TCGplayer
"2-Pack Blister Pack [Oddish, Gloom, & Vileplume]",18.68,18.68,13.08,13.08,Pokemon,Coffret,Miscellaneous Cards & Products,,18.68,19.99,15.00,TCGplayer
"2-Pack Blister Pack [Raikou, Entei, & Suicune]",250.00,250.00,175.00,175.00,Pokemon,Coffret,Miscellaneous Cards & Products,,,250.00,250.00,TCGplayer
"2-Pack Blister Pack [Team Rocket's Articuno, Zapdos & Tyranitar]",21.85,21.85,15.29,15.29,Pokemon,Coffret,Miscellaneous Cards & Products,,21.85,21.85,12.99,TCGplayer
Alolan Sandslash GX Box,370.00,370.00,259.00,259.00,Pokemon,Coffret,Miscellaneous Cards & Products,,370.00,,,TCGplayer
Annihilape ex Box,53.11,53.11,37.18,37.18,Pokemon,Coffret,Miscellaneous Cards & Products,,53.11,74.99,52.49,TCGplayer
Archaludon ex Box,39.06,40.00,28.00,28.00,Pokemon,Coffret,Miscellaneous Cards & Products,,39.06,50.00,40.00,TCGplayer
Armarouge ex Premium Collection,59.99,63.00,44.10,44.10,Pokemon,Coffret,Miscellaneous Cards & Products,,59.99,75.75,63.00,TCGplayer
Azure Legends Tin [Dialga ex],39.44,42.00,29.40,29.40,Pokemon,Coffret,Miscellaneous Cards & Products,,39.44,49.99,42.00,TCGplayer
Azure Legends Tin [Dialga ex] (International Version),33.55,33.55,23.48,23.48,Pokemon,Coffret,Miscellaneous Cards & Products,,33.55,43.24,33.21,TCGplayer
Azure Legends Tin [Kyogre ex],46.81,46.81,32.77,32.77,Pokemon,Coffret,Miscellaneous Cards & Products,,46.81,55.50,42.50,TCGplayer
Azure Legends Tin [Kyogre ex] (International Version),35.82,35.82,25.07,25.07,Pokemon,Coffret,Miscellaneous Cards & Products,,35.82,41.00,34.00,TCGplayer
Azure Legends Tin [Xerneas ex],38.82,40.45,28.32,28.32,Pokemon,Coffret,Miscellaneous Cards & Products,,38.82,59.48,40.45,TCGplayer
Azure Legends Tin [Xerneas ex] (International Version),33.57,33.57,23.50,23.50,Pokemon,Coffret,Miscellaneous Cards & Products,,33.57,40.00,3.99,TCGplayer
Azure Legends Tins [Set of 3] (International Version),106.07,106.07,74.25,74.25,Pokemon,Coffret,Miscellaneous Cards & Products,,106.07,106.81,98.00,TCGplayer
Back-to-School 2024 Collector Chest,49.17,49.17,34.42,34.42,Pokemon,Coffret,Miscellaneous Cards & Products,,49.17,51.42,43.89,TCGplayer
Black Kyurem ex Box,39.29,39.29,27.50,27.50,Pokemon,Coffret,Miscellaneous Cards & Products,,39.29,43.49,37.22,TCGplayer
Blastoise VMAX Battle Box,105.39,110.00,77.00,77.00,Pokemon,Coffret,Miscellaneous Cards & Products,,105.39,129.00,110.00,TCGplayer
Blaziken ex & Volcanion ex Premium Collection,88.09,88.09,61.66,61.66,Pokemon,Coffret,Miscellaneous Cards & Products,,88.09,90.50,85.00,TCGplayer
Bloodmoon Ursaluna ex Box,38.58,38.58,27.01,27.01,Pokemon,Coffret,Miscellaneous Cards & Products,,38.58,45.99,5.99,TCGplayer
Boltund V Box,77.22,77.22,54.05,54.05,Pokemon,Coffret,Miscellaneous Cards & Products,,77.22,96.90,74.98,TCGplayer
Charizard ex Premium Collection,110.71,110.71,77.50,77.50,Pokemon,Coffret,Miscellaneous Cards & Products,,110.71,120.00,99.81,TCGplayer
Charizard ex Special Collection,60.57,60.57,42.40,42.40,Pokemon,Coffret,Miscellaneous Cards & Products,,60.57,67.49,47.44,TCGplayer
Charizard ex Super-Premium Collection,130.78,130.78,91.55,91.55,Pokemon,Coffret,Miscellaneous Cards & Products,,130.78,147.00,118.00,TCGplayer
Checklane 2-Pack Blister [Archaludon] (3-tab),18.39,22.95,16.06,16.06,Pokemon,Coffret,Miscellaneous Cards & Products,,18.39,29.95,22.95,TCGplayer
Checklane 2-Pack Blister [Pawmot] (1-tab),14.86,14.86,10.40,10.40,Pokemon,Coffret,Miscellaneous Cards & Products,,14.86,89.99,0.99,TCGplayer
Checklane 2-Pack Blister [Pawmot] (3-tab),21.67,30.00,21.00,21.00,Pokemon,Coffret,Miscellaneous Cards & Products,,21.67,60.48,30.00,TCGplayer
Checklane 2-Pack Pin Blister [Arceus],43.66,43.50,30.45,30.45,Pokemon,Coffret,Miscellaneous Cards & Products,,,43.66,43.33,TCGplayer
Checklane 2-Pack Pin Blister [Latias],95.00,95.00,66.50,66.50,Pokemon,Coffret,Miscellaneous Cards & Products,,95.00,105.67,95.00,TCGplayer
Checklane 2-Pack Pin Blister [Mega Alakazam],249.99,249.99,174.99,174.99,Pokemon,Coffret,Miscellaneous Cards & Products,,,249.99,249.99,TCGplayer
Combined Powers Premium Collection,122.27,122.27,85.59,85.59,Pokemon,Coffret,Miscellaneous Cards & Products,,122.27,125.00,95.00,TCGplayer
Costco 6-Pack Poke balls,121.87,121.87,85.31,85.31,Pokemon,Coffret,Miscellaneous Cards & Products,,121.87,139.49,115.00,TCGplayer
Costco Ascended Heroes Mini Tins 5-Pack,121.14,121.14,84.80,84.80,Pokemon,Coffret,Miscellaneous Cards & Products,,121.14,127.00,110.00,TCGplayer
Costco Exclusive 4-Tin Bundle: V Heroes Tin [Set of 3] + V Strikers [Empoleon],650.00,650.00,455.00,455.00,Pokemon,Coffret,Miscellaneous Cards & Products,,,650.00,650.00,TCGplayer
Costco Galar Pals Mini Tins 5-Pack,250.66,325.00,227.50,227.50,Pokemon,Coffret,Miscellaneous Cards & Products,,250.66,325.00,325.00,TCGplayer
Costco Pokemon Collector 3-Pack: Crown Zenith ETB + Paldea Legends Tins,433.33,835.00,584.50,584.50,Pokemon,Coffret,Miscellaneous Cards & Products,,433.33,842.50,835.00,TCGplayer
Costco Pokemon Evolving Skies Elite Trainer Box and Tin,597.50,597.50,418.25,418.25,Pokemon,Coffret,Miscellaneous Cards & Products,,597.50,630.00,569.99,TCGplayer
Costco Pokemon Pokemon Holiday Calendar and Great Ball Bundle,93.06,94.99,66.49,66.49,Pokemon,Coffret,Miscellaneous Cards & Products,,93.06,100.00,94.99,TCGplayer
Costco Pokemon Prismatic Evolutions 2-Pack Trainer Box and Booster Bundle,274.18,274.18,191.93,191.93,Pokemon,Coffret,Miscellaneous Cards & Products,,274.18,299.97,85.00,TCGplayer
Costco Pokemon Scarlet & Violet 151 Mini Tin 5-pack (Magneton),279.31,279.31,195.52,195.52,Pokemon,Coffret,Miscellaneous Cards & Products,,279.31,300.00,269.99,TCGplayer
Costco Pokemon Scarlet & Violet 151 Mini Tin 5-pack (Meowth),274.92,274.92,192.44,192.44,Pokemon,Coffret,Miscellaneous Cards & Products,,274.92,300.00,269.99,TCGplayer
Costco Pokemon Scarlet & Violet Paldean Fates Mini Tin 5-pack,388.08,388.08,271.66,271.66,Pokemon,Coffret,Miscellaneous Cards & Products,,388.08,445.00,380.00,TCGplayer
Costco Pokemon Surging Sparks 2-Pack Trainer Box and Booster Bundle,183.98,183.98,128.79,128.79,Pokemon,Coffret,Miscellaneous Cards & Products,,183.98,192.00,155.00,TCGplayer
Costco Prismatic Evolutions 8-Pack Mini Tins,273.91,273.91,191.74,191.74,Pokemon,Coffret,Miscellaneous Cards & Products,,273.91,307.48,28.00,TCGplayer
Cyclizar ex Box,45.69,45.69,31.98,31.98,Pokemon,Coffret,Miscellaneous Cards & Products,,45.69,58.48,40.22,TCGplayer
Cynthia's Garchomp ex Premium Collection,75.30,75.30,52.71,52.71,Pokemon,Coffret,Miscellaneous Cards & Products,,75.30,85.00,65.00,TCGplayer
Cyrus Premium Tournament Collection Box,84.15,84.15,58.91,58.91,Pokemon,Coffret,Miscellaneous Cards & Products,,84.15,90.00,1.50,TCGplayer
Cyrus/Klara Premium Tournament Collection Box [Set of 2],162.64,170.00,119.00,119.00,Pokemon,Coffret,Miscellaneous Cards & Products,,162.64,214.78,170.00,TCGplayer
Dark Powers ex Special Collection,113.87,124.97,87.48,87.48,Pokemon,Coffret,Miscellaneous Cards & Products,,113.87,187.48,124.97,TCGplayer
Decidueye ex Box,80.00,80.00,56.00,56.00,Pokemon,Coffret,Miscellaneous Cards & Products,,80.00,,,TCGplayer
Deoxys VMAX & VSTAR Battle Box,101.83,143.00,100.10,100.10,Pokemon,Coffret,Miscellaneous Cards & Products,,101.83,149.99,143.00,TCGplayer
Deoxys/Zeraora VMAX & VSTAR Battle Box [Set of 2],140.00,140.00,98.00,98.00,Pokemon,Coffret,Miscellaneous Cards & Products,,140.00,,,TCGplayer
Divergent Powers Tin [Hisuian Decidueye V],104.19,112.50,78.75,78.75,Pokemon,Coffret,Miscellaneous Cards & Products,,104.19,127.99,112.50,TCGplayer
Divergent Powers Tin [Hisuian Decidueye V] (International Version),51.19,71.97,50.38,50.38,Pokemon,Coffret,Miscellaneous Cards & Products,,51.19,79.92,71.97,TCGplayer
Divergent Powers Tin [Hisuian Samurott V],102.40,102.40,71.68,71.68,Pokemon,Coffret,Miscellaneous Cards & Products,,102.40,125.00,102.00,TCGplayer
Divergent Powers Tin [Hisuian Samurott V] (International Version),76.48,79.98,55.99,55.99,Pokemon,Coffret,Miscellaneous Cards & Products,,76.48,79.98,79.98,TCGplayer
Divergent Powers Tin [Hisuian Typhlosion V],108.34,130.00,91.00,91.00,Pokemon,Coffret,Miscellaneous Cards & Products,,108.34,139.94,130.00,TCGplayer
Divergent Powers Tin [Hisuian Typhlosion V] (International Version),67.35,130.00,91.00,91.00,Pokemon,Coffret,Miscellaneous Cards & Products,,67.35,130.00,130.00,TCGplayer
Divergent Powers Tin [Set of 3],281.00,281.00,196.70,196.70,Pokemon,Coffret,Miscellaneous Cards & Products,,281.00,349.95,281.00,TCGplayer
Dragonite Dragons Tin,80.31,130.00,91.00,91.00,Pokemon,Coffret,Miscellaneous Cards & Products,,80.31,130.00,130.00,TCGplayer
Dragonite Dragons Tin (Walgreens Exclusive),57.57,57.57,40.30,40.30,Pokemon,Coffret,Miscellaneous Cards & Products,,57.57,,,TCGplayer
Eevee Evolutions Premium Collection,280.17,280.17,196.12,196.12,Pokemon,Coffret,Miscellaneous Cards & Products,,280.17,302.45,279.89,TCGplayer
Eevee Evolutions Tin [Flareon V],70.22,70.22,49.15,49.15,Pokemon,Coffret,Miscellaneous Cards & Products,,70.22,90.00,12.99,TCGplayer
Eevee Evolutions Tin [Jolteon V],79.81,85.00,59.50,59.50,Pokemon,Coffret,Miscellaneous Cards & Products,,79.81,90.00,85.00,TCGplayer
Eevee Evolutions Tin [Set of 3],299.99,274.00,191.80,191.80,Pokemon,Coffret,Miscellaneous Cards & Products,,,299.99,248.00,TCGplayer
Eevee Pokemon Treasure Chest Tin,95.66,99.61,69.73,69.73,Pokemon,Coffret,Miscellaneous Cards & Products,,95.66,104.99,99.61,TCGplayer
Elemental Power Tin [Flareon GX],154.97,220.00,154.00,154.00,Pokemon,Coffret,Miscellaneous Cards & Products,,154.97,220.00,220.00,TCGplayer
Elemental Power Tin [Jolteon GX],150.75,200.00,140.00,140.00,Pokemon,Coffret,Miscellaneous Cards & Products,,150.75,207.97,200.00,TCGplayer
Elemental Power Tin [Vaporeon GX],145.97,145.00,101.50,101.50,Pokemon,Coffret,Miscellaneous Cards & Products,,145.97,145.00,145.00,TCGplayer
"Enhanced 2-Pack Blister Pack [Alolan Dugtrio, Alolan Muk, & Alolan Golem]",245.00,242.50,169.75,169.75,Pokemon,Coffret,Miscellaneous Cards & Products,,,245.00,240.00,TCGplayer
"Enhanced 2-Pack Blister Pack [Armarouge, Revavroom & Houndstone]",30.69,30.69,21.48,21.48,Pokemon,Coffret,Miscellaneous Cards & Products,,30.69,33.99,26.01,TCGplayer
"Enhanced 2-Pack Blister Pack [Gengar, Marshadow, Team Rocket's Mimikyu]",21.15,21.15,14.80,14.80,Pokemon,Coffret,Miscellaneous Cards & Products,,21.15,24.98,16.18,TCGplayer
"Enhanced 2-Pack Blister Pack [Latios, Zekrom & Palkia]",17.66,17.66,12.36,12.36,Pokemon,Coffret,Miscellaneous Cards & Products,,17.66,20.50,11.99,TCGplayer
"Enhanced 2-Pack Blister Pack [Palafin, Baxcalibur & Garganacl]",1.50,1.50,1.05,1.05,Pokemon,Coffret,Miscellaneous Cards & Products,,,,1.50,TCGplayer
Evolving Powers Premium Collection (Target Exclusive),223.73,223.73,156.61,156.61,Pokemon,Coffret,Miscellaneous Cards & Products,,223.73,249.95,200.00,TCGplayer
Fall 2020 Collector's Chest Tin + Great Ball 2-Pack (Retail Exclusive),150.00,150.00,105.00,105.00,Pokemon,Coffret,Miscellaneous Cards & Products,,,150.00,150.00,TCGplayer
Fall 2020 Collector's Chest Tin + Level Ball 2-Pack (Retail Exclusive),142.50,142.50,99.75,99.75,Pokemon,Coffret,Miscellaneous Cards & Products,,142.50,,,TCGplayer
Fall 2020 Collector's Chest Tin + Poke Ball 2-Pack (Retail Exclusive),132.98,199.99,139.99,139.99,Pokemon,Coffret,Miscellaneous Cards & Products,,132.98,199.99,199.99,TCGplayer
Fall 2023 Collector Chest,66.57,66.57,46.60,46.60,Pokemon,Coffret,Miscellaneous Cards & Products,,66.57,89.99,64.99,TCGplayer
Fall 2024 Collector Chest,68.47,68.47,47.93,47.93,Pokemon,Coffret,Miscellaneous Cards & Products,,68.47,71.79,61.80,TCGplayer
Fall 2025 Collector Chest,47.40,47.40,33.18,33.18,Pokemon,Coffret,Miscellaneous Cards & Products,,47.40,54.49,5.00,TCGplayer
Flareon VMAX Premium Collection,311.80,322.98,226.09,226.09,Pokemon,Coffret,Miscellaneous Cards & Products,,311.80,500.00,322.98,TCGplayer
Fusion Strike Elite Trainer Box & 6 Bonus Cards (Sam's Club),651.99,650.99,455.69,455.69,Pokemon,Coffret,Miscellaneous Cards & Products,,,651.99,649.99,TCGplayer
Galar Challengers Tin [Polteageist V],40.00,40.00,28.00,28.00,Pokemon,Coffret,Miscellaneous Cards & Products,,40.00,,,TCGplayer
Galar Challengers Tin [Toxtricity V],170.00,170.00,119.00,119.00,Pokemon,Coffret,Miscellaneous Cards & Products,,170.00,,,TCGplayer
Galar Collection [Sobble] - with Zacian V,490.00,490.00,343.00,343.00,Pokemon,Coffret,Miscellaneous Cards & Products,,,,490.00,TCGplayer
Galar Collection [Sobble] - with Zamazenta V,490.00,490.00,343.00,343.00,Pokemon,Coffret,Miscellaneous Cards & Products,,,,490.00,TCGplayer
Galar Pal Mini Tin [Galarian Ponyta],41.00,50.98,35.69,35.69,Pokemon,Coffret,Miscellaneous Cards & Products,,41.00,76.98,50.98,TCGplayer
Galar Pal Mini Tin [Grookey & Wooloo],36.75,47.95,33.56,33.56,Pokemon,Coffret,Miscellaneous Cards & Products,,36.75,48.96,47.95,TCGplayer
Galar Pal Mini Tin [Scorbunny & Pikachu],36.16,49.99,34.99,34.99,Pokemon,Coffret,Miscellaneous Cards & Products,,36.16,76.98,49.99,TCGplayer
Galar Pal Mini Tin [Set of 5],149.59,280.89,196.62,196.62,Pokemon,Coffret,Miscellaneous Cards & Products,,149.59,316.44,280.89,TCGplayer
Galar Pal Mini Tin [Sobble & Rookidee],34.19,59.99,41.99,41.99,Pokemon,Coffret,Miscellaneous Cards & Products,,34.19,62.48,59.99,TCGplayer
Galar Pal Mini Tin [Yamper & Morpeko],42.12,70.00,49.00,49.00,Pokemon,Coffret,Miscellaneous Cards & Products,,42.12,70.00,70.00,TCGplayer
Galar Power Mini Tin [Galarian Obstagoon],42.97,42.97,30.08,30.08,Pokemon,Coffret,Miscellaneous Cards & Products,,42.97,52.47,12.00,TCGplayer
Galar Power Mini Tin [Galarian Rapidash],49.00,54.90,38.43,38.43,Pokemon,Coffret,Miscellaneous Cards & Products,,49.00,54.93,54.90,TCGplayer
Galar Power Mini Tin [Galarian Sirfetch'd],39.77,44.95,31.46,31.46,Pokemon,Coffret,Miscellaneous Cards & Products,,39.77,54.95,44.95,TCGplayer
Galar Power Mini Tin [Set of 5],164.99,164.99,115.49,115.49,Pokemon,Coffret,Miscellaneous Cards & Products,,164.99,,,TCGplayer
Galar Power Mini Tin [Toxtricity],39.99,39.99,27.99,27.99,Pokemon,Coffret,Miscellaneous Cards & Products,,39.99,41.99,39.99,TCGplayer
Grafaiai ex Box,44.72,44.72,31.30,31.30,Pokemon,Coffret,Miscellaneous Cards & Products,,44.72,55.25,44.72,TCGplayer
Grand Adventure Collection,45.19,45.19,31.63,31.63,Pokemon,Coffret,Miscellaneous Cards & Products,,45.19,59.99,45.00,TCGplayer
Greninja EX & Kingdra EX Special Collection Box,65.05,65.05,45.53,45.53,Pokemon,Coffret,Miscellaneous Cards & Products,,65.05,79.99,61.99,TCGplayer
Greninja ex Ultra-Premium Collection,493.48,493.48,345.44,345.44,Pokemon,Coffret,Miscellaneous Cards & Products,,493.48,557.00,20.00,TCGplayer
Gyarados ex Premium Collection,121.95,150.00,105.00,105.00,Pokemon,Coffret,Miscellaneous Cards & Products,,121.95,157.48,150.00,TCGplayer
Heavy Hitters Premium Collection (Fall 2023),304.63,335.00,234.50,234.50,Pokemon,Coffret,Miscellaneous Cards & Products,,304.63,370.00,335.00,TCGplayer
Hidden Potential Tin [Gallade V],79.90,135.70,94.99,94.99,Pokemon,Coffret,Miscellaneous Cards & Products,,79.90,139.28,135.70,TCGplayer
Hidden Potential Tin [Rotom V],94.99,130.00,91.00,91.00,Pokemon,Coffret,Miscellaneous Cards & Products,,94.99,137.44,130.00,TCGplayer
Hop's Zacian ex Box,33.21,33.21,23.25,23.25,Pokemon,Coffret,Miscellaneous Cards & Products,,33.21,37.99,29.99,TCGplayer
Houndstone ex Box,43.85,44.73,31.31,31.31,Pokemon,Coffret,Miscellaneous Cards & Products,,43.85,48.72,44.73,TCGplayer
Hydreigon ex & Dragapult ex Premium Collection,99.32,99.99,69.99,69.99,Pokemon,Coffret,Miscellaneous Cards & Products,,99.32,117.49,99.99,TCGplayer
Incineroar ex and Torterra ex Special Collection,72.44,72.44,50.71,50.71,Pokemon,Coffret,Miscellaneous Cards & Products,,72.44,72.68,67.00,TCGplayer
Infernape V Box,67.68,75.00,52.50,52.50,Pokemon,Coffret,Miscellaneous Cards & Products,,67.68,79.99,75.00,TCGplayer
Iono Premium Tournament Collection Box,99.35,99.35,69.54,69.54,Pokemon,Coffret,Miscellaneous Cards & Products,,99.35,107.88,60.00,TCGplayer
Iono’s Bellibolt ex Premium Collection,57.87,57.87,40.51,40.51,Pokemon,Coffret,Miscellaneous Cards & Products,,57.87,64.99,55.00,TCGplayer
Jirachi GX Collection,300.00,374.00,261.80,261.80,Pokemon,Coffret,Miscellaneous Cards & Products,,300.00,399.50,374.00,TCGplayer
Jirachi V Box,104.13,160.80,112.56,112.56,Pokemon,Coffret,Miscellaneous Cards & Products,,104.13,179.99,160.80,TCGplayer
Kanto Friends Mini Tin [Bulbasaur],35.32,39.99,27.99,27.99,Pokemon,Coffret,Miscellaneous Cards & Products,,35.32,39.99,39.99,TCGplayer
Kanto Friends Mini Tin [Charmander],31.03,34.99,24.49,24.49,Pokemon,Coffret,Miscellaneous Cards & Products,,31.03,34.99,34.99,TCGplayer
Kanto Friends Mini Tin [Eevee],30.05,30.15,21.10,21.10,Pokemon,Coffret,Miscellaneous Cards & Products,,30.05,34.99,30.15,TCGplayer
Kanto Friends Mini Tin [Pikachu],29.36,34.97,24.48,24.48,Pokemon,Coffret,Miscellaneous Cards & Products,,29.36,34.98,34.97,TCGplayer
Kanto Friends Mini Tin [Set of 5],197.47,192.47,134.73,134.73,Pokemon,Coffret,Miscellaneous Cards & Products,,197.47,192.47,175.00,TCGplayer
Kanto Friends Mini Tin [Squirtle],36.63,36.63,25.64,25.64,Pokemon,Coffret,Miscellaneous Cards & Products,,36.63,36.99,36.09,TCGplayer
Kanto Power Mini Tin [Charizard],39.32,39.32,27.52,27.52,Pokemon,Coffret,Miscellaneous Cards & Products,,39.32,52.08,14.00,TCGplayer
Kanto Power Mini Tin [Dragonite],36.70,37.99,26.59,26.59,Pokemon,Coffret,Miscellaneous Cards & Products,,36.70,42.53,37.99,TCGplayer
Kanto Power Mini Tin [Mew],39.38,39.38,27.57,27.57,Pokemon,Coffret,Miscellaneous Cards & Products,,39.38,52.49,15.00,TCGplayer
Kanto Power Mini Tin [Mewtwo],32.98,32.98,23.09,23.09,Pokemon,Coffret,Miscellaneous Cards & Products,,32.98,42.53,15.00,TCGplayer
Kanto Power Mini Tin [Vulpix],33.29,33.29,23.30,23.30,Pokemon,Coffret,Miscellaneous Cards & Products,,33.29,42.99,15.00,TCGplayer
Klara Premium Tournament Collection Box,88.51,90.00,63.00,63.00,Pokemon,Coffret,Miscellaneous Cards & Products,,88.51,104.99,90.00,TCGplayer
Kleavor VSTAR Premium Collection,89.11,89.11,62.38,62.38,Pokemon,Coffret,Miscellaneous Cards & Products,,89.11,91.66,88.00,TCGplayer
Kleavor VSTAR Premium Collection (International),70.33,75.00,52.50,52.50,Pokemon,Coffret,Miscellaneous Cards & Products,,70.33,84.99,75.00,TCGplayer
Kleavor VSTAR Special Collection,63.84,69.69,48.78,48.78,Pokemon,Coffret,Miscellaneous Cards & Products,,63.84,75.00,69.69,TCGplayer
Knock Out Collection [Alakazam],23.12,75.00,52.50,52.50,Pokemon,Coffret,Miscellaneous Cards & Products,,23.12,75.00,75.00,TCGplayer
"Knock Out Collection [Boltund, Eiscue, Galarian Sirfetch'd]",32.49,35.00,24.50,24.50,Pokemon,Coffret,Miscellaneous Cards & Products,,32.49,40.00,35.00,TCGplayer
Knock Out Collection [Chien-Pao],22.53,41.00,28.70,28.70,Pokemon,Coffret,Miscellaneous Cards & Products,,22.53,58.00,41.00,TCGplayer
Knock Out Collection [Kyogre],14.73,14.73,10.31,10.31,Pokemon,Coffret,Miscellaneous Cards & Products,,14.73,18.25,13.00,TCGplayer
"Knock Out Collection [Lucario, Bisharp, and Zoroark]",169.99,167.98,117.59,117.59,Pokemon,Coffret,Miscellaneous Cards & Products,,169.99,167.98,160.00,TCGplayer
"Knock Out Collection [Shaymin, Zeraora, and Marshadow]",22.27,17.13,11.99,11.99,Pokemon,Coffret,Miscellaneous Cards & Products,,22.27,,11.99,TCGplayer
Knock Out Collection [Suicune],14.46,14.46,10.12,10.12,Pokemon,Coffret,Miscellaneous Cards & Products,,14.46,16.36,5.99,TCGplayer
"Knock Out Collection [Toxtricity, Duraludon, Sandaconda]",28.79,35.00,24.50,24.50,Pokemon,Coffret,Miscellaneous Cards & Products,,28.79,53.99,35.00,TCGplayer
"Knock Out Collection [Tyranitar, Shiftry, and Vivillon]",171.95,169.99,118.99,118.99,Pokemon,Coffret,Miscellaneous Cards & Products,,171.95,169.99,160.00,TCGplayer
Kyurem V Box,185.00,185.00,129.50,129.50,Pokemon,Coffret,Miscellaneous Cards & Products,,,185.00,185.00,TCGplayer
Legendary Warriors Premium Collection,192.19,192.19,134.53,134.53,Pokemon,Coffret,Miscellaneous Cards & Products,,192.19,200.00,180.00,TCGplayer
Legends of Johto Pin Collection,310.00,310.00,217.00,217.00,Pokemon,Coffret,Miscellaneous Cards & Products,,310.00,340.00,300.00,TCGplayer
Lillie Premium Tournament Collection Box,78.96,78.96,55.27,55.27,Pokemon,Coffret,Miscellaneous Cards & Products,,78.96,85.62,75.00,TCGplayer
Lucario VSTAR Premium Collection,101.63,107.98,75.59,75.59,Pokemon,Coffret,Miscellaneous Cards & Products,,101.63,144.00,107.98,TCGplayer
Lucario VSTAR Special Collection,81.94,86.25,60.37,60.37,Pokemon,Coffret,Miscellaneous Cards & Products,,81.94,89.99,86.25,TCGplayer
Lugia ex & Latias ex Premium Collection,110.47,110.47,77.33,77.33,Pokemon,Coffret,Miscellaneous Cards & Products,,110.47,111.95,94.49,TCGplayer
Lumiose City Mini Tin [Emboar & Inkay],14.24,14.24,9.97,9.97,Pokemon,Coffret,Miscellaneous Cards & Products,,14.24,16.98,1.99,TCGplayer
Lumiose City Mini Tin [Feraligatr & Budew],16.62,16.62,11.63,11.63,Pokemon,Coffret,Miscellaneous Cards & Products,,16.62,18.50,1.99,TCGplayer
Lumiose City Mini Tin [Gallade & Goomy],14.31,14.31,10.02,10.02,Pokemon,Coffret,Miscellaneous Cards & Products,,14.31,17.50,1.99,TCGplayer
Lumiose City Mini Tin [Meganium & Meowstic],15.03,15.03,10.52,10.52,Pokemon,Coffret,Miscellaneous Cards & Products,,15.03,17.29,1.99,TCGplayer
Lumiose City Mini Tin [Salamence & Litleo],14.56,14.56,10.19,10.19,Pokemon,Coffret,Miscellaneous Cards & Products,,14.56,16.99,1.99,TCGplayer
Lumiose City Mini Tin [Set of 5],62.96,62.96,44.07,44.07,Pokemon,Coffret,Miscellaneous Cards & Products,,62.96,71.99,19.99,TCGplayer
Mabosstiff ex Box,38.99,38.99,27.29,27.29,Pokemon,Coffret,Miscellaneous Cards & Products,,38.99,41.79,5.99,TCGplayer
Marnie Premium Tournament Collection Box,128.46,128.46,89.92,89.92,Pokemon,Coffret,Miscellaneous Cards & Products,,128.46,140.00,110.00,TCGplayer
Marshadow Box (International Version),97.49,220.00,154.00,154.00,Pokemon,Coffret,Miscellaneous Cards & Products,,97.49,220.00,220.00,TCGplayer
Masks of Ogerpon Premium Collection,89.25,89.25,62.47,62.47,Pokemon,Coffret,Miscellaneous Cards & Products,,89.25,94.99,87.12,TCGplayer
Meddling Sparks Premium Collection,116.81,185.00,129.50,129.50,Pokemon,Coffret,Miscellaneous Cards & Products,,116.81,194.00,185.00,TCGplayer
Mega Charizard Tin (Mega Charizard X),46.48,46.48,32.54,32.54,Pokemon,Coffret,Miscellaneous Cards & Products,,46.48,50.00,10.00,TCGplayer
Mega Charizard Tin (Mega Charizard Y),43.77,43.77,30.64,30.64,Pokemon,Coffret,Miscellaneous Cards & Products,,43.77,48.41,35.00,TCGplayer
Mega Charizard X ex Ultra Premium Collection,221.85,221.85,155.29,155.29,Pokemon,Coffret,Miscellaneous Cards & Products,,221.85,280.00,2.99,TCGplayer
Mega Forces Tin [Mega Darkrai ex],52.78,52.78,36.95,36.95,Pokemon,Coffret,Miscellaneous Cards & Products,,52.78,53.53,47.96,TCGplayer
Mega Forces Tin [Mega Dragonite ex],55.04,59.95,41.96,41.96,Pokemon,Coffret,Miscellaneous Cards & Products,,55.04,59.95,59.95,TCGplayer
Mega Forces Tin [Mega Zeraora ex],52.47,52.45,36.71,36.71,Pokemon,Coffret,Miscellaneous Cards & Products,,52.47,52.45,47.96,TCGplayer
Mega Forces Tin [Set of 3],118.64,169.94,118.96,118.96,Pokemon,Coffret,Miscellaneous Cards & Products,,118.64,169.94,169.94,TCGplayer
Mega Greninja ex Premium Collection,48.95,48.95,34.27,34.27,Pokemon,Coffret,Miscellaneous Cards & Products,,48.95,55.00,10.00,TCGplayer
Mega Kangaskhan ex Box,41.51,41.51,29.06,29.06,Pokemon,Coffret,Miscellaneous Cards & Products,,41.51,45.00,27.01,TCGplayer
Mega Latias ex Box,40.79,40.79,28.55,28.55,Pokemon,Coffret,Miscellaneous Cards & Products,,40.79,45.77,36.99,TCGplayer
Mega Lucario ex Premium Figure Collection,55.20,55.20,38.64,38.64,Pokemon,Coffret,Miscellaneous Cards & Products,,55.20,63.34,5.00,TCGplayer
Mega Moonlit Tin [Mega Clefable ex],26.71,26.71,18.70,18.70,Pokemon,Coffret,Miscellaneous Cards & Products,,26.71,31.99,18.99,TCGplayer
Mega Moonlit Tin [Mega Gengar ex],33.87,33.87,23.71,23.71,Pokemon,Coffret,Miscellaneous Cards & Products,,33.87,38.40,29.00,TCGplayer
Mega Venusaur ex Premium Collection,70.72,70.72,49.50,49.50,Pokemon,Coffret,Miscellaneous Cards & Products,,70.72,76.00,2.99,TCGplayer
Mega Zygarde ex Premium Collection,49.29,49.29,34.50,34.50,Pokemon,Coffret,Miscellaneous Cards & Products,,49.29,55.00,33.58,TCGplayer
Melmetal ex Box,37.89,37.89,26.52,26.52,Pokemon,Coffret,Miscellaneous Cards & Products,,37.89,40.98,30.00,TCGplayer
Meowth VMAX Special Collection,285.78,329.99,230.99,230.99,Pokemon,Coffret,Miscellaneous Cards & Products,,285.78,425.00,329.99,TCGplayer
Meowth VMAX Special Collection (International Version),309.99,309.99,216.99,216.99,Pokemon,Coffret,Miscellaneous Cards & Products,,309.99,444.97,295.00,TCGplayer
Mew V Box,120.00,120.00,84.00,84.00,Pokemon,Coffret,Miscellaneous Cards & Products,,120.00,,,TCGplayer
Mighty Mysterious Tin [Darkrai],58.69,62.99,44.09,44.09,Pokemon,Coffret,Miscellaneous Cards & Products,,58.69,86.00,62.99,TCGplayer
Mighty Mysterious Tin [Mimikyu],100.43,129.99,90.99,90.99,Pokemon,Coffret,Miscellaneous Cards & Products,,100.43,147.99,129.99,TCGplayer
Mighty Mysterious Tin [Snorlax],88.27,88.27,61.79,61.79,Pokemon,Coffret,Miscellaneous Cards & Products,,88.27,119.00,80.00,TCGplayer
Mighty Mysterious Tins [Set of 3],325.00,287.50,201.25,201.25,Pokemon,Coffret,Miscellaneous Cards & Products,,,325.00,250.00,TCGplayer
Mimikyu ex & Alcremie ex Premium Collection,117.41,117.41,82.19,82.19,Pokemon,Coffret,Miscellaneous Cards & Products,,117.41,119.99,100.00,TCGplayer
Mimikyu ex Box,94.56,94.56,66.19,66.19,Pokemon,Coffret,Miscellaneous Cards & Products,,94.56,118.00,89.99,TCGplayer
Morpeko V-UNION Special Collection,73.64,79.99,55.99,55.99,Pokemon,Coffret,Miscellaneous Cards & Products,,73.64,94.00,79.99,TCGplayer
Mythical 2-Pack Blister [Celebi],59.95,57.48,40.23,40.23,Pokemon,Coffret,Miscellaneous Cards & Products,,59.95,57.48,55.00,TCGplayer
Mythical 2-Pack Blister [Jirachi],58.23,58.84,41.19,41.19,Pokemon,Coffret,Miscellaneous Cards & Products,,58.23,59.40,58.84,TCGplayer
Mythical Squishy Premium Collection,263.87,263.87,184.71,184.71,Pokemon,Coffret,Miscellaneous Cards & Products,,263.87,292.50,258.90,TCGplayer
Ogerpon ex Premium Collection,60.40,60.40,42.28,42.28,Pokemon,Coffret,Miscellaneous Cards & Products,,60.40,62.00,50.00,TCGplayer
Oinkologne ex Box,51.28,69.99,48.99,48.99,Pokemon,Coffret,Miscellaneous Cards & Products,,51.28,72.50,69.99,TCGplayer
Palafin ex Box,41.04,53.51,37.46,37.46,Pokemon,Coffret,Miscellaneous Cards & Products,,41.04,59.50,53.51,TCGplayer
Paldea Adventure Chest,113.81,113.81,79.67,79.67,Pokemon,Coffret,Miscellaneous Cards & Products,,113.81,127.00,5.00,TCGplayer
Paldea Collection [Fuecoco/Koraidon ex],61.80,69.99,48.99,48.99,Pokemon,Coffret,Miscellaneous Cards & Products,,61.80,75.00,69.99,TCGplayer
Paldea Collection [Quaxly/Koraidon ex],63.73,69.99,48.99,48.99,Pokemon,Coffret,Miscellaneous Cards & Products,,63.73,90.00,69.99,TCGplayer
Paldea Collection [Quaxly/Miraidon ex],58.89,60.00,42.00,42.00,Pokemon,Coffret,Miscellaneous Cards & Products,,58.89,74.95,60.00,TCGplayer
Paldea Collection [Set of 3] (Koraidon ex),239.99,237.49,166.24,166.24,Pokemon,Coffret,Miscellaneous Cards & Products,,,239.99,234.99,TCGplayer
Paldea Collection [Set of 3] (Miraidon ex),240.00,240.00,168.00,168.00,Pokemon,Coffret,Miscellaneous Cards & Products,,,240.00,239.99,TCGplayer
Paldea Collection [Sprigatito/Koraidon ex],79.79,87.97,61.58,61.58,Pokemon,Coffret,Miscellaneous Cards & Products,,79.79,89.82,87.97,TCGplayer
Paldea Collection [Sprigatito/Miraidon ex],77.58,88.19,61.73,61.73,Pokemon,Coffret,Miscellaneous Cards & Products,,77.58,88.82,88.19,TCGplayer
Paldea Friends Mini Tin [Fuecoco & Smoliv],30.18,30.18,21.13,21.13,Pokemon,Coffret,Miscellaneous Cards & Products,,30.18,75.00,24.99,TCGplayer
Paldea Friends Mini Tin [Pawmi & Lechonk],29.10,29.10,20.37,20.37,Pokemon,Coffret,Miscellaneous Cards & Products,,29.10,29.97,24.99,TCGplayer
Paldea Friends Mini Tin [Quaxly & Smoliv],29.27,26.93,18.85,18.85,Pokemon,Coffret,Miscellaneous Cards & Products,,29.27,26.93,24.99,TCGplayer
Paldea Friends Mini Tin [Set of 5],114.99,114.99,80.49,80.49,Pokemon,Coffret,Miscellaneous Cards & Products,,,,114.99,TCGplayer
Paldea Friends Mini Tin [Sprigatito & Fidough],33.68,33.68,23.58,23.58,Pokemon,Coffret,Miscellaneous Cards & Products,,33.68,47.49,24.99,TCGplayer
Paldea Friends Mini Tins 5-Pack,123.83,275.00,192.50,192.50,Pokemon,Coffret,Miscellaneous Cards & Products,,123.83,299.99,275.00,TCGplayer
Paldea Legends Tin [Koraidon ex],40.17,41.00,28.70,28.70,Pokemon,Coffret,Miscellaneous Cards & Products,,40.17,44.48,41.00,TCGplayer
Paldea Legends Tin [Koraidon ex] (International Version),48.07,48.24,33.77,33.77,Pokemon,Coffret,Miscellaneous Cards & Products,,48.07,57.99,48.24,TCGplayer
Paldea Legends Tin [Miraidon ex],39.33,39.33,27.53,27.53,Pokemon,Coffret,Miscellaneous Cards & Products,,39.33,43.33,38.71,TCGplayer
Paldea Legends Tin [Miraidon ex] (International Version),52.77,52.77,36.94,36.94,Pokemon,Coffret,Miscellaneous Cards & Products,,52.77,70.00,49.99,TCGplayer
Paldea Legends Tins [Bundle of 2],83.95,83.95,58.77,58.77,Pokemon,Coffret,Miscellaneous Cards & Products,,83.95,,,TCGplayer
Paldea Legends Tins [Bundle of 2] (International Version),84.98,100.00,70.00,70.00,Pokemon,Coffret,Miscellaneous Cards & Products,,84.98,100.00,100.00,TCGplayer
Paldea Partners Tin [Meowscarada ex],50.19,54.99,38.49,38.49,Pokemon,Coffret,Miscellaneous Cards & Products,,50.19,62.47,54.99,TCGplayer
Paldea Partners Tin [Meowscarada ex] [International Edition],49.87,62.99,44.09,44.09,Pokemon,Coffret,Miscellaneous Cards & Products,,49.87,63.99,62.99,TCGplayer
Paldea Partners Tin [Quaquaval ex],41.05,41.05,28.73,28.73,Pokemon,Coffret,Miscellaneous Cards & Products,,41.05,49.99,39.99,TCGplayer
Paldea Partners Tin [Quaquaval ex] [International],49.59,53.97,37.78,37.78,Pokemon,Coffret,Miscellaneous Cards & Products,,49.59,59.97,53.97,TCGplayer
Paldea Partners Tin [Set of 3],134.26,149.99,104.99,104.99,Pokemon,Coffret,Miscellaneous Cards & Products,,134.26,164.98,149.99,TCGplayer
Paldea Partners Tin [Skeledirge ex],47.39,54.99,38.49,38.49,Pokemon,Coffret,Miscellaneous Cards & Products,,47.39,68.98,54.99,TCGplayer
Paradox Clash Tin [Iron Leaves ex],37.19,37.19,26.03,26.03,Pokemon,Coffret,Miscellaneous Cards & Products,,37.19,39.52,10.00,TCGplayer
Paradox Clash Tin [Walking Wake ex],37.61,37.61,26.33,26.33,Pokemon,Coffret,Miscellaneous Cards & Products,,37.61,41.92,37.58,TCGplayer
Paradox Destinies Tin [Gouging Fire ex],40.33,40.33,28.23,28.23,Pokemon,Coffret,Miscellaneous Cards & Products,,40.33,44.47,20.00,TCGplayer
Paradox Destinies Tin [Iron Boulder ex],36.99,36.99,25.89,25.89,Pokemon,Coffret,Miscellaneous Cards & Products,,36.99,42.49,5.00,TCGplayer
Paradox Destinies Tin [Iron Crown ex],38.14,38.14,26.70,26.70,Pokemon,Coffret,Miscellaneous Cards & Products,,38.14,49.99,5.00,TCGplayer
Paradox Destinies Tin [Raging Bolt ex],39.95,42.68,29.88,29.88,Pokemon,Coffret,Miscellaneous Cards & Products,,39.95,45.00,42.68,TCGplayer
Paradox Destinies Tin [Set of 4],143.82,165.39,115.77,115.77,Pokemon,Coffret,Miscellaneous Cards & Products,,143.82,196.99,165.39,TCGplayer
Paradox Fury Premium Collection,75.21,114.99,80.49,80.49,Pokemon,Coffret,Miscellaneous Cards & Products,,75.21,114.99,114.99,TCGplayer
Paradox Powers ex Special Collection,110.49,107.75,75.42,75.42,Pokemon,Coffret,Miscellaneous Cards & Products,,,110.49,105.00,TCGplayer
Paradox Wisdom Premium Collection,68.89,85.00,59.50,59.50,Pokemon,Coffret,Miscellaneous Cards & Products,,68.89,94.00,85.00,TCGplayer
Pikachu & Eevee Poke Ball Collection,257.91,329.99,230.99,230.99,Pokemon,Coffret,Miscellaneous Cards & Products,,257.91,364.99,329.99,TCGplayer
Pikachu & Zekrom GX Premium Collection,295.53,295.53,206.87,206.87,Pokemon,Coffret,Miscellaneous Cards & Products,,295.53,330.00,280.00,TCGplayer
Poke Ball with Two Mini Tins (Sam's Club),289.99,289.99,202.99,202.99,Pokemon,Coffret,Miscellaneous Cards & Products,,,289.99,289.99,TCGplayer
Pokemon - Poke Ball Tin + 2 Kanto Power Mini Tins - Dusk Ball,1750.00,1125.00,787.50,787.50,Pokemon,Coffret,Miscellaneous Cards & Products,,,1750.00,500.00,TCGplayer
Pokemon - Poke Ball Tin + 2 Kanto Power Mini Tins - Great Ball,1749.99,1124.99,787.49,787.49,Pokemon,Coffret,Miscellaneous Cards & Products,,,1749.99,499.99,TCGplayer
Pokemon - Poke Ball Tin + 2 Kanto Power Mini Tins - Poke Ball,1750.00,1125.00,787.50,787.50,Pokemon,Coffret,Miscellaneous Cards & Products,,,1750.00,500.00,TCGplayer
Pokemon - Poke Ball Tin + 2 Kanto Power Mini Tins - Premier Ball,1700.00,1050.00,735.00,735.00,Pokemon,Coffret,Miscellaneous Cards & Products,,,1700.00,400.00,TCGplayer
Pokemon - Poke Ball Tin + 2 Kanto Power Mini Tins - Ultra Ball,3000.00,1749.99,1225.00,1225.00,Pokemon,Coffret,Miscellaneous Cards & Products,,,3000.00,499.99,TCGplayer
Pokemon - Poke Ball Tin - Dive Ball,180.00,220.00,154.00,154.00,Pokemon,Coffret,Miscellaneous Cards & Products,,180.00,310.00,220.00,TCGplayer
Pokemon - Poke Ball Tin - Dusk Ball,226.99,223.38,156.37,156.37,Pokemon,Coffret,Miscellaneous Cards & Products,,,226.99,219.78,TCGplayer
Pokemon - Poke Ball Tin - Great Ball,25.42,25.42,17.79,17.79,Pokemon,Coffret,Miscellaneous Cards & Products,,25.42,25.42,19.99,TCGplayer
Pokemon - Poke Ball Tin - Great Ball (Q4 2024),25.97,29.98,20.99,20.99,Pokemon,Coffret,Miscellaneous Cards & Products,,25.97,31.50,29.98,TCGplayer
Pokemon - Poke Ball Tin - Great Ball (Q4 2025),25.33,25.00,17.50,17.50,Pokemon,Coffret,Miscellaneous Cards & Products,,25.33,25.00,21.00,TCGplayer
Pokemon - Poke Ball Tin - Level Ball,74.57,74.57,52.20,52.20,Pokemon,Coffret,Miscellaneous Cards & Products,,74.57,74.95,64.45,TCGplayer
Pokemon - Poke Ball Tin - Love Ball,275.49,275.49,192.84,192.84,Pokemon,Coffret,Miscellaneous Cards & Products,,275.49,325.00,268.39,TCGplayer
Pokemon - Poke Ball Tin - Lure Ball,125.00,139.99,97.99,97.99,Pokemon,Coffret,Miscellaneous Cards & Products,,125.00,139.99,139.99,TCGplayer
Pokemon - Poke Ball Tin - Luxury Ball,90.00,151.96,106.37,106.37,Pokemon,Coffret,Miscellaneous Cards & Products,,90.00,151.96,151.96,TCGplayer
Pokemon - Poke Ball Tin - Moon Ball,28.76,28.76,20.13,20.13,Pokemon,Coffret,Miscellaneous Cards & Products,,28.76,,,TCGplayer
Pokemon - Poke Ball Tin - Moon Ball (Q4 2024),29.31,29.31,20.52,20.52,Pokemon,Coffret,Miscellaneous Cards & Products,,29.31,35.98,25.00,TCGplayer
Pokemon - Poke Ball Tin - Poke Ball,27.23,27.23,19.06,19.06,Pokemon,Coffret,Miscellaneous Cards & Products,,27.23,29.86,25.00,TCGplayer
Pokemon - Poke Ball Tin - Poke Ball (Q4 2024),27.26,59.99,41.99,41.99,Pokemon,Coffret,Miscellaneous Cards & Products,,27.26,65.00,59.99,TCGplayer
Pokemon - Poke Ball Tin - Poke Ball (Q4 2025),28.33,28.00,19.60,19.60,Pokemon,Coffret,Miscellaneous Cards & Products,,28.33,28.00,23.99,TCGplayer
Pokemon - Poke Ball Tin - Premier Ball,24.27,24.27,16.99,16.99,Pokemon,Coffret,Miscellaneous Cards & Products,,24.27,30.00,24.27,TCGplayer
Pokemon - Poke Ball Tin - Premier Ball (Q4 2024),23.81,27.00,18.90,18.90,Pokemon,Coffret,Miscellaneous Cards & Products,,23.81,35.00,27.00,TCGplayer
Pokemon - Poke Ball Tin - Premier Ball (Q4 2025),26.26,26.26,18.38,18.38,Pokemon,Coffret,Miscellaneous Cards & Products,,26.26,27.49,22.00,TCGplayer
Pokemon - Poke Ball Tin - Quick Ball,48.41,99.97,69.98,69.98,Pokemon,Coffret,Miscellaneous Cards & Products,,48.41,109.97,99.97,TCGplayer
Pokemon - Poke Ball Tin - Repeat Ball,25.35,25.35,17.75,17.75,Pokemon,Coffret,Miscellaneous Cards & Products,,25.35,25.64,20.00,TCGplayer
Pokemon - Poke Ball Tin - Repeat Ball (Q4 2025),22.84,22.84,15.99,15.99,Pokemon,Coffret,Miscellaneous Cards & Products,,22.84,28.99,21.00,TCGplayer
Pokemon - Poke Ball Tin - Ultra Ball,25.70,25.70,17.99,17.99,Pokemon,Coffret,Miscellaneous Cards & Products,,25.70,29.48,20.00,TCGplayer
Pokemon - Poke Ball Tin - Ultra Ball (Q4 2024),27.40,29.99,20.99,20.99,Pokemon,Coffret,Miscellaneous Cards & Products,,27.40,32.98,29.99,TCGplayer
Pokemon - Poke Ball Tin - Ultra Ball (Q4 2025),25.67,25.00,17.50,17.50,Pokemon,Coffret,Miscellaneous Cards & Products,,25.67,25.00,24.99,TCGplayer
Pokemon Day 2026 Collection,36.92,36.92,25.84,25.84,Pokemon,Coffret,Miscellaneous Cards & Products,,36.92,40.00,33.42,TCGplayer
Pokemon Stacking Tin: Dragon,35.00,35.00,24.50,24.50,Pokemon,Coffret,Miscellaneous Cards & Products,,35.00,37.97,34.99,TCGplayer
Pokemon Stacking Tin: Electric,52.98,59.90,41.93,41.93,Pokemon,Coffret,Miscellaneous Cards & Products,,52.98,60.95,59.90,TCGplayer
Pokemon Stacking Tin: Metal,26.33,36.99,25.89,25.89,Pokemon,Coffret,Miscellaneous Cards & Products,,26.33,39.97,36.99,TCGplayer
Pokemon Stacking Tin: Ogerpon,27.70,35.00,24.50,24.50,Pokemon,Coffret,Miscellaneous Cards & Products,,27.70,40.00,35.00,TCGplayer
Pokemon Stacking Tin: Paradox Pokemon,29.55,29.55,20.68,20.68,Pokemon,Coffret,Miscellaneous Cards & Products,,29.55,30.48,27.00,TCGplayer
Pokemon Stacking Tin: Psychic,48.97,48.48,33.94,33.94,Pokemon,Coffret,Miscellaneous Cards & Products,,48.97,,48.00,TCGplayer
Pokemon Stacking Tin: Treasures of Ruin,29.20,29.20,20.44,20.44,Pokemon,Coffret,Miscellaneous Cards & Products,,29.20,29.20,25.00,TCGplayer
Pokemon Stacking Tins [Set of 3],156.90,209.99,146.99,146.99,Pokemon,Coffret,Miscellaneous Cards & Products,,156.90,239.99,209.99,TCGplayer
"Pokemon Stacking Tins [Set of 3] (Psychic, Metal, and Dragon)",91.04,154.99,108.49,108.49,Pokemon,Coffret,Miscellaneous Cards & Products,,91.04,154.99,154.99,TCGplayer
Pokemon Stacking Tins [Set of 6],499.99,499.99,349.99,349.99,Pokemon,Coffret,Miscellaneous Cards & Products,,,499.99,499.99,TCGplayer
"Pokemon Stacking Tins: Treasures of Ruin, Paradox Pokemon, Ogerpon [Set of 3]",86.00,94.99,66.49,66.49,Pokemon,Coffret,Miscellaneous Cards & Products,,86.00,94.99,94.99,TCGplayer
Pokemon TCG: SWSH Basic Energy Box,11.40,11.40,7.98,7.98,Pokemon,Coffret,Miscellaneous Cards & Products,,11.40,,,TCGplayer
Prismatic Evolutions Elite Trainer Box and Pokeball (Sam's Club),195.64,195.64,136.95,136.95,Pokemon,Coffret,Miscellaneous Cards & Products,,195.64,219.94,83.97,TCGplayer
Prismatic Evolutions Lucario ex & Tyranitar ex Premium Collection (Sam's Club),200.21,200.21,140.15,140.15,Pokemon,Coffret,Miscellaneous Cards & Products,,200.21,229.99,85.00,TCGplayer
Professor Juniper Premium Tournament Collection Box,117.42,117.42,82.19,82.19,Pokemon,Coffret,Miscellaneous Cards & Products,,117.42,151.99,13.25,TCGplayer
Reshiram & Archaludon ex Box [Set of 2],60.49,67.99,47.59,47.59,Pokemon,Coffret,Miscellaneous Cards & Products,,60.49,84.00,67.99,TCGplayer
Reshiram & Charizard GX Premium Collection,287.71,315.00,220.50,220.50,Pokemon,Coffret,Miscellaneous Cards & Products,,287.71,369.99,315.00,TCGplayer
Reshiram ex Box,41.03,41.03,28.72,28.72,Pokemon,Coffret,Miscellaneous Cards & Products,,41.03,54.99,40.00,TCGplayer
Roaring Moon ex Box,47.10,47.10,32.97,32.97,Pokemon,Coffret,Miscellaneous Cards & Products,,47.10,59.99,45.00,TCGplayer
Salamence Dragons Tin,54.97,54.97,38.48,38.48,Pokemon,Coffret,Miscellaneous Cards & Products,,54.97,76.50,54.97,TCGplayer
Salamence ex & Reshiram ex Premium Collection,91.67,91.67,64.17,64.17,Pokemon,Coffret,Miscellaneous Cards & Products,,91.67,96.55,87.64,TCGplayer
Shaymin VSTAR Premium Collection,128.02,179.99,125.99,125.99,Pokemon,Coffret,Miscellaneous Cards & Products,,128.02,185.48,179.99,TCGplayer
Sinnoh Star Mini Tin [Chimchar],32.49,39.99,27.99,27.99,Pokemon,Coffret,Miscellaneous Cards & Products,,32.49,44.99,39.99,TCGplayer
Sinnoh Star Mini Tin [Munchlax],26.99,94.99,66.49,66.49,Pokemon,Coffret,Miscellaneous Cards & Products,,26.99,97.00,94.99,TCGplayer
Sinnoh Star Mini Tin [Piplup],41.81,94.99,66.49,66.49,Pokemon,Coffret,Miscellaneous Cards & Products,,41.81,97.49,94.99,TCGplayer
Sinnoh Star Mini Tin [Riolu],39.98,39.99,27.99,27.99,Pokemon,Coffret,Miscellaneous Cards & Products,,39.98,42.00,39.99,TCGplayer
Sinnoh Star Mini Tin [Set of 5],149.69,200.00,140.00,140.00,Pokemon,Coffret,Miscellaneous Cards & Products,,149.69,257.49,200.00,TCGplayer
Sinnoh Star Mini Tin [Turtwig],32.54,45.99,32.19,32.19,Pokemon,Coffret,Miscellaneous Cards & Products,,32.54,47.99,45.99,TCGplayer
Sinnoh Stars Mini Tins 5-Pack,199.99,225.00,157.50,157.50,Pokemon,Coffret,Miscellaneous Cards & Products,,199.99,237.00,225.00,TCGplayer
Slashing Legends Tin [Koraidon ex],35.73,35.73,25.01,25.01,Pokemon,Coffret,Miscellaneous Cards & Products,,35.73,44.49,34.00,TCGplayer
Slashing Legends Tin [Zacian ex],36.16,36.16,25.31,25.31,Pokemon,Coffret,Miscellaneous Cards & Products,,36.16,45.59,3.99,TCGplayer
Small But Mighty Premium Collection,749.88,924.97,647.48,647.48,Pokemon,Coffret,Miscellaneous Cards & Products,,749.88,1275.00,924.97,TCGplayer
Snorlax ex & Blissey ex Special Collection,82.07,82.07,57.45,57.45,Pokemon,Coffret,Miscellaneous Cards & Products,,82.07,99.69,82.00,TCGplayer
Spring 2022 Collector Bundle,105.76,109.69,76.78,76.78,Pokemon,Coffret,Miscellaneous Cards & Products,,105.76,119.68,109.69,TCGplayer
Spring 2022 Collector Chest,83.38,83.38,58.37,58.37,Pokemon,Coffret,Miscellaneous Cards & Products,,83.38,90.00,1.50,TCGplayer
Strong Bonds Tin [Blissey],45.51,99.99,69.99,69.99,Pokemon,Coffret,Miscellaneous Cards & Products,,45.51,111.48,99.99,TCGplayer
Summer 2023 Collector's Chest Tin,89.71,89.65,62.76,62.76,Pokemon,Coffret,Miscellaneous Cards & Products,,89.71,89.65,87.69,TCGplayer
Sword & Shield Ultra-Premium Collection - Zacian & Zamazenta,359.55,369.99,258.99,258.99,Pokemon,Coffret,Miscellaneous Cards & Products,,359.55,449.32,369.99,TCGplayer
TAG TEAM Powers Collection [Espeon & Deoxys GX],1914.49,1907.22,1335.06,1335.06,Pokemon,Coffret,Miscellaneous Cards & Products,,,1914.49,1899.95,TCGplayer
TAG TEAM Powers Collection [Umbreon & Darkrai GX],1849.99,1899.94,1329.96,1329.96,Pokemon,Coffret,Miscellaneous Cards & Products,,1849.99,2200.00,1899.94,TCGplayer
Team Rocket Tin [Set of 3],152.76,179.99,125.99,125.99,Pokemon,Coffret,Miscellaneous Cards & Products,,152.76,186.41,179.99,TCGplayer
Team Rocket Tin [Team Rocket's Mewtwo ex],62.00,62.00,43.40,43.40,Pokemon,Coffret,Miscellaneous Cards & Products,,62.00,63.99,47.50,TCGplayer
Team Rocket Tin [Team Rocket's Mewtwo ex] (International Version),114.99,114.99,80.49,80.49,Pokemon,Coffret,Miscellaneous Cards & Products,,114.99,,,TCGplayer
Team Rocket Tin [Team Rocket's Nidoking ex],48.02,48.02,33.61,33.61,Pokemon,Coffret,Miscellaneous Cards & Products,,48.02,49.99,40.00,TCGplayer
Team Rocket Tin [Team Rocket's Nidoking ex] (International Version),99.99,99.99,69.99,69.99,Pokemon,Coffret,Miscellaneous Cards & Products,,,99.99,99.99,TCGplayer
Team Rocket Tin [Team Rocket's Persian ex],47.66,47.66,33.36,33.36,Pokemon,Coffret,Miscellaneous Cards & Products,,47.66,50.00,42.87,TCGplayer
Team Rocket Tin [Team Rocket's Persian ex] (International Version),99.99,99.99,69.99,69.99,Pokemon,Coffret,Miscellaneous Cards & Products,,99.99,,,TCGplayer
Team Rocket's Mewtwo ex Box,56.53,56.53,39.57,39.57,Pokemon,Coffret,Miscellaneous Cards & Products,,56.53,60.00,50.81,TCGplayer
Team Rocket’s Moltres ex Ultra-Premium Collection,342.84,342.84,239.99,239.99,Pokemon,Coffret,Miscellaneous Cards & Products,,342.84,394.20,302.01,TCGplayer
Tera Brawlers Premium Collection,101.19,449.99,314.99,314.99,Pokemon,Coffret,Miscellaneous Cards & Products,,101.19,449.99,449.99,TCGplayer
Tera Team Premium Collection,87.60,87.60,61.32,61.32,Pokemon,Coffret,Miscellaneous Cards & Products,,87.60,108.00,78.99,TCGplayer
Terapagos ex Ultra-Premium Collection,251.09,251.09,175.76,175.76,Pokemon,Coffret,Miscellaneous Cards & Products,,251.09,277.73,10.00,TCGplayer
Trainer's Legendary Box [Lugia],244.74,274.99,192.49,192.49,Pokemon,Coffret,Miscellaneous Cards & Products,,244.74,290.00,274.99,TCGplayer
Triple Whammy Tin [Darkrai],24.92,24.92,17.44,17.44,Pokemon,Coffret,Miscellaneous Cards & Products,,24.92,26.31,2.99,TCGplayer
Triple Whammy Tin [Slaking],23.48,23.48,16.44,16.44,Pokemon,Coffret,Miscellaneous Cards & Products,,23.48,24.98,2.99,TCGplayer
Triple Whammy Tin [Tyranitar],25.75,25.75,18.02,18.02,Pokemon,Coffret,Miscellaneous Cards & Products,,25.75,26.99,2.99,TCGplayer
Triple Whammy Tins [Set of 3],63.39,63.39,44.37,44.37,Pokemon,Coffret,Miscellaneous Cards & Products,,63.39,69.99,59.00,TCGplayer
Tsareena Ex Box,67.58,74.95,52.46,52.46,Pokemon,Coffret,Miscellaneous Cards & Products,,67.58,110.00,74.95,TCGplayer
Tyranitar Ex Box,74.53,74.53,52.17,52.17,Pokemon,Coffret,Miscellaneous Cards & Products,,74.53,99.99,71.30,TCGplayer
V Battle Deck Bundle [Deoxys V / Zeraora V],32.82,32.82,22.97,22.97,Pokemon,Coffret,Miscellaneous Cards & Products,,32.82,33.90,22.32,TCGplayer
V Battle Deck Bundle [Lycanroc V / Corviknight V],24.62,24.62,17.23,17.23,Pokemon,Coffret,Miscellaneous Cards & Products,,24.62,24.99,20.61,TCGplayer
V Battle Deck Bundle [Rayquaza V/Noivern V],52.18,64.99,45.49,45.49,Pokemon,Coffret,Miscellaneous Cards & Products,,52.18,69.00,64.99,TCGplayer
V Battle Deck Bundle [Venusaur V/Blastoise V],70.92,89.99,62.99,62.99,Pokemon,Coffret,Miscellaneous Cards & Products,,70.92,89.99,89.99,TCGplayer
V Battle Deck Bundle [Victini V/Gardevoir V],42.87,38.00,26.60,26.60,Pokemon,Coffret,Miscellaneous Cards & Products,,42.87,38.00,36.00,TCGplayer
V Forces Tin [Lucario V],64.00,130.00,91.00,91.00,Pokemon,Coffret,Miscellaneous Cards & Products,,64.00,133.49,130.00,TCGplayer
V Forces Tin [Mew V],72.32,80.00,56.00,56.00,Pokemon,Coffret,Miscellaneous Cards & Products,,72.32,93.00,80.00,TCGplayer
V Forces Tin [Set of 3],206.32,206.32,144.42,144.42,Pokemon,Coffret,Miscellaneous Cards & Products,,206.32,206.32,206.32,TCGplayer
V Heroes Tin [Espeon V] (International Version),68.49,98.85,69.19,69.19,Pokemon,Coffret,Miscellaneous Cards & Products,,68.49,99.40,98.85,TCGplayer
V Heroes Tin [Set of 3],302.97,302.97,212.08,212.08,Pokemon,Coffret,Miscellaneous Cards & Products,,302.97,324.92,290.00,TCGplayer
V Heroes Tin [Sylveon V],109.53,109.53,76.67,76.67,Pokemon,Coffret,Miscellaneous Cards & Products,,109.53,123.75,14.99,TCGplayer
V Heroes Tin [Sylveon V] (International Version),72.59,98.88,69.22,69.22,Pokemon,Coffret,Miscellaneous Cards & Products,,72.59,112.50,98.88,TCGplayer
V Heroes Tin [Umbreon V],115.00,115.00,80.50,80.50,Pokemon,Coffret,Miscellaneous Cards & Products,,115.00,129.49,14.99,TCGplayer
V Heroes Tin [Umbreon V] (International Version),72.60,72.60,50.82,50.82,Pokemon,Coffret,Miscellaneous Cards & Products,,72.60,85.41,71.52,TCGplayer
V Powers Tin [Eevee V],94.24,94.99,66.49,66.49,Pokemon,Coffret,Miscellaneous Cards & Products,,94.24,106.95,94.99,TCGplayer
V Powers Tin [Eevee V] (International Version),56.92,57.99,40.59,40.59,Pokemon,Coffret,Miscellaneous Cards & Products,,56.92,63.95,57.99,TCGplayer
V Powers Tin [Eternatus V],68.63,68.63,48.04,48.04,Pokemon,Coffret,Miscellaneous Cards & Products,,68.63,90.00,64.99,TCGplayer
V Powers Tin [Eternatus V] (International Version),45.99,45.99,32.19,32.19,Pokemon,Coffret,Miscellaneous Cards & Products,,45.99,50.00,45.99,TCGplayer
V Powers Tin [Pikachu V],79.65,79.99,55.99,55.99,Pokemon,Coffret,Miscellaneous Cards & Products,,79.65,90.00,79.99,TCGplayer
V Powers Tin [Pikachu V] (International Version),56.39,62.00,43.40,43.40,Pokemon,Coffret,Miscellaneous Cards & Products,,56.39,72.99,62.00,TCGplayer
V Powers Tin [Set of 3],239.99,244.00,170.80,170.80,Pokemon,Coffret,Miscellaneous Cards & Products,,239.99,244.00,244.00,TCGplayer
V Powers Tin [Set of 3] (International Version),142.55,188.00,131.60,131.60,Pokemon,Coffret,Miscellaneous Cards & Products,,142.55,299.99,188.00,TCGplayer
Vaporeon VMAX Premium Collection,365.53,365.53,255.87,255.87,Pokemon,Coffret,Miscellaneous Cards & Products,,365.53,429.99,340.99,TCGplayer
Venusaur ex & Blastoise ex Premium Collection,89.65,89.65,62.76,62.76,Pokemon,Coffret,Miscellaneous Cards & Products,,89.65,95.18,68.07,TCGplayer
Venusaur VMAX Battle Box,85.49,85.49,59.84,59.84,Pokemon,Coffret,Miscellaneous Cards & Products,,85.49,104.95,80.00,TCGplayer
Vibrant Paldea Mini Tin [Arboliva],25.97,59.99,41.99,41.99,Pokemon,Coffret,Miscellaneous Cards & Products,,25.97,59.99,59.99,TCGplayer
Vibrant Paldea Mini Tin [Ceruledge],47.00,45.00,31.50,31.50,Pokemon,Coffret,Miscellaneous Cards & Products,,47.00,45.00,45.00,TCGplayer
Vibrant Paldea Mini Tin [Dachsbun],42.75,42.75,29.92,29.92,Pokemon,Coffret,Miscellaneous Cards & Products,,42.75,,,TCGplayer
Vibrant Paldea Mini Tin [Espathra],23.86,23.86,16.70,16.70,Pokemon,Coffret,Miscellaneous Cards & Products,,23.86,24.00,22.00,TCGplayer
Vibrant Paldea Mini Tin [Palafin],28.50,25.25,17.67,17.67,Pokemon,Coffret,Miscellaneous Cards & Products,,,28.50,22.00,TCGplayer
Virizion V Box,63.49,74.98,52.49,52.49,Pokemon,Coffret,Miscellaneous Cards & Products,,63.49,80.00,74.98,TCGplayer
Zeraora VMAX & VSTAR Battle Box,100.94,134.98,94.49,94.49,Pokemon,Coffret,Miscellaneous Cards & Products,,100.94,135.00,134.98,TCGplayer
Neo Destiny 2-Pack Blister,1212.50,1212.50,848.75,848.75,Pokemon,Coffret,Neo Destiny,1212.50,,,,PriceCharting
Neo Discovery 2-Pack Blister,1026.27,1026.27,718.39,718.39,Pokemon,Coffret,Neo Discovery,1026.27,,,,PriceCharting
Neo Genesis 2-Pack Blister,1249.99,1249.99,874.99,874.99,Pokemon,Coffret,Neo Genesis,1249.99,,,,PriceCharting
Neo Premium File 1,235.82,226.38,158.47,158.47,Pokemon,Coffret,Neo Premium File 1,,235.82,,216.95,TCGplayer
Neo Premium File 2,599.99,599.99,419.99,419.99,Pokemon,Coffret,Neo Premium File 2,,,,599.99,TCGplayer
Neo Revelation 2-Pack Blister,1999.99,1999.99,1399.99,1399.99,Pokemon,Coffret,Neo Revelation,1999.99,,,,PriceCharting
EX Tin [Kyurem],700.00,700.00,490.00,490.00,Pokemon,Coffret,Next Destinies,,700.00,,,TCGplayer
Next Destinies 2-Pack Blister,216.20,216.20,151.34,151.34,Pokemon,Coffret,Next Destinies,216.20,,,,PriceCharting
Next Destinies Black Kyurem Box,551.18,551.18,385.83,385.83,Pokemon,Coffret,Next Destinies,551.18,,,,PriceCharting
Noble Victories Scraggy 2-Pack Blister,200.00,200.00,140.00,140.00,Pokemon,Coffret,Noble Victories,200.00,,,,PriceCharting
Obsidian Flames Eevee 3-Pack Blister,35.00,35.00,24.50,24.50,Pokemon,Coffret,Obsidian Flames,35.00,,,,PriceCharting
Obsidian Flames Elite Trainer Box [Pokemon Center],642.63,642.63,449.84,449.84,Pokemon,Coffret,Obsidian Flames,642.63,,,,PriceCharting
Obsidian Flames Gyarados EX Premium Collection,139.99,139.99,97.99,97.99,Pokemon,Coffret,Obsidian Flames,139.99,,,,PriceCharting
Obsidian Flames Hanger Box,31.02,31.02,21.71,21.71,Pokemon,Coffret,Obsidian Flames,31.02,,,,PriceCharting
Paldea Evolved Elite Trainer Box [Pokemon Center],559.75,559.75,391.82,391.82,Pokemon,Coffret,Paldea Evolved,559.75,,,,PriceCharting
Paldea Evolved Koraidon Ex Tin,39.78,39.78,27.85,27.85,Pokemon,Coffret,Paldea Evolved,39.78,,,,PriceCharting
Paldea Evolved Paldea Legends Koraidon Tin,48.34,48.34,33.84,33.84,Pokemon,Coffret,Paldea Evolved,48.34,,,,PriceCharting
Paldea Evolved Paldea Legends Miraidon Tin,51.42,51.42,35.99,35.99,Pokemon,Coffret,Paldea Evolved,51.42,,,,PriceCharting
Paldean Fates 5-Mini Tin Set,380.59,380.59,266.41,266.41,Pokemon,Coffret,Paldean Fates,380.59,,,,PriceCharting
Paldean Fates Elite Trainer Box [Pokemon Center],535.29,535.29,374.70,374.70,Pokemon,Coffret,Paldean Fates,535.29,,,,PriceCharting
Paldean Fates International Tin: Great Tusk Ex,109.56,109.56,76.69,76.69,Pokemon,Coffret,Paldean Fates,109.56,,,,PriceCharting
Paldean Fates Meowscarada ex Premium Collection Box,215.62,215.62,150.93,150.93,Pokemon,Coffret,Paldean Fates,215.62,,,,PriceCharting
Paldean Fates Mini Tin: Finizen,50.50,50.50,35.35,35.35,Pokemon,Coffret,Paldean Fates,50.50,,,,PriceCharting
Paldean Fates Quaquaval ex Premium Collection Box,230.00,230.00,161.00,161.00,Pokemon,Coffret,Paldean Fates,230.00,,,,PriceCharting
Paldean Fates Sealed Charizard ex Tin,195.10,195.10,136.57,136.57,Pokemon,Coffret,Paldean Fates,195.10,,,,PriceCharting
Paldean Fates Sealed Great Tusk Ex Tin,141.29,141.29,98.90,98.90,Pokemon,Coffret,Paldean Fates,141.29,,,,PriceCharting
Paldean Fates Sealed Iron Treads Ex Tin,133.68,133.68,93.58,93.58,Pokemon,Coffret,Paldean Fates,133.68,,,,PriceCharting
Paldean Fates Skeledirge ex Premium Collection Box,237.98,237.98,166.59,166.59,Pokemon,Coffret,Paldean Fates,237.98,,,,PriceCharting
Paradox Rift Arctibax 3-Pack Blister,24.75,24.75,17.32,17.32,Pokemon,Coffret,Paradox Rift,24.75,,,,PriceCharting
Paradox Rift Combined Powers Premium Collection Box,120.00,120.00,84.00,84.00,Pokemon,Coffret,Paradox Rift,120.00,,,,PriceCharting
Paradox Rift Elite Trainer Box [Iron Valiant Pokemon Center],187.50,187.50,131.25,131.25,Pokemon,Coffret,Paradox Rift,187.50,,,,PriceCharting
Paradox Rift Elite Trainer Box [Roaring Moon Pokemon Center],211.00,211.00,147.70,147.70,Pokemon,Coffret,Paradox Rift,211.00,,,,PriceCharting
Paradox Rift Triple Whammy Tin [Darkrai],27.24,27.24,19.07,19.07,Pokemon,Coffret,Paradox Rift,27.24,,,,PriceCharting
Paradox Rift Triple Whammy Tin [Slaking],24.46,24.46,17.12,17.12,Pokemon,Coffret,Paradox Rift,24.46,,,,PriceCharting
Paradox Rift Triple Whammy Tin [Tyranitar],26.99,26.99,18.89,18.89,Pokemon,Coffret,Paradox Rift,26.99,,,,PriceCharting
Perfect Order Booster Bundle,38.99,38.99,27.29,27.29,Pokemon,Coffret,Perfect Order,38.99,,,,PriceCharting
Perfect Order Build & Battle Box,37.82,37.82,26.47,26.47,Pokemon,Coffret,Perfect Order,37.82,,,,PriceCharting
Perfect Order Elite Trainer Box,67.46,67.46,47.22,47.22,Pokemon,Coffret,Perfect Order,67.46,,,,PriceCharting
Perfect Order Elite Trainer Box [Pokemon Center],122.75,122.75,85.92,85.92,Pokemon,Coffret,Perfect Order,122.75,,,,PriceCharting
Phantasmal Flames Booster Bundle,75.00,75.00,52.50,52.50,Pokemon,Coffret,Phantasmal Flames,75.00,,,,PriceCharting
Phantasmal Flames Build & Battle Box,63.94,63.94,44.76,44.76,Pokemon,Coffret,Phantasmal Flames,63.94,,,,PriceCharting
Phantasmal Flames Elite Trainer Box,150.79,150.79,105.55,105.55,Pokemon,Coffret,Phantasmal Flames,150.79,,,,PriceCharting
Phantasmal Flames Elite Trainer Box [Pokemon Center],276.53,276.53,193.57,193.57,Pokemon,Coffret,Phantasmal Flames,276.53,,,,PriceCharting
Phantasmal Flames Mega Charizard X Ex Ultra-Premium Collection,224.99,224.99,157.49,157.49,Pokemon,Coffret,Phantasmal Flames,224.99,,,,PriceCharting
Phantom Forces 3-Pack Blister,649.99,649.99,454.99,454.99,Pokemon,Coffret,Phantom Forces,649.99,,,,PriceCharting
Pitch Black 3-Pack Blister,21.09,21.09,14.76,14.76,Pokemon,Coffret,Pitch Black,21.09,,,,PriceCharting
Pitch Black Booster Bundle,38.99,38.99,27.29,27.29,Pokemon,Coffret,Pitch Black,38.99,,,,PriceCharting
Pitch Black Build & Battle Box,38.00,38.00,26.60,26.60,Pokemon,Coffret,Pitch Black,38.00,,,,PriceCharting
Pitch Black Elite Trainer Box,70.00,70.00,49.00,49.00,Pokemon,Coffret,Pitch Black,70.00,,,,PriceCharting
Pitch Black Elite Trainer Box [Pokemon Center],115.00,115.00,80.50,80.50,Pokemon,Coffret,Pitch Black,115.00,,,,PriceCharting
Plasma Blast Elite Trainer Box,6349.50,6349.50,4444.65,4444.65,Pokemon,Coffret,Plasma Blast,6349.50,,,,PriceCharting
Team Plasma Tin [Lugia EX],3500.00,3500.00,2450.00,2450.00,Pokemon,Coffret,Plasma Blast,,,3500.00,3500.00,TCGplayer
Plasma Storm 2-Pack Blister,654.90,654.90,458.43,458.43,Pokemon,Coffret,Plasma Storm,654.90,,,,PriceCharting
Plasma Storm Elite Trainer Box,14450.00,14450.00,10115.00,10115.00,Pokemon,Coffret,Plasma Storm,14450.00,,,,PriceCharting
Plasma Storm Garchomp EX Collection Box,378.98,378.98,265.29,265.29,Pokemon,Coffret,Plasma Storm,378.98,,,,PriceCharting
Platinum Series Collection,4600.00,4600.00,3220.00,3220.00,Pokemon,Coffret,Platinum,4600.00,,,,PriceCharting
Pokemon GO Collection [Alolan Exeggutor V],52.67,52.67,36.87,36.87,Pokemon,Coffret,Pokemon GO,,52.67,58.00,52.67,TCGplayer
Pokemon GO Elite Trainer Box,167.90,167.90,117.53,117.53,Pokemon,Coffret,Pokemon GO,,167.90,189.95,159.55,TCGplayer
Pokemon GO Mini Tin [Blissey],28.24,45.00,31.50,31.50,Pokemon,Coffret,Pokemon GO,,28.24,47.49,45.00,TCGplayer
Pokemon GO Mini Tin [Eevee],34.77,34.77,24.34,24.34,Pokemon,Coffret,Pokemon GO,,34.77,49.97,10.00,TCGplayer
Pokemon GO Mini Tin [Magikarp],48.56,61.97,43.38,43.38,Pokemon,Coffret,Pokemon GO,,48.56,70.97,61.97,TCGplayer
Pokemon GO Mini Tin [Pikachu],32.00,32.00,22.40,22.40,Pokemon,Coffret,Pokemon GO,,32.00,45.00,1.50,TCGplayer
Pokemon GO Mini Tin [Set of 5],139.99,195.00,136.50,136.50,Pokemon,Coffret,Pokemon GO,,139.99,195.00,195.00,TCGplayer
Pokemon GO Mini Tin [Snorlax],54.44,98.98,69.29,69.29,Pokemon,Coffret,Pokemon GO,,54.44,98.98,98.98,TCGplayer
Pokemon GO Pin Collection [Bulbasaur],53.43,61.00,42.70,42.70,Pokemon,Coffret,Pokemon GO,,53.43,72.50,61.00,TCGplayer
Pokemon GO Pin Collection [Charmander],75.90,84.01,58.81,58.81,Pokemon,Coffret,Pokemon GO,,75.90,95.00,84.01,TCGplayer
Pokemon GO Pin Collection [Set of 3],135.36,485.99,340.19,340.19,Pokemon,Coffret,Pokemon GO,,135.36,495.99,485.99,TCGplayer
Pokemon GO Pin Collection [Squirtle],61.49,73.00,51.10,51.10,Pokemon,Coffret,Pokemon GO,,61.49,87.99,73.00,TCGplayer
Pokemon GO Poke Ball Tin - Great Ball,42.77,42.39,29.67,29.67,Pokemon,Coffret,Pokemon GO,,,42.77,42.00,TCGplayer
Pokemon GO Poke Ball Tin - Poke Ball,40.00,39.99,27.99,27.99,Pokemon,Coffret,Pokemon GO,,40.00,39.99,39.99,TCGplayer
Pokemon GO Poke Ball Tin [Set of 3],99.87,99.87,69.91,69.91,Pokemon,Coffret,Pokemon GO,,99.87,,,TCGplayer
Pokemon GO Pokemon Center Elite Trainer Box Plus (Exclusive),235.99,249.99,174.99,174.99,Pokemon,Coffret,Pokemon GO,,235.99,287.49,249.99,TCGplayer
Pokemon GO Premium Collection [Radiant Eevee],168.47,168.47,117.93,117.93,Pokemon,Coffret,Pokemon GO,,168.47,199.95,10.00,TCGplayer
Pokemon GO Special Collection - Team Instinct,85.80,110.00,77.00,77.00,Pokemon,Coffret,Pokemon GO,,85.80,112.00,110.00,TCGplayer
Pokemon GO Special Collection - Team Valor,92.97,92.97,65.08,65.08,Pokemon,Coffret,Pokemon GO,,92.97,128.00,92.97,TCGplayer
Pokemon GO Special Collection [Set of 3],271.44,271.44,190.01,190.01,Pokemon,Coffret,Pokemon GO,,271.44,585.99,271.44,TCGplayer
Pokemon GO Tin [Blissey],49.36,49.66,34.76,34.76,Pokemon,Coffret,Pokemon GO,,49.36,60.00,49.66,TCGplayer
Pokemon GO Tin [Pikachu],71.60,72.00,50.40,50.40,Pokemon,Coffret,Pokemon GO,,71.60,89.98,72.00,TCGplayer
Pokemon GO Tin [Set of 3],161.26,194.99,136.49,136.49,Pokemon,Coffret,Pokemon GO,,161.26,200.00,194.99,TCGplayer
Pokemon GO Tin [Snorlax],71.63,81.99,57.39,57.39,Pokemon,Coffret,Pokemon GO,,71.63,91.98,81.99,TCGplayer
Pokemon GO V Battle Deck Bundle [Mewtwo V/Melmetal V],44.98,44.98,31.49,31.49,Pokemon,Coffret,Pokemon GO,,44.98,44.98,44.17,TCGplayer
Primal Clash Primal Groudon Collection Box,355.63,355.63,248.94,248.94,Pokemon,Coffret,Primal Clash,355.63,,,,PriceCharting
Primal Clash Primal Kyogre Collection Box,550.00,550.00,385.00,385.00,Pokemon,Coffret,Primal Clash,550.00,,,,PriceCharting
Prismatic Evolutions Collectors Chest,61.90,61.90,43.33,43.33,Pokemon,Coffret,Prismatic Evolutions,61.90,,,,PriceCharting
Prismatic Evolutions Costco 2-Pack Trainer Box & Booster Bundle,280.50,280.50,196.35,196.35,Pokemon,Coffret,Prismatic Evolutions,280.50,,,,PriceCharting
Prismatic Evolutions Costco 8-Pack Mini Tins,273.46,273.46,191.42,191.42,Pokemon,Coffret,Prismatic Evolutions,273.46,,,,PriceCharting
Prismatic Evolutions Elite Trainer Box [Pokemon Center],405.71,405.71,284.00,284.00,Pokemon,Coffret,Prismatic Evolutions,405.71,,,,PriceCharting
Prismatic Evolutions Lucario Ex & Tyranitar Ex Premium Collection,201.00,201.00,140.70,140.70,Pokemon,Coffret,Prismatic Evolutions,201.00,,,,PriceCharting
Prismatic Evolutions Sam's Club Elite Trainer Box And Pokeball,198.54,198.54,138.98,138.98,Pokemon,Coffret,Prismatic Evolutions,198.54,,,,PriceCharting
Prismatic Evolutions Sealed Poster Collection,37.72,37.72,26.40,26.40,Pokemon,Coffret,Prismatic Evolutions,37.72,,,,PriceCharting
Prismatic Evolutions Super Premium Collection Box,248.56,248.56,173.99,173.99,Pokemon,Coffret,Prismatic Evolutions,248.56,,,,PriceCharting
Prismatic Evolutions Surprise Box + Booster Bundle,142.00,142.00,99.40,99.40,Pokemon,Coffret,Prismatic Evolutions,142.00,,,,PriceCharting
Promo 2-Pack Blister [Raikou],19.96,19.96,13.97,13.97,Pokemon,Coffret,Promo,19.96,,,,PriceCharting
Promo 2-Pack Blister [Vileplume],18.95,18.95,13.26,13.26,Pokemon,Coffret,Promo,18.95,,,,PriceCharting
"Promo 2-Pack Blister Pack [Team Rocket's Articuno, Zapdos & Tyranitar]",21.99,21.99,15.39,15.39,Pokemon,Coffret,Promo,21.99,,,,PriceCharting
Promo 2-Pack Blister: Zarude,20.44,20.44,14.31,14.31,Pokemon,Coffret,Promo,20.44,,,,PriceCharting
Promo 2025 Holiday Calendar Box [Costco],76.02,76.02,53.21,53.21,Pokemon,Coffret,Promo,76.02,,,,PriceCharting
Promo 2025 Pokemon Collector Chest,47.80,47.80,33.46,33.46,Pokemon,Coffret,Promo,47.80,,,,PriceCharting
Promo 4-Pack Blister Pack,1375.00,1375.00,962.50,962.50,Pokemon,Coffret,Promo,1375.00,,,,PriceCharting
Promo Alolan Sandslash GX Box,370.00,370.00,259.00,259.00,Pokemon,Coffret,Promo,370.00,,,,PriceCharting
Promo Annihilape Ex Box,53.87,53.87,37.71,37.71,Pokemon,Coffret,Promo,53.87,,,,PriceCharting
Promo Archaludon Ex Box,38.98,38.98,27.29,27.29,Pokemon,Coffret,Promo,38.98,,,,PriceCharting
Promo Azure Legends Tin: Dialga Ex,36.50,36.50,25.55,25.55,Pokemon,Coffret,Promo,36.50,,,,PriceCharting
Promo Azure Legends Tin: Dialga Ex [International],33.92,33.92,23.74,23.74,Pokemon,Coffret,Promo,33.92,,,,PriceCharting
Promo Azure Legends Tin: Kyogre Ex,41.38,41.38,28.97,28.97,Pokemon,Coffret,Promo,41.38,,,,PriceCharting
Promo Azure Legends Tin: Kyogre Ex [International],37.56,37.56,26.29,26.29,Pokemon,Coffret,Promo,37.56,,,,PriceCharting
Promo Azure Legends Tin: Xerneas Ex,33.99,33.99,23.79,23.79,Pokemon,Coffret,Promo,33.99,,,,PriceCharting
Promo Azure Legends Tin: Xerneas Ex [International],34.96,34.96,24.47,24.47,Pokemon,Coffret,Promo,34.96,,,,PriceCharting
Promo Black Kyurem Ex Box,39.50,39.50,27.65,27.65,Pokemon,Coffret,Promo,39.50,,,,PriceCharting
Promo Blaziken Ex & Volcanion Ex Premium Collection,89.76,89.76,62.83,62.83,Pokemon,Coffret,Promo,89.76,,,,PriceCharting
Promo Celebi & Venusaur Tin,625.00,625.00,437.50,437.50,Pokemon,Coffret,Promo,625.00,,,,PriceCharting
Promo Charizard Ex Special Collection Box,60.00,60.00,42.00,42.00,Pokemon,Coffret,Promo,60.00,,,,PriceCharting
Promo Charizard Ex Super Premium Collection Box,127.69,127.69,89.38,89.38,Pokemon,Coffret,Promo,127.69,,,,PriceCharting
Promo Charizard EX Tin,125.02,125.02,87.51,87.51,Pokemon,Coffret,Promo,125.02,,,,PriceCharting
Promo Darkrai Vstar Premium Collection Box,155.00,155.00,108.50,108.50,Pokemon,Coffret,Promo,155.00,,,,PriceCharting
Promo Deoxys VMAX & VSTAR Battle Box,86.87,86.87,60.81,60.81,Pokemon,Coffret,Promo,86.87,,,,PriceCharting
Promo Divergent Powers Tin [Hisuian Decidueye V],98.00,98.00,68.60,68.60,Pokemon,Coffret,Promo,98.00,,,,PriceCharting
Promo Divergent Powers Tin [Hisuian Decidueye V] [International],42.64,42.64,29.85,29.85,Pokemon,Coffret,Promo,42.64,,,,PriceCharting
Promo Divergent Powers Tin [Hisuian Samurott V],97.00,97.00,67.90,67.90,Pokemon,Coffret,Promo,97.00,,,,PriceCharting
Promo Divergent Powers Tin [Hisuian Samurott V] [International],72.96,72.96,51.07,51.07,Pokemon,Coffret,Promo,72.96,,,,PriceCharting
Promo Divergent Powers Tin [Hisuian Typhlosion V],111.00,111.00,77.70,77.70,Pokemon,Coffret,Promo,111.00,,,,PriceCharting
Promo Divergent Powers Tin [Hisuian Typhlosion V] [International],61.88,61.88,43.32,43.32,Pokemon,Coffret,Promo,61.88,,,,PriceCharting
Promo Dragon Stacking Tin,33.54,33.54,23.48,23.48,Pokemon,Coffret,Promo,33.54,,,,PriceCharting
Promo Eevee & Snorlax GX Tin,700.00,700.00,490.00,490.00,Pokemon,Coffret,Promo,700.00,,,,PriceCharting
Promo Eevee Pokemon Treasure Chest Tin,100.00,100.00,70.00,70.00,Pokemon,Coffret,Promo,100.00,,,,PriceCharting
"Promo Enhanced 2-Pack Blister Pack [Galarian Articuno, Galarian Zapdos, & Galarian Moltres]",52.48,52.48,36.74,36.74,Pokemon,Coffret,Promo,52.48,,,,PriceCharting
"Promo Enhanced 2-Pack Blister Pack: Gengar, Marshadow, Team Rocket's Mimikyu",25.19,25.19,17.63,17.63,Pokemon,Coffret,Promo,25.19,,,,PriceCharting
"Promo Enhanced 2-Pack Blister Pack: Latios, Zekrom & Palkia",19.65,19.65,13.75,13.75,Pokemon,Coffret,Promo,19.65,,,,PriceCharting
Promo Evolving Powers Premium Collection,193.24,193.24,135.27,135.27,Pokemon,Coffret,Promo,193.24,,,,PriceCharting
Promo Factory Sealed Paldea Adventure Chest,117.70,117.70,82.39,82.39,Pokemon,Coffret,Promo,117.70,,,,PriceCharting
Promo Fall 2023 Collector Chest,64.69,64.69,45.28,45.28,Pokemon,Coffret,Promo,64.69,,,,PriceCharting
Promo Fall 2025 Collector Chest,48.65,48.65,34.05,34.05,Pokemon,Coffret,Promo,48.65,,,,PriceCharting
Promo First Partner Illustration Collection: Series 1,65.01,65.01,45.51,45.51,Pokemon,Coffret,Promo,65.01,,,,PriceCharting
Promo First Partner Illustration Collection: Series 2,24.92,24.92,17.44,17.44,Pokemon,Coffret,Promo,24.92,,,,PriceCharting
Promo First Partner Illustration Collection: Series 3,26.41,26.41,18.49,18.49,Pokemon,Coffret,Promo,26.41,,,,PriceCharting
Promo Focused Fighters Premium Collection,225.08,225.08,157.56,157.56,Pokemon,Coffret,Promo,225.08,,,,PriceCharting
Promo Galar Power Mini Tin: Dragapult,47.92,47.92,33.54,33.54,Pokemon,Coffret,Promo,47.92,,,,PriceCharting
Promo Galar Power Mini Tin: Galarian Obstagoon,43.62,43.62,30.53,30.53,Pokemon,Coffret,Promo,43.62,,,,PriceCharting
Promo Galar Power Mini Tin: Galarian Sirfetch'D,33.39,33.39,23.37,23.37,Pokemon,Coffret,Promo,33.39,,,,PriceCharting
Promo Galar Power Mini Tin: Toxtricity,39.99,39.99,27.99,27.99,Pokemon,Coffret,Promo,39.99,,,,PriceCharting
Promo Galarian Rapidash V Box,93.22,93.22,65.25,65.25,Pokemon,Coffret,Promo,93.22,,,,PriceCharting
Promo Grafaiai EX Box,42.96,42.96,30.07,30.07,Pokemon,Coffret,Promo,42.96,,,,PriceCharting
Promo Greninja EX & Kingdra EX Special Collection Box,63.29,63.29,44.30,44.30,Pokemon,Coffret,Promo,63.29,,,,PriceCharting
Promo Greninja V-UNION Special Collection,146.42,146.42,102.49,102.49,Pokemon,Coffret,Promo,146.42,,,,PriceCharting
Promo GX Challenge Box Alolan Ninetales,100.00,100.00,70.00,70.00,Pokemon,Coffret,Promo,100.00,,,,PriceCharting
Promo GX Challenge Box Lycanroc,70.00,70.00,49.00,49.00,Pokemon,Coffret,Promo,70.00,,,,PriceCharting
Promo Heavy Hitters Premium Collection: Lucario V & Tyranitar V,276.49,276.49,193.54,193.54,Pokemon,Coffret,Promo,276.49,,,,PriceCharting
Promo Hidden Potential Tin: Gallade V,76.26,76.26,53.38,53.38,Pokemon,Coffret,Promo,76.26,,,,PriceCharting
Promo Hidden Potential Tin: Giratina V,144.00,144.00,100.80,100.80,Pokemon,Coffret,Promo,144.00,,,,PriceCharting
Promo Hidden Potential Tin: Rotom V,90.00,90.00,63.00,63.00,Pokemon,Coffret,Promo,90.00,,,,PriceCharting
Promo Hidden Potential Tin: Rotom V [International],44.38,44.38,31.07,31.07,Pokemon,Coffret,Promo,44.38,,,,PriceCharting
Promo Hisuian Electrode V Box,53.92,53.92,37.74,37.74,Pokemon,Coffret,Promo,53.92,,,,PriceCharting
Promo Hisuian Zoroark VSTAR Premium Collection Box,83.00,83.00,58.10,58.10,Pokemon,Coffret,Promo,83.00,,,,PriceCharting
Promo Holiday Calendar Box 2022,133.88,133.88,93.72,93.72,Pokemon,Coffret,Promo,133.88,,,,PriceCharting
Promo Holiday Calendar Box 2023,100.32,100.32,70.22,70.22,Pokemon,Coffret,Promo,100.32,,,,PriceCharting
Promo Holiday Calendar Box 2024,78.72,78.72,55.10,55.10,Pokemon,Coffret,Promo,78.72,,,,PriceCharting
Promo Holliday Calendar Box 2025,80.00,80.00,56.00,56.00,Pokemon,Coffret,Promo,80.00,,,,PriceCharting
Promo Houndstone Ex Box,44.80,44.80,31.36,31.36,Pokemon,Coffret,Promo,44.80,,,,PriceCharting
Promo Hydreigon Ex & Dragapult Ex Premium Collection,103.88,103.88,72.72,72.72,Pokemon,Coffret,Promo,103.88,,,,PriceCharting
Promo Ice Rider Calyrex V Box,45.90,45.90,32.13,32.13,Pokemon,Coffret,Promo,45.90,,,,PriceCharting
Promo Incineroar Ex And Torterra Ex Special Collection,69.84,69.84,48.89,48.89,Pokemon,Coffret,Promo,69.84,,,,PriceCharting
Promo Iono Premium Tournament Collection Box,79.44,79.44,55.61,55.61,Pokemon,Coffret,Promo,79.44,,,,PriceCharting
Promo Iono's Bellibolt Ex Premium Collection Box,54.04,54.04,37.83,37.83,Pokemon,Coffret,Promo,54.04,,,,PriceCharting
Promo Iron Valiant Ex Box,47.22,47.22,33.05,33.05,Pokemon,Coffret,Promo,47.22,,,,PriceCharting
Promo Kanto Friends Mini Tin: Bulbasaur,29.99,29.99,20.99,20.99,Pokemon,Coffret,Promo,29.99,,,,PriceCharting
Promo Kanto Friends Mini Tin: Charmander,29.99,29.99,20.99,20.99,Pokemon,Coffret,Promo,29.99,,,,PriceCharting
Promo Kanto Friends Mini Tin: Squirtle,34.99,34.99,24.49,24.49,Pokemon,Coffret,Promo,34.99,,,,PriceCharting
Promo Kanto Power Mini Tin: Charizard,39.50,39.50,27.65,27.65,Pokemon,Coffret,Promo,39.50,,,,PriceCharting
Promo Kanto Power Mini Tin: Dragonite,39.50,39.50,27.65,27.65,Pokemon,Coffret,Promo,39.50,,,,PriceCharting
Promo Kanto Power Mini Tin: Mew,39.99,39.99,27.99,27.99,Pokemon,Coffret,Promo,39.99,,,,PriceCharting
Promo Kanto Power Mini Tin: Mewtwo,33.90,33.90,23.73,23.73,Pokemon,Coffret,Promo,33.90,,,,PriceCharting
Promo Kanto Power Mini Tin: Pikachu,35.14,35.14,24.60,24.60,Pokemon,Coffret,Promo,35.14,,,,PriceCharting
Promo Kleavor Vstar Premium Collection,20.88,20.88,14.62,14.62,Pokemon,Coffret,Promo,20.88,,,,PriceCharting
Promo Kleavor VStar Premium Collection Box,89.00,89.00,62.30,62.30,Pokemon,Coffret,Promo,89.00,,,,PriceCharting
Promo Kleavor VSTAR Special Collection,56.00,56.00,39.20,39.20,Pokemon,Coffret,Promo,56.00,,,,PriceCharting
Promo Kommo-O GX Box,121.98,121.98,85.39,85.39,Pokemon,Coffret,Promo,121.98,,,,PriceCharting
Promo Legendary Warriors Premium Collection Box,194.24,194.24,135.97,135.97,Pokemon,Coffret,Promo,194.24,,,,PriceCharting
Promo Legends Of Johto Pin Collection,310.00,310.00,217.00,217.00,Pokemon,Coffret,Promo,310.00,,,,PriceCharting
Promo Lillie Premium Tournament Collection Box,77.64,77.64,54.35,54.35,Pokemon,Coffret,Promo,77.64,,,,PriceCharting
Promo Lucario VSTAR Special Collection,87.07,87.07,60.95,60.95,Pokemon,Coffret,Promo,87.07,,,,PriceCharting
Promo Lugia Ex & Latias Ex Premium Collection,108.62,108.62,76.03,76.03,Pokemon,Coffret,Promo,108.62,,,,PriceCharting
Promo Lumiose City Mini Tin: Emboar & Inkay,14.75,14.75,10.32,10.32,Pokemon,Coffret,Promo,14.75,,,,PriceCharting
Promo Lumiose City Mini Tin: Feraligatr & Budew,17.12,17.12,11.98,11.98,Pokemon,Coffret,Promo,17.12,,,,PriceCharting
Promo Lumiose City Mini Tin: Gallade & Goomy,15.00,15.00,10.50,10.50,Pokemon,Coffret,Promo,15.00,,,,PriceCharting
Promo Lumiose City Mini Tin: Meganium & Meowstic,15.05,15.05,10.54,10.54,Pokemon,Coffret,Promo,15.05,,,,PriceCharting
Promo Lumiose City Mini Tin: Salamence & Litleo,16.23,16.23,11.36,11.36,Pokemon,Coffret,Promo,16.23,,,,PriceCharting
Promo Mabosstiff EX Box,30.17,30.17,21.12,21.12,Pokemon,Coffret,Promo,30.17,,,,PriceCharting
Promo Mad Party Pin Collection: Galarian Mr. Rime,55.00,55.00,38.50,38.50,Pokemon,Coffret,Promo,55.00,,,,PriceCharting
Promo Marshadow Box,4.99,4.99,3.49,3.49,Pokemon,Coffret,Promo,4.99,,,,PriceCharting
Promo Mega Charizard X Tin,44.14,44.14,30.90,30.90,Pokemon,Coffret,Promo,44.14,,,,PriceCharting
Promo Mega Charizard Y Tin,42.55,42.55,29.78,29.78,Pokemon,Coffret,Promo,42.55,,,,PriceCharting
Promo Mega Greninja Ex Premium Collection,45.24,45.24,31.67,31.67,Pokemon,Coffret,Promo,45.24,,,,PriceCharting
Promo Mega Kangaskhan Ex Box,39.99,39.99,27.99,27.99,Pokemon,Coffret,Promo,39.99,,,,PriceCharting
Promo Mega Latias Ex Box,40.93,40.93,28.65,28.65,Pokemon,Coffret,Promo,40.93,,,,PriceCharting
Promo Mega Moonlit Tin [Mega Gengar ex],34.99,34.99,24.49,24.49,Pokemon,Coffret,Promo,34.99,,,,PriceCharting
Promo Mega Moonlit Tin: Mega Clefable Ex,27.00,27.00,18.90,18.90,Pokemon,Coffret,Promo,27.00,,,,PriceCharting
Promo Mega Venusaur Ex Premium Collection,71.06,71.06,49.74,49.74,Pokemon,Coffret,Promo,71.06,,,,PriceCharting
Promo Mega Zygarde Ex Premium Collection,44.77,44.77,31.34,31.34,Pokemon,Coffret,Promo,44.77,,,,PriceCharting
Promo Melmetal Ex Box,36.99,36.99,25.89,25.89,Pokemon,Coffret,Promo,36.99,,,,PriceCharting
Promo Meowth VMAX Special Collection Box,291.90,291.90,204.33,204.33,Pokemon,Coffret,Promo,291.90,,,,PriceCharting
Promo Metal Stacking Tin,28.94,28.94,20.26,20.26,Pokemon,Coffret,Promo,28.94,,,,PriceCharting
Promo Mew V Box,131.31,131.31,91.92,91.92,Pokemon,Coffret,Promo,131.31,,,,PriceCharting
Promo Mighty Mysterious Tin: Mimikyu,123.15,123.15,86.20,86.20,Pokemon,Coffret,Promo,123.15,,,,PriceCharting
Promo Mimikyu ex Box,69.95,69.95,48.96,48.96,Pokemon,Coffret,Promo,69.95,,,,PriceCharting
Promo Mimikyu Ex Showcase Box,59.99,59.99,41.99,41.99,Pokemon,Coffret,Promo,59.99,,,,PriceCharting
Promo Morpeko Pin Collection Box,63.79,63.79,44.65,44.65,Pokemon,Coffret,Promo,63.79,,,,PriceCharting
Promo Ogerpon Stacking Tin,30.17,30.17,21.12,21.12,Pokemon,Coffret,Promo,30.17,,,,PriceCharting
Promo Oinkologne Ex Box,35.16,35.16,24.61,24.61,Pokemon,Coffret,Promo,35.16,,,,PriceCharting
Promo Origin Forme Dialga Vstar Premium Collection Box,87.50,87.50,61.25,61.25,Pokemon,Coffret,Promo,87.50,,,,PriceCharting
Promo Palafin Ex Box,43.75,43.75,30.62,30.62,Pokemon,Coffret,Promo,43.75,,,,PriceCharting
Promo Paldea Friends Mini Tins 5-Pack,136.06,136.06,95.24,95.24,Pokemon,Coffret,Promo,136.06,,,,PriceCharting
Promo Paldea Partners Tin [Meowscarada Ex International],49.87,49.87,34.91,34.91,Pokemon,Coffret,Promo,49.87,,,,PriceCharting
Promo Paldea Partners Tin [Quaquaval Ex],36.00,36.00,25.20,25.20,Pokemon,Coffret,Promo,36.00,,,,PriceCharting
Promo Paldea Partners Tin [Skeledirge],30.00,30.00,21.00,21.00,Pokemon,Coffret,Promo,30.00,,,,PriceCharting
Promo Paldea Partners Tin: Meowscarada Ex,46.93,46.93,32.85,32.85,Pokemon,Coffret,Promo,46.93,,,,PriceCharting
Promo Paradox Clash Tin [Iron Leaves Ex],31.50,31.50,22.05,22.05,Pokemon,Coffret,Promo,31.50,,,,PriceCharting
Promo Paradox Clash Tin [Walking Wake],38.00,38.00,26.60,26.60,Pokemon,Coffret,Promo,38.00,,,,PriceCharting
Promo Paradox Destinies Tin [Gouging Fire Ex],42.05,42.05,29.43,29.43,Pokemon,Coffret,Promo,42.05,,,,PriceCharting
Promo Paradox Destinies Tin [Iron Boulder Ex],38.50,38.50,26.95,26.95,Pokemon,Coffret,Promo,38.50,,,,PriceCharting
Promo Paradox Destinies Tin [Iron Crown Ex],39.62,39.62,27.73,27.73,Pokemon,Coffret,Promo,39.62,,,,PriceCharting
Promo Paradox Destinies Tin [Raging Bolt Ex],38.83,38.83,27.18,27.18,Pokemon,Coffret,Promo,38.83,,,,PriceCharting
Promo Paradox Fury Premium Collection,77.55,77.55,54.28,54.28,Pokemon,Coffret,Promo,77.55,,,,PriceCharting
Promo Paradox Pokemon Stacking Tin,29.00,29.00,20.30,20.30,Pokemon,Coffret,Promo,29.00,,,,PriceCharting
Promo Paradox Wisdom Premium Collection,69.99,69.99,48.99,48.99,Pokemon,Coffret,Promo,69.99,,,,PriceCharting
Promo Poke Ball Tin,26.70,26.70,18.69,18.69,Pokemon,Coffret,Promo,26.70,,,,PriceCharting
Promo Poke Ball Tin 3-Pack,79.27,79.27,55.49,55.49,Pokemon,Coffret,Promo,79.27,,,,PriceCharting
Promo Poke Ball Tin [Dive Ball],180.00,180.00,126.00,126.00,Pokemon,Coffret,Promo,180.00,,,,PriceCharting
Promo Poke Ball Tin [Dusk Ball],213.86,213.86,149.70,149.70,Pokemon,Coffret,Promo,213.86,,,,PriceCharting
Promo Poke Ball Tin [Great Ball Q4 2024],28.18,28.18,19.73,19.73,Pokemon,Coffret,Promo,28.18,,,,PriceCharting
Promo Poke Ball Tin [Great Ball],25.30,25.30,17.71,17.71,Pokemon,Coffret,Promo,25.30,,,,PriceCharting
Promo Poke Ball Tin [Level Ball],74.46,74.46,52.12,52.12,Pokemon,Coffret,Promo,74.46,,,,PriceCharting
Promo Poke Ball Tin [Love Ball],265.93,265.93,186.15,186.15,Pokemon,Coffret,Promo,265.93,,,,PriceCharting
Promo Poke Ball Tin [Lure Ball],125.00,125.00,87.50,87.50,Pokemon,Coffret,Promo,125.00,,,,PriceCharting
Promo Poke Ball Tin [Luxury Ball],40.34,40.34,28.24,28.24,Pokemon,Coffret,Promo,40.34,,,,PriceCharting
Promo Poke Ball Tin [Moon Ball Q4 2024],29.50,29.50,20.65,20.65,Pokemon,Coffret,Promo,29.50,,,,PriceCharting
Promo Poke Ball Tin [Premier Ball Q4 2024],24.86,24.86,17.40,17.40,Pokemon,Coffret,Promo,24.86,,,,PriceCharting
Promo Poke Ball Tin [Premier Ball Q4 2025],33.69,33.69,23.58,23.58,Pokemon,Coffret,Promo,33.69,,,,PriceCharting
Promo Poke Ball Tin [Premier Ball],23.46,23.46,16.42,16.42,Pokemon,Coffret,Promo,23.46,,,,PriceCharting
Promo Poke Ball Tin [Q4 2024],27.98,27.98,19.59,19.59,Pokemon,Coffret,Promo,27.98,,,,PriceCharting
Promo Poke Ball Tin [Quick Ball],48.41,48.41,33.89,33.89,Pokemon,Coffret,Promo,48.41,,,,PriceCharting
Promo Poke Ball Tin [Repeat Ball Q4 2025],19.99,19.99,13.99,13.99,Pokemon,Coffret,Promo,19.99,,,,PriceCharting
Promo Poke Ball Tin [Ultra Ball Q4 2024],28.10,28.10,19.67,19.67,Pokemon,Coffret,Promo,28.10,,,,PriceCharting
Promo Poke Ball Tin [Ultra Ball],24.96,24.96,17.47,17.47,Pokemon,Coffret,Promo,24.96,,,,PriceCharting
Promo Pokemon Day 2026 Collection Box,34.11,34.11,23.88,23.88,Pokemon,Coffret,Promo,34.11,,,,PriceCharting
Promo Psychic Stacking Tin,32.97,32.97,23.08,23.08,Pokemon,Coffret,Promo,32.97,,,,PriceCharting
Promo Reshiram Ex Box,39.00,39.00,27.30,27.30,Pokemon,Coffret,Promo,39.00,,,,PriceCharting
Promo Roaring Moon EX Box,47.29,47.29,33.10,33.10,Pokemon,Coffret,Promo,47.29,,,,PriceCharting
Promo Salamence Ex & Reshiram Ex Premium Collection,92.00,92.00,64.40,64.40,Pokemon,Coffret,Promo,92.00,,,,PriceCharting
Promo Sceptile 3-Pack Blister,220.18,220.18,154.13,154.13,Pokemon,Coffret,Promo,220.18,,,,PriceCharting
Promo Sealed Cynthia's Garchomp Ex Premium Collection,76.52,76.52,53.56,53.56,Pokemon,Coffret,Promo,76.52,,,,PriceCharting
Promo Sealed Knockout Collection: Kyogre,13.50,13.50,9.45,9.45,Pokemon,Coffret,Promo,13.50,,,,PriceCharting
Promo Sealed Knockout Collection: Suicune,15.52,15.52,10.86,10.86,Pokemon,Coffret,Promo,15.52,,,,PriceCharting
Promo Sealed Mega Moonlit Tin: Mega Gengar Ex,32.93,32.93,23.05,23.05,Pokemon,Coffret,Promo,32.93,,,,PriceCharting
Promo Sealed Tin [Mega Emboar Ex],43.01,43.01,30.11,30.11,Pokemon,Coffret,Promo,43.01,,,,PriceCharting
Promo Sealed Tin [Mega Meganium Ex],48.00,48.00,33.60,33.60,Pokemon,Coffret,Promo,48.00,,,,PriceCharting
Promo Shaymin VSTAR Premium Collection,121.81,121.81,85.27,85.27,Pokemon,Coffret,Promo,121.81,,,,PriceCharting
Promo Sinnoh Stars Mini Tin [Chimchar],24.36,24.36,17.05,17.05,Pokemon,Coffret,Promo,24.36,,,,PriceCharting
Promo Sinnoh Stars Mini Tin [Munchlax],26.99,26.99,18.89,18.89,Pokemon,Coffret,Promo,26.99,,,,PriceCharting
Promo Sinnoh Stars Mini Tin [Piplup],35.88,35.88,25.12,25.12,Pokemon,Coffret,Promo,35.88,,,,PriceCharting
Promo Sinnoh Stars Mini Tin [Riolu],23.99,23.99,16.79,16.79,Pokemon,Coffret,Promo,23.99,,,,PriceCharting
Promo Sinnoh Stars Mini Tin [Turtwig],38.92,38.92,27.24,27.24,Pokemon,Coffret,Promo,38.92,,,,PriceCharting
Promo Sinnoh Stars Mini Tins 5-Pack,148.50,148.50,103.95,103.95,Pokemon,Coffret,Promo,148.50,,,,PriceCharting
Promo Slashing Legends Tin [Koraidon Ex],34.00,34.00,23.80,23.80,Pokemon,Coffret,Promo,34.00,,,,PriceCharting
Promo Slashing Legends Tin [Zacian Ex],34.89,34.89,24.42,24.42,Pokemon,Coffret,Promo,34.89,,,,PriceCharting
Promo Snorlax Ex & Blissey Ex Special Collection,76.99,76.99,53.89,53.89,Pokemon,Coffret,Promo,76.99,,,,PriceCharting
Promo Spring 2022 Collector Bundle,103.94,103.94,72.76,72.76,Pokemon,Coffret,Promo,103.94,,,,PriceCharting
Promo Summer 2023 Collector's Chest,88.84,88.84,62.19,62.19,Pokemon,Coffret,Promo,88.84,,,,PriceCharting
Promo Tag Team Tin: Pikachu & Zekrom GX,710.78,710.78,497.55,497.55,Pokemon,Coffret,Promo,710.78,,,,PriceCharting
Promo Tapu Koko Figure Collection,89.57,89.57,62.70,62.70,Pokemon,Coffret,Promo,89.57,,,,PriceCharting
Promo Team Rocket's Moltres Ex Ultra Premium Collection Box,315.39,315.39,220.77,220.77,Pokemon,Coffret,Promo,315.39,,,,PriceCharting
Promo Team Skull Pin Collection,210.00,210.00,147.00,147.00,Pokemon,Coffret,Promo,210.00,,,,PriceCharting
Promo Tera Brawlers Premium Collection Box,99.00,99.00,69.30,69.30,Pokemon,Coffret,Promo,99.00,,,,PriceCharting
Promo Tera Team Premium Collection,90.00,90.00,63.00,63.00,Pokemon,Coffret,Promo,90.00,,,,PriceCharting
Promo Terapagos Ex Ultra Premium Collection Box,233.31,233.31,163.32,163.32,Pokemon,Coffret,Promo,233.31,,,,PriceCharting
Promo Trainer's Legendary Box: Ho-Oh,224.49,224.49,157.14,157.14,Pokemon,Coffret,Promo,224.49,,,,PriceCharting
Promo Treasures Of Ruin Stacking Tin,27.62,27.62,19.33,19.33,Pokemon,Coffret,Promo,27.62,,,,PriceCharting
Promo Tyranitar Lunchbox Chest Tin,39.95,39.95,27.96,27.96,Pokemon,Coffret,Promo,39.95,,,,PriceCharting
Promo Ultra Beasts GX Premium Collection [Buzzwole GX & Xurkitree GX],275.00,275.00,192.50,192.50,Pokemon,Coffret,Promo,275.00,,,,PriceCharting
Promo V-Union Special Collection - Mewtwo,120.50,120.50,84.35,84.35,Pokemon,Coffret,Promo,120.50,,,,PriceCharting
Promo Vibrant Paldea Mini Tin,43.39,43.39,30.37,30.37,Pokemon,Coffret,Promo,43.39,,,,PriceCharting
Promo Vibrant Paldea Mini Tin Collection,240.00,240.00,168.00,168.00,Pokemon,Coffret,Promo,240.00,,,,PriceCharting
Promo White & Black: Poster Collection + Binder Collection,103.00,103.00,72.10,72.10,Pokemon,Coffret,Promo,103.00,,,,PriceCharting
Promo Zacian V-UNION Special Collection Box,124.99,124.99,87.49,87.49,Pokemon,Coffret,Promo,124.99,,,,PriceCharting
Promo Zeraora VMAX & VStar Battle Box,89.60,89.60,62.72,62.72,Pokemon,Coffret,Promo,89.60,,,,PriceCharting
Promo Zoroark & Legendary Pokemon [Jumbo] #World of Illusions Box Promo,43.26,43.26,30.28,30.28,Pokemon,Coffret,Promo,43.26,,,,PriceCharting
Rebel Clash Build & Battle Box,62.00,62.00,43.40,43.40,Pokemon,Coffret,Rebel Clash,62.00,,,,PriceCharting
Roaring Skies 3-Pack Blister,131.25,131.25,91.88,91.88,Pokemon,Coffret,Roaring Skies,131.25,,,,PriceCharting
Roaring Skies Elite Trainer Box,8425.50,8425.50,5897.85,5897.85,Pokemon,Coffret,Roaring Skies,8425.50,,,,PriceCharting
Roaring Skies Mega Absol EX Premium Collection Box,1045.05,1045.05,731.53,731.53,Pokemon,Coffret,Roaring Skies,1045.05,,,,PriceCharting
Rumble Sealed Box,7407.35,7407.35,5185.14,5185.14,Pokemon,Coffret,Rumble,7407.35,,,,PriceCharting
Pokemon Deluxe Stamp Box Set,3325.00,3662.49,2563.75,2563.75,Pokemon,Coffret,S-P: Sword & Shield Promos,,3325.00,,3999.99,TCGplayer
Sword and Shield Precious Collector Box,464.63,527.31,369.12,369.12,Pokemon,Coffret,S-P: Sword & Shield Promos,,464.63,,589.99,TCGplayer
Pokemon Go Card File Set - Pokemon Go Teams,100.00,118.74,83.12,83.12,Pokemon,Coffret,S10b: Pokemon GO,,100.00,,137.48,TCGplayer
Lost Abyss Special Set,300.00,350.00,245.00,245.00,Pokemon,Coffret,S11: Lost Abyss,,300.00,,400.00,TCGplayer
Toxtricity V Special Set,229.99,229.99,160.99,160.99,Pokemon,Coffret,S2: Rebellion Crash,,,,229.99,TCGplayer
Matchless Fighters Klara and Avery Set,440.96,440.96,308.67,308.67,Pokemon,Coffret,S5a: Peerless Fighters,,,,440.96,TCGplayer
Eevee Heroes Gym Box,2078.33,2191.66,1534.17,1534.17,Pokemon,Coffret,S6a: Eevee Heroes,,2078.33,,2305.00,TCGplayer
Eevee Heroes VMAX Special Set,288.34,294.16,205.92,205.92,Pokemon,Coffret,S6a: Eevee Heroes,,288.34,,299.99,TCGplayer
25th Anniversary Golden Box,1688.50,2092.24,1464.57,1464.57,Pokemon,Coffret,s8a-G: 25th Anniversary Golden Box,,1688.50,,2495.99,TCGplayer
Promo Card 25th Anniversary Collection Booster Pack,103.00,101.50,71.05,71.05,Pokemon,Coffret,s8a-P: Promo Card Pack 25th Anniversary Edition,,103.00,,100.00,TCGplayer
25th Anniversary Collection Booster Pack,32.60,33.55,23.48,23.48,Pokemon,Coffret,S8a: 25th Anniversary Collection,,32.60,,34.50,TCGplayer
Shining Fates Boltund V Tin,68.15,68.15,47.70,47.70,Pokemon,Coffret,Shining Fates,68.15,,,,PriceCharting
Shining Fates Booster Pack Art Bundle [Set of 4],59.17,59.17,41.42,41.42,Pokemon,Coffret,Shining Fates,,59.17,61.98,58.99,TCGplayer
Shining Fates Collection [Pikachu V],65.65,65.65,45.95,45.95,Pokemon,Coffret,Shining Fates,,65.65,74.99,49.99,TCGplayer
Shining Fates Collection [Shiny Boltund V],68.19,99.00,69.30,69.30,Pokemon,Coffret,Shining Fates,,68.19,104.99,99.00,TCGplayer
Shining Fates Collection [Shiny Cramorant V],63.99,90.00,63.00,63.00,Pokemon,Coffret,Shining Fates,,63.99,120.00,90.00,TCGplayer
Shining Fates Collection [Shiny Eldegoss V],62.74,62.74,43.92,43.92,Pokemon,Coffret,Shining Fates,,62.74,112.99,62.74,TCGplayer
Shining Fates Cramorant V Tin,59.50,59.50,41.65,41.65,Pokemon,Coffret,Shining Fates,59.50,,,,PriceCharting
Shining Fates Eldegoss V Tin,53.92,53.92,37.74,37.74,Pokemon,Coffret,Shining Fates,53.92,,,,PriceCharting
Shining Fates Elite Trainer Box,138.79,137.48,96.24,96.24,Pokemon,Coffret,Shining Fates,138.79,136.17,169.99,124.85,PriceCharting + TCGplayer
Shining Fates Mad Party Pin Collection [Bunnelby],53.93,53.93,37.75,37.75,Pokemon,Coffret,Shining Fates,,53.93,69.69,49.99,TCGplayer
Shining Fates Mad Party Pin Collection [Galarian Mr. Rime],56.70,56.70,39.69,39.69,Pokemon,Coffret,Shining Fates,,56.70,64.00,55.00,TCGplayer
Shining Fates Mad Party Pin Collection [Polteageist],53.59,55.50,38.85,38.85,Pokemon,Coffret,Shining Fates,,53.59,59.99,55.50,TCGplayer
Shining Fates Mad Party Pin Collection [Set of 4],248.75,238.00,166.60,166.60,Pokemon,Coffret,Shining Fates,,248.75,238.00,228.00,TCGplayer
Shining Fates Mini Tin,113.84,113.84,79.69,79.69,Pokemon,Coffret,Shining Fates,113.84,,,,PriceCharting
Shining Fates Mini Tin [Kyogre],29.65,33.99,23.79,23.79,Pokemon,Coffret,Shining Fates,,29.65,61.14,33.99,TCGplayer
Shining Fates Mini Tin [Manaphy],29.22,29.97,20.98,20.98,Pokemon,Coffret,Shining Fates,,29.22,34.14,29.97,TCGplayer
Shining Fates Mini Tin [Reshiram],35.62,44.99,31.49,31.49,Pokemon,Coffret,Shining Fates,,35.62,44.99,44.99,TCGplayer
Shining Fates Mini Tin [Zarude],29.77,40.00,28.00,28.00,Pokemon,Coffret,Shining Fates,,29.77,43.90,40.00,TCGplayer
Shining Fates Pikachu V Collection Box,53.61,53.61,37.53,37.53,Pokemon,Coffret,Shining Fates,53.61,,,,PriceCharting
Shining Fates Polteageist Mad Party Pin Collection,48.48,48.48,33.94,33.94,Pokemon,Coffret,Shining Fates,48.48,,,,PriceCharting
Shining Fates Premium Collection [Set of 2],215.43,239.00,167.30,167.30,Pokemon,Coffret,Shining Fates,,215.43,312.50,239.00,TCGplayer
Shining Fates Premium Collection [Shiny Crobat],105.14,135.51,94.86,94.86,Pokemon,Coffret,Shining Fates,,105.14,139.99,135.51,TCGplayer
Shining Fates Premium Collection [Shiny Dragapult],124.97,139.95,97.96,97.96,Pokemon,Coffret,Shining Fates,,124.97,200.00,139.95,TCGplayer
Shining Fates Premium Collection Box [Crobat],95.85,95.85,67.09,67.09,Pokemon,Coffret,Shining Fates,95.85,,,,PriceCharting
Shining Fates Premium Collection Box [Dragapult],105.00,105.00,73.50,73.50,Pokemon,Coffret,Shining Fates,105.00,,,,PriceCharting
Shining Fates Shiny Boltund V Collection,58.23,58.23,40.76,40.76,Pokemon,Coffret,Shining Fates,58.23,,,,PriceCharting
Shining Fates Shiny Cramorant V Collection,52.08,52.08,36.46,36.46,Pokemon,Coffret,Shining Fates,52.08,,,,PriceCharting
Shining Fates Shiny Eldegoss V Collection,50.99,50.99,35.69,35.69,Pokemon,Coffret,Shining Fates,50.99,,,,PriceCharting
Shining Fates V Tin [Boltund V],70.29,70.29,49.20,49.20,Pokemon,Coffret,Shining Fates,,70.29,71.96,65.00,TCGplayer
Shining Fates V Tin [Cramorant V],70.83,79.99,55.99,55.99,Pokemon,Coffret,Shining Fates,,70.83,86.45,79.99,TCGplayer
Shining Fates V Tin [Eldegoss V],68.36,69.99,48.99,48.99,Pokemon,Coffret,Shining Fates,,68.36,79.00,69.99,TCGplayer
Shining Legends Collection: Shiny Darkrai GX,461.46,493.74,345.62,345.62,Pokemon,Coffret,Shining Legends,461.46,462.49,524.99,524.99,PriceCharting + TCGplayer
Shining Legends Collector Chest,767.50,384.75,269.32,269.32,Pokemon,Coffret,Shining Legends,,767.50,,1.99,TCGplayer
Shining Legends Elite Trainer Box,1162.00,1241.08,868.76,868.76,Pokemon,Coffret,Shining Legends,1162.00,1183.16,1299.00,1299.00,PriceCharting + TCGplayer
Shining Legends Figure Collection: Shiny Darkrai GX,400.05,599.99,419.99,419.99,Pokemon,Coffret,Shining Legends,400.05,,750.00,599.99,PriceCharting + TCGplayer
Shining Legends Mewtwo Pin Collection,420.69,420.69,294.48,294.48,Pokemon,Coffret,Shining Legends,420.69,,,,PriceCharting
Shining Legends Pin Collection: Mewtwo,414.63,439.90,307.93,307.93,Pokemon,Coffret,Shining Legends,,414.63,447.91,439.90,TCGplayer
Shining Legends Pin Collection: Pikachu,327.56,425.00,297.50,297.50,Pokemon,Coffret,Shining Legends,,327.56,444.00,425.00,TCGplayer
Shining Legends Premium Powers Collection,999.99,1500.00,1050.00,1050.00,Pokemon,Coffret,Shining Legends,,999.99,1500.00,1500.00,TCGplayer
Shining Legends Sealed Marshadow Pin Collection,331.38,331.38,231.97,231.97,Pokemon,Coffret,Shining Legends,331.38,,,,PriceCharting
Shining Legends Sealed Pikachu Pin Collection,382.20,382.20,267.54,267.54,Pokemon,Coffret,Shining Legends,382.20,,,,PriceCharting
Shining Legends Special Collection Box [Raichu GX],560.00,560.00,392.00,392.00,Pokemon,Coffret,Shining Legends,560.00,,,,PriceCharting
Shining Legends Special Collection: Raichu GX,537.14,615.00,430.50,430.50,Pokemon,Coffret,Shining Legends,,537.14,738.95,615.00,TCGplayer
Shining Legends Special Collection: Zoroark GX,499.99,604.99,423.49,423.49,Pokemon,Coffret,Shining Legends,,499.99,615.00,604.99,TCGplayer
Shining Legends Super Premium Collection Box,1319.86,1319.86,923.90,923.90,Pokemon,Coffret,Shining Legends,1319.86,,,,PriceCharting
Shining Legends Super-Premium Collection [Ho-Oh GX],1560.00,1799.97,1259.98,1259.98,Pokemon,Coffret,Shining Legends,,1560.00,2300.00,1799.97,TCGplayer
Shining Legends Zoroark Pin Collection,368.61,368.61,258.03,258.03,Pokemon,Coffret,Shining Legends,368.61,,,,PriceCharting
Shining Legends: Shiny Zygarde GX Box,349.99,349.99,244.99,244.99,Pokemon,Coffret,Shining Legends,,,,349.99,TCGplayer
Shrouded Fable Elite Trainer Box [Pokemon Center],165.60,165.60,115.92,115.92,Pokemon,Coffret,Shrouded Fable,165.60,,,,PriceCharting
Shrouded Fable Mini Tin [Dusknoir],25.75,25.75,18.02,18.02,Pokemon,Coffret,Shrouded Fable,25.75,,,,PriceCharting
Silver Tempest Build & Battle Box,68.04,68.04,47.63,47.63,Pokemon,Coffret,Silver Tempest,68.04,,,,PriceCharting
Silver Tempest Collector Chest Fall 2022,56.44,56.44,39.51,39.51,Pokemon,Coffret,Silver Tempest,56.44,,,,PriceCharting
Silver Tempest Elite Trainer Box [Pokemon Center],362.27,362.27,253.59,253.59,Pokemon,Coffret,Silver Tempest,362.27,,,,PriceCharting
VStar Premium Trainer Box,249.99,249.99,174.99,174.99,Pokemon,Coffret,sK: VSTAR Premium Trainer Box,,,,249.99,TCGplayer
Alolan Ninetales GX Challenge Box,97.50,100.00,70.00,70.00,Pokemon,Coffret,SM - Burning Shadows,,97.50,127.49,100.00,TCGplayer
Burning Shadows Booster Pack Art Bundle [Set of 4],122.44,122.44,85.71,85.71,Pokemon,Coffret,SM - Burning Shadows,,122.44,130.00,110.00,TCGplayer
Burning Shadows Elite Trainer Box,300.00,312.65,218.85,218.85,Pokemon,Coffret,SM - Burning Shadows,300.00,325.30,349.99,299.95,PriceCharting + TCGplayer
Burning Shadows Prerelease Kit,299.97,450.00,315.00,315.00,Pokemon,Coffret,SM - Burning Shadows,,299.97,454.00,450.00,TCGplayer
Charizard GX Premium Collection,1320.00,1160.00,812.00,812.00,Pokemon,Coffret,SM - Burning Shadows,,,1320.00,1000.00,TCGplayer
Kommo-o GX Box,121.98,121.98,85.39,85.39,Pokemon,Coffret,SM - Burning Shadows,,121.98,,,TCGplayer
Lycanroc GX Challenge Box,90.00,87.98,61.59,61.59,Pokemon,Coffret,SM - Burning Shadows,,,90.00,85.97,TCGplayer
Mysterious Powers Tin [Ho-Oh GX],118.99,117.28,82.09,82.09,Pokemon,Coffret,SM - Burning Shadows,118.99,115.56,,,PriceCharting + TCGplayer
Mysterious Powers Tin [Marshadow GX],181.49,178.24,124.77,124.77,Pokemon,Coffret,SM - Burning Shadows,,,181.49,175.00,TCGplayer
Mysterious Powers Tin [Necrozma GX],126.74,124.99,87.49,87.49,Pokemon,Coffret,SM - Burning Shadows,,126.74,124.99,124.99,TCGplayer
Tapu Lele Pin Collection,119.94,119.92,83.94,83.94,Pokemon,Coffret,SM - Burning Shadows,,,119.94,119.89,TCGplayer
Team Skull Pin Collection,210.00,239.99,167.99,167.99,Pokemon,Coffret,SM - Burning Shadows,,210.00,239.99,239.99,TCGplayer
Tsareena GX Box,199.98,199.99,139.99,139.99,Pokemon,Coffret,SM - Burning Shadows,,199.98,199.99,199.99,TCGplayer
Celestial Storm Booster Pack Art Bundle [Set of 4],291.33,289.99,202.99,202.99,Pokemon,Coffret,SM - Celestial Storm,,291.33,289.99,289.99,TCGplayer
Celestial Storm Build & Battle Box,730.00,539.99,377.99,377.99,Pokemon,Coffret,SM - Celestial Storm,,,730.00,349.99,TCGplayer
Celestial Storm Elite Trainer Box,2000.00,2345.64,1641.95,1641.95,Pokemon,Coffret,SM - Celestial Storm,2000.00,2091.30,5250.00,2599.99,PriceCharting + TCGplayer
Evolution Celebration Tin [Glaceon GX],144.95,146.78,102.75,102.75,Pokemon,Coffret,SM - Celestial Storm,144.95,148.62,192.90,136.40,PriceCharting + TCGplayer
Evolution Celebration Tin [Leafeon GX],144.13,175.07,122.55,122.55,Pokemon,Coffret,SM - Celestial Storm,144.13,156.15,199.99,194.00,PriceCharting + TCGplayer
Evolution Celebration Tin [Sylveon GX],146.95,174.75,122.32,122.32,Pokemon,Coffret,SM - Celestial Storm,146.95,149.49,211.97,200.00,PriceCharting + TCGplayer
Lunala GX Box,289.85,287.90,201.53,201.53,Pokemon,Coffret,SM - Celestial Storm,,289.85,287.90,287.90,TCGplayer
Solgaleo GX Box,699.99,699.99,489.99,489.99,Pokemon,Coffret,SM - Celestial Storm,,,699.99,699.99,TCGplayer
Cosmic Eclipse 3 Pack Blister [Celebi],379.99,425.00,297.50,297.50,Pokemon,Coffret,SM - Cosmic Eclipse,379.99,400.00,450.00,450.00,PriceCharting + TCGplayer
Cosmic Eclipse Booster Pack Art Bundle [Set of 4],305.30,305.30,213.71,213.71,Pokemon,Coffret,SM - Cosmic Eclipse,,305.30,354.47,110.00,TCGplayer
Cosmic Eclipse Build & Battle Box,390.00,649.99,454.99,454.99,Pokemon,Coffret,SM - Cosmic Eclipse,390.00,499.99,799.99,799.99,PriceCharting + TCGplayer
Cosmic Eclipse Elite Trainer Box,1623.87,1929.24,1350.47,1350.47,Pokemon,Coffret,SM - Cosmic Eclipse,1623.87,1874.50,3005.00,1983.99,PriceCharting + TCGplayer
Cosmic Eclipse Sleeved Booster Pack Art Bundle [Set of 4],461.77,495.00,346.50,346.50,Pokemon,Coffret,SM - Cosmic Eclipse,,461.77,499.99,495.00,TCGplayer
Pikachu GX & Eevee GX Special Collection,403.11,549.97,384.98,384.98,Pokemon,Coffret,SM - Cosmic Eclipse,403.11,549.97,,549.99,PriceCharting + TCGplayer
Crimson Invasion Booster Pack Art Bundle [Set of 4],142.42,119.42,83.59,83.59,Pokemon,Coffret,SM - Crimson Invasion,,142.42,119.42,108.99,TCGplayer
Crimson Invasion Elite Trainer Box,199.03,210.39,147.27,147.27,Pokemon,Coffret,SM - Crimson Invasion,199.03,221.75,230.00,194.95,PriceCharting + TCGplayer
Crimson Invasion Prerelease Kit,97.86,97.86,68.50,68.50,Pokemon,Coffret,SM - Crimson Invasion,,97.86,100.00,95.00,TCGplayer
Guzzlord GX Box,299.99,299.99,209.99,209.99,Pokemon,Coffret,SM - Crimson Invasion,,,299.99,299.99,TCGplayer
Marshadow Figure Collection,278.00,271.10,189.77,189.77,Pokemon,Coffret,SM - Crimson Invasion,,,278.00,264.20,TCGplayer
Mimikyu Sidekick Collection,184.28,239.95,167.96,167.96,Pokemon,Coffret,SM - Crimson Invasion,,184.28,239.95,239.95,TCGplayer
Pikachu Sidekick Collection,267.83,283.89,198.72,198.72,Pokemon,Coffret,SM - Crimson Invasion,267.83,210.97,357.00,299.95,PriceCharting + TCGplayer
Shiny Silvally GX Box,299.99,299.99,209.99,209.99,Pokemon,Coffret,SM - Crimson Invasion,,,299.99,299.99,TCGplayer
Silvally Figure Collection,265.99,265.99,186.19,186.19,Pokemon,Coffret,SM - Crimson Invasion,,265.99,,,TCGplayer
Ultra Beasts GX Premium Collection [Buzzwole GX & Xurkitree GX],275.00,400.00,280.00,280.00,Pokemon,Coffret,SM - Crimson Invasion,,275.00,400.00,400.00,TCGplayer
Dawn Wings Necrozma Box,167.50,176.00,123.20,123.20,Pokemon,Coffret,SM - Forbidden Light,,167.50,179.00,176.00,TCGplayer
Dawn Wings Necrozma Premium Collection,213.95,226.97,158.88,158.88,Pokemon,Coffret,SM - Forbidden Light,213.95,239.99,,,PriceCharting + TCGplayer
Dusk Mane Necrozma Box,176.50,176.25,123.37,123.37,Pokemon,Coffret,SM - Forbidden Light,176.50,176.50,176.00,169.00,PriceCharting + TCGplayer
Dusk Mane Necrozma Premium Collection,289.99,289.99,202.99,202.99,Pokemon,Coffret,SM - Forbidden Light,289.99,289.99,,299.99,PriceCharting + TCGplayer
Forbidden Light Booster Pack Art Bundle [Set of 4],170.00,174.99,122.49,122.49,Pokemon,Coffret,SM - Forbidden Light,,170.00,174.99,174.99,TCGplayer
Forbidden Light Elite Trainer Box,628.35,703.08,492.15,492.15,Pokemon,Coffret,SM - Forbidden Light,628.35,686.16,881.50,719.99,PriceCharting + TCGplayer
Forbidden Light Prerelease Kit,159.32,159.32,111.52,111.52,Pokemon,Coffret,SM - Forbidden Light,,159.32,299.95,5.00,TCGplayer
Forces of Nature GX Premium Collection,265.00,384.99,269.49,269.49,Pokemon,Coffret,SM - Forbidden Light,,265.00,384.99,384.99,TCGplayer
Bewear GX Box,142.00,264.48,185.14,185.14,Pokemon,Coffret,SM - Guardians Rising,142.00,277.97,277.97,250.99,PriceCharting + TCGplayer
Decidueye GX Premium Collection,297.95,296.48,207.53,207.53,Pokemon,Coffret,SM - Guardians Rising,,,297.95,295.00,TCGplayer
Espeon GX Premium Collection,455.00,639.99,447.99,447.99,Pokemon,Coffret,SM - Guardians Rising,,455.00,950.00,639.99,TCGplayer
Guardians Rising 3 Pack Blister [Turtonator],73.35,102.86,72.01,72.01,Pokemon,Coffret,SM - Guardians Rising,73.35,88.74,116.99,116.99,PriceCharting + TCGplayer
Guardians Rising Booster Pack Art Bundle [Set of 4],184.97,188.99,132.29,132.29,Pokemon,Coffret,SM - Guardians Rising,,184.97,189.99,188.99,TCGplayer
Guardians Rising Elite Trainer Box,443.81,445.18,311.62,311.62,Pokemon,Coffret,SM - Guardians Rising,443.81,446.54,562.49,24.97,PriceCharting + TCGplayer
Guardians Rising Prerelease Kit,345.50,500.00,350.00,350.00,Pokemon,Coffret,SM - Guardians Rising,,345.50,500.00,500.00,TCGplayer
Incineroar GX Premium Collection,341.99,320.99,224.69,224.69,Pokemon,Coffret,SM - Guardians Rising,,,341.99,299.99,TCGplayer
Island Guardians Tin [Tapu Bulu GX],169.99,168.49,117.94,117.94,Pokemon,Coffret,SM - Guardians Rising,,,169.99,166.99,TCGplayer
Island Guardians Tin [Tapu Koko GX],175.00,180.00,126.00,126.00,Pokemon,Coffret,SM - Guardians Rising,,175.00,181.50,180.00,TCGplayer
Lunala GX Challenge Box,199.99,199.99,139.99,139.99,Pokemon,Coffret,SM - Guardians Rising,,,199.99,199.99,TCGplayer
Mega Powers Collection,1799.00,1799.00,1259.30,1259.30,Pokemon,Coffret,SM - Guardians Rising,,,1799.00,1799.00,TCGplayer
Mega Tyranitar EX Premium Collection,419.00,409.50,286.65,286.65,Pokemon,Coffret,SM - Guardians Rising,,,419.00,400.00,TCGplayer
"Premium Collection [Set of 3] Decidueye GX, Primarina GX, & Incineroar GX",1690.00,1690.00,1183.00,1183.00,Pokemon,Coffret,SM - Guardians Rising,,,1690.00,1690.00,TCGplayer
Primarina GX Premium Collection,337.99,337.99,236.59,236.59,Pokemon,Coffret,SM - Guardians Rising,,337.99,,,TCGplayer
Shiny Tapu Koko GX Box,92.50,135.01,94.51,94.51,Pokemon,Coffret,SM - Guardians Rising,92.50,,142.50,135.01,PriceCharting + TCGplayer
Tapu Koko Figure Collection,185.00,199.95,139.96,139.96,Pokemon,Coffret,SM - Guardians Rising,,185.00,199.97,199.95,TCGplayer
Tapu Koko Pin Collection,59.34,76.41,53.49,53.49,Pokemon,Coffret,SM - Guardians Rising,59.34,79.33,99.99,73.50,PriceCharting + TCGplayer
Triple Effect Tin [Jolteon],300.00,300.00,210.00,210.00,Pokemon,Coffret,SM - Guardians Rising,,300.00,,,TCGplayer
Umbreon GX Premium Collection,800.00,813.75,569.62,569.62,Pokemon,Coffret,SM - Guardians Rising,800.00,812.50,1249.99,814.99,PriceCharting + TCGplayer
Fall 2018 Collector Chest,300.00,300.00,210.00,210.00,Pokemon,Coffret,SM - Lost Thunder,,300.00,,,TCGplayer
Flareon GX Special Collection,589.00,589.00,412.30,412.30,Pokemon,Coffret,SM - Lost Thunder,,,589.00,589.00,TCGplayer
Island Guardians GX Premium Collection,580.00,570.00,399.00,399.00,Pokemon,Coffret,SM - Lost Thunder,,,580.00,560.00,TCGplayer
Island Guardians GX Premium Pin Collection,897.99,896.99,627.89,627.89,Pokemon,Coffret,SM - Lost Thunder,,,897.99,895.99,TCGplayer
Lost Thunder Booster Pack Art Bundle [Set of 4],199.48,129.74,90.82,90.82,Pokemon,Coffret,SM - Lost Thunder,,199.48,,60.00,TCGplayer
Lost Thunder Build & Battle Box,200.75,220.36,154.25,154.25,Pokemon,Coffret,SM - Lost Thunder,200.75,193.07,264.95,239.96,PriceCharting + TCGplayer
Lost Thunder Elite Trainer Box,725.56,730.02,511.02,511.02,Pokemon,Coffret,SM - Lost Thunder,725.56,681.55,799.99,734.49,PriceCharting + TCGplayer
Vaporeon GX Special Collection,599.99,599.99,419.99,419.99,Pokemon,Coffret,SM - Lost Thunder,,599.99,,,TCGplayer
Melmetal GX Box,950.00,950.00,665.00,665.00,Pokemon,Coffret,SM - Team Up,,950.00,,,TCGplayer
TAG TEAM Tin [Celebi & Venusaur GX],618.33,700.00,490.00,490.00,Pokemon,Coffret,SM - Team Up,,618.33,779.95,700.00,TCGplayer
TAG TEAM Tin [Eevee & Snorlax GX],703.32,775.00,542.50,542.50,Pokemon,Coffret,SM - Team Up,,703.32,815.00,775.00,TCGplayer
TAG TEAM Tin [Pikachu & Zekrom GX],709.79,954.89,668.43,668.43,Pokemon,Coffret,SM - Team Up,,709.79,,1200.00,TCGplayer
TAG TEAM Tin [Set of 3],2533.28,2879.95,2015.96,2015.96,Pokemon,Coffret,SM - Team Up,,2533.28,2939.97,2879.95,TCGplayer
Team Up Booster Pack Art Bundle [Set of 4],1000.00,2000.00,1400.00,1400.00,Pokemon,Coffret,SM - Team Up,,1000.00,2000.00,2000.00,TCGplayer
Team Up Elite Trainer Box,3776.56,4600.00,3220.00,3220.00,Pokemon,Coffret,SM - Team Up,3776.56,4000.00,5599.96,5200.00,PriceCharting + TCGplayer
Team Up Prerelease Kit,1300.00,2499.99,1749.99,1749.99,Pokemon,Coffret,SM - Team Up,,1300.00,2499.99,2499.99,TCGplayer
Team Up Sleeved Booster Pack Art Bundle [Set of 4],1311.25,1439.96,1007.97,1007.97,Pokemon,Coffret,SM - Team Up,,1311.25,1439.96,1439.96,TCGplayer
Towering Splash GX Box,1200.00,1200.00,840.00,840.00,Pokemon,Coffret,SM - Team Up,1200.00,,,,PriceCharting + TCGplayer
Charmander Sidekick Collection,171.96,274.98,192.48,192.48,Pokemon,Coffret,SM - Ultra Prism,171.96,250.00,487.97,299.95,PriceCharting + TCGplayer
Legends of Johto GX Premium Collection Box,323.92,323.92,226.74,226.74,Pokemon,Coffret,SM - Ultra Prism,,323.92,329.93,319.90,TCGplayer
Lucario GX Box,399.99,399.99,279.99,279.99,Pokemon,Coffret,SM - Ultra Prism,,,,399.99,TCGplayer
Necrozma Prism Tin [Dawn Wings Necrozma GX],240.00,237.50,166.25,166.25,Pokemon,Coffret,SM - Ultra Prism,,,240.00,235.00,TCGplayer
Necrozma Prism Tin [Dusk Mane Necrozma GX],262.00,262.00,183.40,183.40,Pokemon,Coffret,SM - Ultra Prism,,262.00,,,TCGplayer
Ultra Prism 3 Pack Hanger Box,120.00,149.93,104.95,104.95,Pokemon,Coffret,SM - Ultra Prism,120.00,139.98,159.95,159.88,PriceCharting + TCGplayer
Ultra Prism Booster Pack Art Bundle [Set of 4],199.99,199.99,139.99,139.99,Pokemon,Coffret,SM - Ultra Prism,,199.99,,,TCGplayer
Ultra Prism Elite Trainer Box [Dawn Wings Necrozma],925.30,1312.64,918.85,918.85,Pokemon,Coffret,SM - Ultra Prism,925.30,711.99,1899.99,1699.99,PriceCharting + TCGplayer
Ultra Prism Elite Trainer Box [Dusk Mane Necrozma],795.00,768.48,537.94,537.94,Pokemon,Coffret,SM - Ultra Prism,795.00,741.96,850.00,727.99,PriceCharting + TCGplayer
Ultra Prism Prerelease Kit,344.99,450.00,315.00,315.00,Pokemon,Coffret,SM - Ultra Prism,,344.99,475.00,450.00,TCGplayer
Ultra Prism Sleeved Booster Pack Art Bundle [Set of 4],1400.00,1350.00,945.00,945.00,Pokemon,Coffret,SM - Ultra Prism,,,1400.00,1300.00,TCGplayer
Alolan Marowak GX Box,849.00,849.00,594.30,594.30,Pokemon,Coffret,SM - Unbroken Bonds,,,849.00,849.00,TCGplayer
Blastoise GX Premium Collection,410.00,530.00,371.00,371.00,Pokemon,Coffret,SM - Unbroken Bonds,410.00,410.00,650.00,650.00,PriceCharting + TCGplayer
Kangaskhan GX Box,400.00,385.00,269.50,269.50,Pokemon,Coffret,SM - Unbroken Bonds,,,400.00,369.99,TCGplayer
Reshiram & Charizard GX Figure Collection,856.33,900.00,630.00,630.00,Pokemon,Coffret,SM - Unbroken Bonds,856.33,900.00,950.00,900.00,PriceCharting + TCGplayer
Unbroken Bonds 3 Pack Hanger Box,249.48,262.96,184.07,184.07,Pokemon,Coffret,SM - Unbroken Bonds,,249.48,276.45,262.96,TCGplayer
Unbroken Bonds Booster Pack Art Bundle [Set of 4],243.00,156.50,109.55,109.55,Pokemon,Coffret,SM - Unbroken Bonds,,243.00,,70.00,TCGplayer
Unbroken Bonds Prerelease Kit,334.99,449.99,314.99,314.99,Pokemon,Coffret,SM - Unbroken Bonds,,334.99,449.99,449.99,TCGplayer
Unbroken Bonds Sleeved Booster Pack Art Bundle [Set of 4],379.00,395.00,276.50,276.50,Pokemon,Coffret,SM - Unbroken Bonds,,379.00,395.00,395.00,TCGplayer
Pale Moon GX Box,400.00,400.00,280.00,280.00,Pokemon,Coffret,SM - Unified Minds,,400.00,417.48,399.99,TCGplayer
Porygon-Z GX Box,399.97,399.97,279.98,279.98,Pokemon,Coffret,SM - Unified Minds,,,,399.97,TCGplayer
Power Partnership Tin [Garchomp & Giratina GX],549.99,549.99,384.99,384.99,Pokemon,Coffret,SM - Unified Minds,,549.99,700.00,419.99,TCGplayer
Power Partnership Tin [Lucario & Melmetal GX],410.00,405.00,283.50,283.50,Pokemon,Coffret,SM - Unified Minds,,,410.00,399.99,TCGplayer
Power Partnership Tin [Mewtwo & Mew GX],857.40,857.40,600.18,600.18,Pokemon,Coffret,SM - Unified Minds,,857.40,1385.00,20.00,TCGplayer
Power Partnership Tin [Set of 3],1899.95,1824.97,1277.48,1277.48,Pokemon,Coffret,SM - Unified Minds,,1899.95,,1750.00,TCGplayer
Unified Minds 3 Pack Hanger Box,248.12,248.12,173.68,173.68,Pokemon,Coffret,SM - Unified Minds,,248.12,258.50,222.98,TCGplayer
Unified Minds Booster Pack Art Bundle [Set of 4],230.00,230.00,161.00,161.00,Pokemon,Coffret,SM - Unified Minds,,230.00,599.00,154.97,TCGplayer
Unified Minds Elite Trainer Box,1560.19,3359.95,2351.96,2351.96,Pokemon,Coffret,SM - Unified Minds,1560.19,1719.90,5000.00,5000.00,PriceCharting + TCGplayer
Unified Minds Prerelease Kit,349.98,349.98,244.99,244.99,Pokemon,Coffret,SM - Unified Minds,,349.98,399.99,154.99,TCGplayer
Unified Minds Sleeved Booster Pack Art Bundle [Set of 4],455.78,452.83,316.98,316.98,Pokemon,Coffret,SM - Unified Minds,,,455.78,449.89,TCGplayer
Decidueye GX Challenge Box,68.00,68.00,47.60,47.60,Pokemon,Coffret,SM Base Set,,68.00,,,TCGplayer
Kingdra EX Box,199.99,199.99,139.99,139.99,Pokemon,Coffret,SM Base Set,,199.99,,,TCGplayer
Legacy Evolution Pin Collection,260.00,349.00,244.30,244.30,Pokemon,Coffret,SM Base Set,,260.00,349.00,349.00,TCGplayer
Legends of Alola Tin [Solgaleo GX],192.49,191.25,133.87,133.87,Pokemon,Coffret,SM Base Set,,,192.49,190.00,TCGplayer
Mega Camerupt EX Premium Collection,524.50,512.25,358.57,358.57,Pokemon,Coffret,SM Base Set,,,524.50,500.00,TCGplayer
Mega Sharpedo EX Premium Collection,533.84,516.92,361.84,361.84,Pokemon,Coffret,SM Base Set,,,533.84,500.00,TCGplayer
Mimikyu Pin Collection,165.79,165.79,116.05,116.05,Pokemon,Coffret,SM Base Set,,165.79,224.99,15.00,TCGplayer
Scizor EX Box,249.95,450.00,315.00,315.00,Pokemon,Coffret,SM Base Set,,249.95,450.00,450.00,TCGplayer
Spring 2017 Collector's Chest Tin,230.99,247.97,173.58,173.58,Pokemon,Coffret,SM Base Set,,230.99,247.97,247.97,TCGplayer
Sun & Moon Booster Pack Art Bundle [Set of 5],129.34,116.98,81.89,81.89,Pokemon,Coffret,SM Base Set,,129.34,116.98,80.00,TCGplayer
Sun & Moon Elite Trainer Box [Lunala],248.69,248.69,174.08,174.08,Pokemon,Coffret,SM Base Set,,248.69,275.50,230.00,TCGplayer
Sun & Moon Elite Trainer Box [Solgaleo],250.53,250.53,175.37,175.37,Pokemon,Coffret,SM Base Set,,250.53,272.49,20.99,TCGplayer
Sun & Moon GX Challenge Box [Decidueye],150.00,269.62,188.73,188.73,Pokemon,Coffret,SM Base Set,,150.00,269.69,269.62,TCGplayer
Sun & Moon GX Challenge Box [Incineroar],103.97,250.00,175.00,175.00,Pokemon,Coffret,SM Base Set,,103.97,250.00,250.00,TCGplayer
Sun & Moon GX Challenge Box [Primarina],139.22,199.99,139.99,139.99,Pokemon,Coffret,SM Base Set,,139.22,204.99,199.99,TCGplayer
Sun & Moon Prerelease Kit,662.50,631.24,441.87,441.87,Pokemon,Coffret,SM Base Set,,,662.50,599.99,TCGplayer
Zygarde Complete Forme Pin Collection,150.00,137.49,96.24,96.24,Pokemon,Coffret,SM Base Set,,,150.00,124.99,TCGplayer
Pikachu's New Friends Collection,199.99,199.99,139.99,139.99,Pokemon,Coffret,SM0: Pikachu's New Friends,,199.99,,,TCGplayer
Rainbow Island Fields of Flowers Box Set,499.99,499.99,349.99,349.99,Pokemon,Coffret,Southern Island,,,,499.99,TCGplayer
Rainbow Island Riverside Box Set,235.00,392.50,274.75,274.75,Pokemon,Coffret,Southern Island,,235.00,,550.00,TCGplayer
Rainbow Island Sky Box Set,1750.00,1750.00,1225.00,1225.00,Pokemon,Coffret,Southern Island,,,,1750.00,TCGplayer
Tropical Island Beach Box Set,375.00,375.00,262.50,262.50,Pokemon,Coffret,Southern Island,,,,375.00,TCGplayer
Tropical Island Jungle Box Set,275.00,275.00,192.50,192.50,Pokemon,Coffret,Southern Island,,,,275.00,TCGplayer
Tropical Island Sea Box Set,449.99,449.99,314.99,314.99,Pokemon,Coffret,Southern Island,,,,449.99,TCGplayer
Southern Islands Collection,17925.00,12962.00,9073.40,9073.40,Pokemon,Coffret,Southern Islands,,,17925.00,7999.00,TCGplayer
Southern Islands Collection Box,4112.50,4112.50,2878.75,2878.75,Pokemon,Coffret,Southern Islands,4112.50,,,,PriceCharting
Pokemon Go Special BOX,1250.00,1250.00,875.00,875.00,Pokemon,Coffret,Special Box Collections,,,,1250.00,TCGplayer
Pokemon the Movie: Secrets of the Jungle Koko Box,2999.00,2999.00,2099.30,2099.30,Pokemon,Coffret,Special Box Collections,,,,2999.00,TCGplayer
Special BOX Pokemon Center Fukuoka,169.81,85.65,59.95,59.95,Pokemon,Coffret,Special Box Collections,,169.81,,1.49,TCGplayer
Special BOX Pokemon Center Hiroshima,172.22,101.11,70.78,70.78,Pokemon,Coffret,Special Box Collections,,172.22,,30.00,TCGplayer
Special BOX Pokemon Center Tohoku,139.89,79.94,55.96,55.96,Pokemon,Coffret,Special Box Collections,,139.89,,20.00,TCGplayer
Steam Siege Elite Trainer Box,1336.31,1336.31,935.42,935.42,Pokemon,Coffret,Steam Siege,1336.31,,,,PriceCharting
Stellar Crown Booster Bundle,56.22,56.22,39.35,39.35,Pokemon,Coffret,Stellar Crown,56.22,,,,PriceCharting
Stellar Crown Build and Battle Box,48.00,48.00,33.60,33.60,Pokemon,Coffret,Stellar Crown,48.00,,,,PriceCharting
Stellar Crown Elite Trainer Box,155.00,155.00,108.50,108.50,Pokemon,Coffret,Stellar Crown,155.00,,,,PriceCharting
Stellar Crown Elite Trainer Box [Pokemon Center],170.13,170.13,119.09,119.09,Pokemon,Coffret,Stellar Crown,170.13,,,,PriceCharting
Stormfront 2-Pack Blister,499.00,499.00,349.30,349.30,Pokemon,Coffret,Stormfront,499.00,,,,PriceCharting
Stormfront 3-Pack Blister,999.95,999.95,699.97,699.97,Pokemon,Coffret,Stormfront,999.95,,,,PriceCharting
Supreme Victors Poster Pack Box,806.69,806.69,564.68,564.68,Pokemon,Coffret,Supreme Victors,806.69,,,,PriceCharting
Supreme Victors Regigigas 3-Pack Blister,1143.36,1143.36,800.35,800.35,Pokemon,Coffret,Supreme Victors,1143.36,,,,PriceCharting
Surging Sparks Bloodmoon Ursaluna Ex Box,34.00,34.00,23.80,23.80,Pokemon,Coffret,Surging Sparks,34.00,,,,PriceCharting
Surging Sparks Booster Bundle,60.00,60.00,42.00,42.00,Pokemon,Coffret,Surging Sparks,60.00,,,,PriceCharting
Surging Sparks Costco 2-Pack Trainer Box & Booster Bundle,181.34,181.34,126.94,126.94,Pokemon,Coffret,Surging Sparks,181.34,,,,PriceCharting
Surging Sparks Elite Trainer Box [Pokemon Center],257.50,257.50,180.25,180.25,Pokemon,Coffret,Surging Sparks,257.50,,,,PriceCharting
Surging Sparks Grand Adventure Collection,47.75,47.75,33.42,33.42,Pokemon,Coffret,Surging Sparks,47.75,,,,PriceCharting
Surging Sparks Meddling Sparks Premium Collection Box,47.00,47.00,32.90,32.90,Pokemon,Coffret,Surging Sparks,47.00,,,,PriceCharting
Scarlet & Violet Booster Bundle,104.72,104.72,73.30,73.30,Pokemon,Coffret,SV01: Scarlet & Violet Base Set,,104.72,109.99,93.99,TCGplayer
Scarlet & Violet Booster Pack Art Bundle [Set of 4],39.11,39.11,27.38,27.38,Pokemon,Coffret,SV01: Scarlet & Violet Base Set,,39.11,40.49,36.99,TCGplayer
Scarlet & Violet Build & Battle Box,40.94,40.94,28.66,28.66,Pokemon,Coffret,SV01: Scarlet & Violet Base Set,,40.94,44.30,37.49,TCGplayer
Scarlet & Violet Build & Battle Stadium,88.60,88.60,62.02,62.02,Pokemon,Coffret,SV01: Scarlet & Violet Base Set,,88.60,104.00,88.60,TCGplayer
Scarlet & Violet Elite Trainer Box [Koraidon],130.92,130.92,91.64,91.64,Pokemon,Coffret,SV01: Scarlet & Violet Base Set,,130.92,139.69,123.00,TCGplayer
Scarlet & Violet Elite Trainer Box [Miraidon],144.73,144.73,101.31,101.31,Pokemon,Coffret,SV01: Scarlet & Violet Base Set,,144.73,157.29,139.99,TCGplayer
Scarlet & Violet Pokemon Center Elite Trainer Box (Exclusive) [Koraidon],287.06,287.06,200.94,200.94,Pokemon,Coffret,SV01: Scarlet & Violet Base Set,,287.06,295.00,255.00,TCGplayer
Scarlet & Violet Pokemon Center Elite Trainer Box (Exclusive) [Miraidon],317.06,317.06,221.94,221.94,Pokemon,Coffret,SV01: Scarlet & Violet Base Set,,317.06,330.00,279.99,TCGplayer
Scarlet & Violet Sleeved Booster Pack Art Bundle [Set of 4],43.42,43.42,30.39,30.39,Pokemon,Coffret,SV01: Scarlet & Violet Base Set,,43.42,44.95,42.00,TCGplayer
Scarlet & Violet Sleeved Booster Pack Bundle [Set of 8],83.26,84.59,59.21,59.21,Pokemon,Coffret,SV01: Scarlet & Violet Base Set,,83.26,87.25,84.59,TCGplayer
Paldea Evolved Booster Bundle,130.50,129.12,90.38,90.38,Pokemon,Coffret,SV02: Paldea Evolved,130.50,127.73,135.24,114.99,PriceCharting + TCGplayer
Paldea Evolved Booster Pack Art Bundle [Set of 5],78.58,78.58,55.01,55.01,Pokemon,Coffret,SV02: Paldea Evolved,,78.58,80.47,74.50,TCGplayer
Paldea Evolved Build & Battle Box,66.38,65.47,45.83,45.83,Pokemon,Coffret,SV02: Paldea Evolved,66.38,64.56,69.84,58.47,PriceCharting + TCGplayer
Paldea Evolved Build & Battle Stadium,200.00,210.72,147.50,147.50,Pokemon,Coffret,SV02: Paldea Evolved,200.00,205.49,215.95,215.95,PriceCharting + TCGplayer
Paldea Evolved Elite Trainer Box,211.25,214.50,150.15,150.15,Pokemon,Coffret,SV02: Paldea Evolved,211.25,217.76,233.00,190.00,PriceCharting + TCGplayer
Paldea Evolved Pokemon Center Elite Trainer Box (Exclusive),614.08,612.29,428.61,428.61,Pokemon,Coffret,SV02: Paldea Evolved,,614.08,612.29,561.95,TCGplayer
Paldea Evolved Sleeved Booster Pack Art Bundle [Set of 5],79.39,82.99,58.09,58.09,Pokemon,Coffret,SV02: Paldea Evolved,,79.39,89.49,82.99,TCGplayer
Obsidian Flames Booster Bundle,100.00,119.75,83.82,83.82,Pokemon,Coffret,SV03: Obsidian Flames,100.00,121.49,125.00,118.00,PriceCharting + TCGplayer
Obsidian Flames Booster Pack Art Bundle [Set of 4],52.65,53.00,37.10,37.10,Pokemon,Coffret,SV03: Obsidian Flames,,52.65,57.49,53.00,TCGplayer
Obsidian Flames Build & Battle Box,61.98,59.83,41.88,41.88,Pokemon,Coffret,SV03: Obsidian Flames,61.98,57.68,61.98,57.00,PriceCharting + TCGplayer
Obsidian Flames Build & Battle Stadium,129.38,187.97,131.58,131.58,Pokemon,Coffret,SV03: Obsidian Flames,129.38,186.00,195.00,189.95,PriceCharting + TCGplayer
Obsidian Flames Elite Trainer Box,247.50,261.40,182.98,182.98,Pokemon,Coffret,SV03: Obsidian Flames,247.50,275.31,313.98,39.99,PriceCharting + TCGplayer
Obsidian Flames Pokemon Center Elite Trainer Box (Exclusive),637.51,637.51,446.26,446.26,Pokemon,Coffret,SV03: Obsidian Flames,,637.51,763.88,600.00,TCGplayer
Obsidian Flames Sleeved Booster Pack Art Bundle [Set of 4],57.76,58.00,40.60,40.60,Pokemon,Coffret,SV03: Obsidian Flames,,57.76,65.00,58.00,TCGplayer
Paradox Rift Booster Bundle,39.99,80.29,56.21,56.21,Pokemon,Coffret,SV04: Paradox Rift,39.99,90.60,114.94,69.99,PriceCharting + TCGplayer
Paradox Rift Booster Pack Art Bundle [Set of 4],40.22,40.22,28.15,28.15,Pokemon,Coffret,SV04: Paradox Rift,,40.22,40.45,35.99,TCGplayer
Paradox Rift Build & Battle Box,43.79,43.51,30.46,30.46,Pokemon,Coffret,SV04: Paradox Rift,43.79,43.23,47.48,15.00,PriceCharting + TCGplayer
Paradox Rift Build & Battle Stadium,96.85,98.40,68.88,68.88,Pokemon,Coffret,SV04: Paradox Rift,96.85,94.93,107.89,99.95,PriceCharting + TCGplayer
Paradox Rift Elite Trainer Box [Iron Valiant],135.00,136.59,95.61,95.61,Pokemon,Coffret,SV04: Paradox Rift,135.00,135.18,152.52,138.00,PriceCharting + TCGplayer
Paradox Rift Elite Trainer Box [Roaring Moon],140.62,139.05,97.34,97.34,Pokemon,Coffret,SV04: Paradox Rift,140.62,137.48,149.99,135.00,PriceCharting + TCGplayer
Paradox Rift Pokemon Center Elite Trainer Box (Exclusive) [Iron Valiant],191.43,191.43,134.00,134.00,Pokemon,Coffret,SV04: Paradox Rift,,191.43,200.00,179.99,TCGplayer
Paradox Rift Pokemon Center Elite Trainer Box (Exclusive) [Roaring Moon],222.88,222.52,155.76,155.76,Pokemon,Coffret,SV04: Paradox Rift,,222.88,222.52,208.75,TCGplayer
Paradox Rift Pokemon Center Elite Trainer Box (Exclusive) [Set of 2],406.23,406.23,284.36,284.36,Pokemon,Coffret,SV04: Paradox Rift,,406.23,440.00,399.99,TCGplayer
Paradox Rift Sleeved Booster Pack Art Bundle [Set of 4],41.21,49.59,34.71,34.71,Pokemon,Coffret,SV04: Paradox Rift,,41.21,49.99,49.59,TCGplayer
Temporal Forces Booster Bundle,80.32,84.49,59.14,59.14,Pokemon,Coffret,SV05: Temporal Forces,80.32,88.66,90.00,74.99,PriceCharting + TCGplayer
Temporal Forces Booster Pack Art Bundle [Set of 4],39.52,39.52,27.66,27.66,Pokemon,Coffret,SV05: Temporal Forces,,39.52,41.38,39.00,TCGplayer
Temporal Forces Build & Battle Box,64.42,67.20,47.04,47.04,Pokemon,Coffret,SV05: Temporal Forces,64.42,43.46,70.00,69.99,PriceCharting + TCGplayer
Temporal Forces Elite Trainer Box [Iron Leaves ex],123.59,123.59,86.51,86.51,Pokemon,Coffret,SV05: Temporal Forces,,123.59,133.48,6.99,TCGplayer
Temporal Forces Elite Trainer Box [Walking Wake],140.00,140.00,98.00,98.00,Pokemon,Coffret,SV05: Temporal Forces,140.00,140.00,154.00,112.00,PriceCharting + TCGplayer
Temporal Forces Pokemon Center Elite Trainer Box (Exclusive) [Iron Leaves],196.56,196.56,137.59,137.59,Pokemon,Coffret,SV05: Temporal Forces,,196.56,230.00,190.00,TCGplayer
Temporal Forces Pokemon Center Elite Trainer Box (Exclusive) [Walking Wake],201.81,210.00,147.00,147.00,Pokemon,Coffret,SV05: Temporal Forces,,201.81,265.50,210.00,TCGplayer
Temporal Forces Sleeved Booster Pack Art Bundle [Set of 4],42.52,44.99,31.49,31.49,Pokemon,Coffret,SV05: Temporal Forces,,42.52,46.49,44.99,TCGplayer
Temporal Forces Sleeved Booster Pack Bundle [Set of 8],85.90,85.90,60.13,60.13,Pokemon,Coffret,SV05: Temporal Forces,,85.90,,,TCGplayer
Twilight Masquerade Booster Bundle,45.99,74.52,52.16,52.16,Pokemon,Coffret,SV06: Twilight Masquerade,45.99,75.08,79.79,73.95,PriceCharting + TCGplayer
Twilight Masquerade Booster Pack Art Bundle [Set of 4],37.25,37.25,26.07,26.07,Pokemon,Coffret,SV06: Twilight Masquerade,,37.25,40.99,36.90,TCGplayer
Twilight Masquerade Build & Battle Box,35.34,59.60,41.72,41.72,Pokemon,Coffret,SV06: Twilight Masquerade,35.34,62.61,63.95,56.59,PriceCharting + TCGplayer
Twilight Masquerade Elite Trainer Box,102.90,103.88,72.72,72.72,Pokemon,Coffret,SV06: Twilight Masquerade,102.90,104.86,120.00,7.99,PriceCharting + TCGplayer
Twilight Masquerade Pokemon Center Elite Trainer Box (Exclusive),187.35,187.35,131.14,131.14,Pokemon,Coffret,SV06: Twilight Masquerade,,187.35,200.00,178.01,TCGplayer
Twilight Masquerade Sleeved Booster Pack Art Bundle [Set of 4],44.07,44.07,30.85,30.85,Pokemon,Coffret,SV06: Twilight Masquerade,,44.07,45.45,39.99,TCGplayer
Stellar Crown Booster Bundle,73.07,73.07,51.15,51.15,Pokemon,Coffret,SV07: Stellar Crown,,73.07,79.45,63.00,TCGplayer
Stellar Crown Build & Battle Box,49.38,49.38,34.57,34.57,Pokemon,Coffret,SV07: Stellar Crown,,49.38,49.99,47.50,TCGplayer
Stellar Crown Elite Trainer Box,156.75,156.75,109.72,109.72,Pokemon,Coffret,SV07: Stellar Crown,,156.75,175.69,151.75,TCGplayer
Stellar Crown Pokemon Center Elite Trainer Box (Exclusive),169.32,169.32,118.52,118.52,Pokemon,Coffret,SV07: Stellar Crown,,169.32,197.99,155.00,TCGplayer
Stellar Crown Sleeved Booster Pack Art Bundle [Set of 4],42.44,42.44,29.71,29.71,Pokemon,Coffret,SV07: Stellar Crown,,42.44,43.00,39.99,TCGplayer
Surging Sparks Booster Bundle (LGS),64.74,64.74,45.32,45.32,Pokemon,Coffret,SV08: Surging Sparks,,64.74,73.99,54.00,TCGplayer
Surging Sparks Booster Bundle (Retail),61.98,61.98,43.39,43.39,Pokemon,Coffret,SV08: Surging Sparks,,61.98,66.98,49.99,TCGplayer
Surging Sparks Booster Pack Art Bundle [Set of 4],34.44,34.44,24.11,24.11,Pokemon,Coffret,SV08: Surging Sparks,,34.44,36.25,32.00,TCGplayer
Surging Sparks Build & Battle Box,60.60,61.66,43.16,43.16,Pokemon,Coffret,SV08: Surging Sparks,60.60,62.72,64.99,20.00,PriceCharting + TCGplayer
Surging Sparks Elite Trainer Box,123.22,122.72,85.90,85.90,Pokemon,Coffret,SV08: Surging Sparks,123.22,122.21,140.00,42.98,PriceCharting + TCGplayer
Surging Sparks Pokemon Center Elite Trainer Box (Exclusive),270.25,270.25,189.17,189.17,Pokemon,Coffret,SV08: Surging Sparks,,270.25,300.00,263.01,TCGplayer
Surging Sparks Sleeved Booster Pack Bundle [Set of 4],43.52,43.52,30.46,30.46,Pokemon,Coffret,SV08: Surging Sparks,,43.52,49.76,42.50,TCGplayer
Journey Together Booster Bundle,44.47,43.88,30.72,30.72,Pokemon,Coffret,SV09: Journey Together,44.47,43.29,47.94,28.96,PriceCharting + TCGplayer
Journey Together Booster Pack Art Bundle [Set of 4],25.24,25.24,17.67,17.67,Pokemon,Coffret,SV09: Journey Together,,25.24,28.00,21.70,TCGplayer
Journey Together Build & Battle Box,36.83,37.56,26.29,26.29,Pokemon,Coffret,SV09: Journey Together,36.83,38.99,38.29,33.90,PriceCharting + TCGplayer
Journey Together Elite Trainer Box,136.72,136.12,95.28,95.28,Pokemon,Coffret,SV09: Journey Together,136.72,135.51,149.95,1.99,PriceCharting + TCGplayer
Journey Together Pokemon Center Elite Trainer Box (Exclusive),194.57,194.57,136.20,136.20,Pokemon,Coffret,SV09: Journey Together,,194.57,229.99,185.00,TCGplayer
Journey Together Sleeved Booster Pack Art Bundle [Set of 4],30.47,30.47,21.33,21.33,Pokemon,Coffret,SV09: Journey Together,,30.47,31.99,26.88,TCGplayer
Destined Rivals Booster Bundle,58.87,61.39,42.98,42.98,Pokemon,Coffret,SV10: Destined Rivals,58.87,63.92,79.99,56.99,PriceCharting + TCGplayer
Destined Rivals Booster Pack Art Bundle [Set of 4],39.34,39.34,27.54,27.54,Pokemon,Coffret,SV10: Destined Rivals,,39.34,41.95,37.00,TCGplayer
Destined Rivals Build & Battle Box,69.00,69.02,48.31,48.31,Pokemon,Coffret,SV10: Destined Rivals,69.00,69.04,75.00,67.49,PriceCharting + TCGplayer
Destined Rivals Elite Trainer Box,119.72,117.58,82.31,82.31,Pokemon,Coffret,SV10: Destined Rivals,119.72,115.44,140.00,35.00,PriceCharting + TCGplayer
Destined Rivals Pokemon Center Elite Trainer Box (Exclusive),426.34,426.34,298.44,298.44,Pokemon,Coffret,SV10: Destined Rivals,,426.34,535.49,369.00,TCGplayer
Destined Rivals Premium Checklane Blister [Gastrodon],18.61,18.30,12.81,12.81,Pokemon,Coffret,SV10: Destined Rivals,,18.61,18.30,15.75,TCGplayer
Destined Rivals Premium Checklane Blister [Rabsca],17.37,17.37,12.16,12.16,Pokemon,Coffret,SV10: Destined Rivals,,17.37,17.99,14.75,TCGplayer
Destined Rivals Sleeved Booster Pack Art Bundle [Set of 4],40.73,40.73,28.51,28.51,Pokemon,Coffret,SV10: Destined Rivals,,40.73,49.99,34.00,TCGplayer
Black Bolt & White Flare Card File Set,91.43,90.33,63.23,63.23,Pokemon,Coffret,SV11B: Black Bolt,,91.43,,89.23,TCGplayer
Pokemon Card 151 Card File Set - Poke Ball,191.28,185.63,129.94,129.94,Pokemon,Coffret,SV2a: Pokemon Card 151,,191.28,,179.99,TCGplayer
"Pokemon Card 151 Card File Set - Venusaur, Charizard, Blastoise",193.10,186.55,130.58,130.58,Pokemon,Coffret,SV2a: Pokemon Card 151,,193.10,,179.99,TCGplayer
Collection File Set Lillie,52.17,51.09,35.76,35.76,Pokemon,Coffret,SV9: Battle Partners,,52.17,,50.00,TCGplayer
Collection File Set N,86.49,86.24,60.37,60.37,Pokemon,Coffret,SV9: Battle Partners,,86.49,,85.99,TCGplayer
Black Bolt Binder & Unova Poster Collection (Sam's Club),126.13,126.13,88.29,88.29,Pokemon,Coffret,SV: Black Bolt,,126.13,140.00,124.13,TCGplayer
Black Bolt Binder Collection,82.50,81.72,57.20,57.20,Pokemon,Coffret,SV: Black Bolt,82.50,80.95,82.49,9.99,PriceCharting + TCGplayer
Black Bolt Booster Bundle,96.30,96.12,67.29,67.29,Pokemon,Coffret,SV: Black Bolt,96.30,95.95,100.50,71.60,PriceCharting + TCGplayer
Black Bolt Elite Trainer Box,154.76,158.71,111.10,111.10,Pokemon,Coffret,SV: Black Bolt,154.76,162.67,172.97,28.99,PriceCharting + TCGplayer
Black Bolt Pokemon Center Elite Trainer Box (Exclusive),268.87,268.87,188.21,188.21,Pokemon,Coffret,SV: Black Bolt,,268.87,300.00,250.00,TCGplayer
Black Bolt Tech Sticker Collection,45.35,50.76,35.53,35.53,Pokemon,Coffret,SV: Black Bolt,45.35,50.52,54.99,51.00,PriceCharting + TCGplayer
Unova Heavy Hitters Premium Collection,175.02,175.02,122.51,122.51,Pokemon,Coffret,SV: Black Bolt,,175.02,185.94,145.00,TCGplayer
Unova Mini Tin [Alomomola & Axew],31.37,33.52,23.47,23.47,Pokemon,Coffret,SV: Black Bolt,31.37,25.96,40.00,35.68,PriceCharting + TCGplayer
Unova Mini Tin [Chandelure & Zorua],32.91,38.93,27.25,27.25,Pokemon,Coffret,SV: Black Bolt,32.91,30.73,49.94,44.95,PriceCharting + TCGplayer
Unova Mini Tin [Elektross & Galvantula],21.88,23.32,16.32,16.32,Pokemon,Coffret,SV: Black Bolt,21.88,24.76,37.73,11.00,PriceCharting + TCGplayer
Unova Mini Tin [Garbodor & Amoonguss],28.49,29.74,20.82,20.82,Pokemon,Coffret,SV: Black Bolt,28.49,26.38,39.99,31.00,PriceCharting + TCGplayer
Unova Mini Tin [Krookodile & Excadrill],35.58,37.12,25.98,25.98,Pokemon,Coffret,SV: Black Bolt,35.58,28.61,38.67,38.66,PriceCharting + TCGplayer
Unova Mini Tin [Lilligant & Whimsicot],29.68,31.84,22.29,22.29,Pokemon,Coffret,SV: Black Bolt,29.68,25.18,54.99,34.00,PriceCharting + TCGplayer
Unova Mini Tin [Mienshao & Klinklang],31.06,33.14,23.20,23.20,Pokemon,Coffret,SV: Black Bolt,31.06,25.73,39.86,35.23,PriceCharting + TCGplayer
Unova Mini Tin [Volcarona & Emolga],31.64,40.81,28.57,28.57,Pokemon,Coffret,SV: Black Bolt,31.64,25.57,50.00,49.98,PriceCharting + TCGplayer
Unova Poster Collection,45.68,46.02,32.22,32.22,Pokemon,Coffret,SV: Black Bolt,45.68,46.37,51.37,1.98,PriceCharting + TCGplayer
Unova Victini Illustration Collection,70.93,71.34,49.94,49.94,Pokemon,Coffret,SV: Black Bolt,70.93,71.75,74.99,58.99,PriceCharting + TCGplayer
ex Special Set,66.00,73.00,51.10,51.10,Pokemon,Coffret,SV: ex Special Set,,66.00,,80.00,TCGplayer
Paldean Fates Booster Bundle,169.25,172.26,120.58,120.58,Pokemon,Coffret,SV: Paldean Fates,169.25,175.27,189.98,25.00,PriceCharting + TCGplayer
Paldean Fates Booster Pack Art Bundle [Set of 4],97.39,97.39,68.17,68.17,Pokemon,Coffret,SV: Paldean Fates,,97.39,99.47,94.99,TCGplayer
Paldean Fates Elite Trainer Box,432.75,432.94,303.06,303.06,Pokemon,Coffret,SV: Paldean Fates,432.75,433.14,509.00,59.99,PriceCharting + TCGplayer
Paldean Fates Great Tusk ex & Iron Treads ex Premium Collection,243.90,246.93,172.85,172.85,Pokemon,Coffret,SV: Paldean Fates,243.90,243.13,274.99,249.95,PriceCharting + TCGplayer
Paldean Fates International Tin [Charizard ex],141.05,156.44,109.50,109.50,Pokemon,Coffret,SV: Paldean Fates,141.05,152.88,185.00,159.99,PriceCharting + TCGplayer
Paldean Fates International Tin [Iron Treads ex],131.00,120.50,84.35,84.35,Pokemon,Coffret,SV: Paldean Fates,131.00,139.95,110.00,109.00,PriceCharting + TCGplayer
Paldean Fates International Tins [Set of 3],462.50,462.50,323.75,323.75,Pokemon,Coffret,SV: Paldean Fates,,462.50,485.00,269.69,TCGplayer
Paldean Fates Mini Tin [Flamigo],42.09,45.01,31.50,31.50,Pokemon,Coffret,SV: Paldean Fates,42.09,47.92,68.45,10.99,PriceCharting + TCGplayer
Paldean Fates Mini Tin [Maushold],87.71,87.79,61.46,61.46,Pokemon,Coffret,SV: Paldean Fates,87.71,87.88,89.50,81.31,PriceCharting + TCGplayer
Paldean Fates Mini Tin [Smoliv],67.99,67.47,47.23,47.23,Pokemon,Coffret,SV: Paldean Fates,67.99,57.96,74.00,66.95,PriceCharting + TCGplayer
Paldean Fates Mini Tin [Tinkatink],53.00,60.98,42.68,42.68,Pokemon,Coffret,SV: Paldean Fates,53.00,50.63,95.00,68.95,PriceCharting + TCGplayer
Paldean Fates Pokemon Center Elite Trainer Box (Exclusive),564.50,564.50,395.15,395.15,Pokemon,Coffret,SV: Paldean Fates,,564.50,649.99,544.99,TCGplayer
Paldean Fates Premium Collection [Meowscarada ex],224.54,257.00,179.90,179.90,Pokemon,Coffret,SV: Paldean Fates,,224.54,369.97,257.00,TCGplayer
Paldean Fates Premium Collection [Quaquaval ex],223.36,241.96,169.37,169.37,Pokemon,Coffret,SV: Paldean Fates,,223.36,269.99,241.96,TCGplayer
Paldean Fates Premium Collection [Set of 3],790.82,798.00,558.60,558.60,Pokemon,Coffret,SV: Paldean Fates,,790.82,830.00,798.00,TCGplayer
Paldean Fates Premium Collection [Skeledirge ex],238.41,249.99,174.99,174.99,Pokemon,Coffret,SV: Paldean Fates,,238.41,299.99,249.99,TCGplayer
Paldean Fates Tech Sticker Collection [Fidough],72.00,72.06,50.44,50.44,Pokemon,Coffret,SV: Paldean Fates,72.00,72.11,76.65,64.99,PriceCharting + TCGplayer
Paldean Fates Tech Sticker Collection [Greavard],74.15,73.09,51.17,51.17,Pokemon,Coffret,SV: Paldean Fates,74.15,72.04,79.95,71.52,PriceCharting + TCGplayer
Paldean Fates Tech Sticker Collection [Maschiff],71.49,71.77,50.24,50.24,Pokemon,Coffret,SV: Paldean Fates,71.49,72.04,74.42,4.00,PriceCharting + TCGplayer
Paldean Fates Tin [Charizard ex],201.86,201.86,141.30,141.30,Pokemon,Coffret,SV: Paldean Fates,,201.86,219.95,199.99,TCGplayer
Paldean Fates Tin [Great Tusk ex],128.57,139.99,97.99,97.99,Pokemon,Coffret,SV: Paldean Fates,,128.57,159.49,139.99,TCGplayer
Paldean Fates Tin [Iron Treads ex],123.61,134.99,94.49,94.49,Pokemon,Coffret,SV: Paldean Fates,,123.61,138.99,134.99,TCGplayer
Premium Trainer Box ex,89.71,102.85,71.99,71.99,Pokemon,Coffret,SV: Premium Trainer Box ex,,89.71,,115.99,TCGplayer
Prismatic Evolutions 2-Pack Blister [Eevee],36.88,36.88,25.82,25.82,Pokemon,Coffret,SV: Prismatic Evolutions,,36.88,44.64,1.50,TCGplayer
Prismatic Evolutions Accessory Pouch Special Collection,75.73,77.44,54.21,54.21,Pokemon,Coffret,SV: Prismatic Evolutions,75.73,79.16,84.58,11.99,PriceCharting + TCGplayer
Prismatic Evolutions Binder Collection,107.18,109.58,76.70,76.70,Pokemon,Coffret,SV: Prismatic Evolutions,107.18,111.97,116.99,19.99,PriceCharting + TCGplayer
Prismatic Evolutions Booster Bundle,86.27,86.38,60.46,60.46,Pokemon,Coffret,SV: Prismatic Evolutions,86.27,86.48,99.99,5.00,PriceCharting + TCGplayer
Prismatic Evolutions Booster Bundle + Surprise Box Bundle (Sam's Club),149.00,149.00,104.30,104.30,Pokemon,Coffret,SV: Prismatic Evolutions,,149.00,160.00,7.00,TCGplayer
Prismatic Evolutions Booster Pack Art Bundle [Set of 4],59.51,59.51,41.66,41.66,Pokemon,Coffret,SV: Prismatic Evolutions,,59.51,59.95,58.00,TCGplayer
Prismatic Evolutions Elite Trainer Box,141.32,139.56,97.69,97.69,Pokemon,Coffret,SV: Prismatic Evolutions,141.32,137.79,185.00,1.99,PriceCharting + TCGplayer
Prismatic Evolutions Elite Trainer Box (Dollar General Exclusive),199.49,195.00,136.50,136.50,Pokemon,Coffret,SV: Prismatic Evolutions,,199.49,195.00,184.90,TCGplayer
Prismatic Evolutions Mini Tin [Espeon],37.49,38.03,26.62,26.62,Pokemon,Coffret,SV: Prismatic Evolutions,37.49,38.58,38.82,12.00,PriceCharting + TCGplayer
Prismatic Evolutions Mini Tin [Flareon],33.00,33.22,23.25,23.25,Pokemon,Coffret,SV: Prismatic Evolutions,33.00,33.44,36.98,2.99,PriceCharting + TCGplayer
Prismatic Evolutions Mini Tin [Glaceon],36.99,37.02,25.91,25.91,Pokemon,Coffret,SV: Prismatic Evolutions,36.99,37.04,42.00,10.99,PriceCharting + TCGplayer
Prismatic Evolutions Mini Tin [Jolteon],34.00,34.12,23.89,23.89,Pokemon,Coffret,SV: Prismatic Evolutions,34.00,34.25,36.99,10.99,PriceCharting + TCGplayer
Prismatic Evolutions Mini Tin [Leafeon],35.00,35.94,25.16,25.16,Pokemon,Coffret,SV: Prismatic Evolutions,35.00,36.88,40.49,7.00,PriceCharting + TCGplayer
Prismatic Evolutions Mini Tin [Sylveon],41.91,42.49,29.75,29.75,Pokemon,Coffret,SV: Prismatic Evolutions,41.91,43.08,44.00,15.99,PriceCharting + TCGplayer
Prismatic Evolutions Mini Tin [Umbreon],40.97,41.17,28.82,28.82,Pokemon,Coffret,SV: Prismatic Evolutions,40.97,41.38,41.41,12.00,PriceCharting + TCGplayer
Prismatic Evolutions Mini Tin [Vaporeon],37.08,38.31,26.82,26.82,Pokemon,Coffret,SV: Prismatic Evolutions,37.08,39.54,40.89,17.00,PriceCharting + TCGplayer
Prismatic Evolutions Pokemon Center Elite Trainer Box (Exclusive),410.57,410.57,287.40,287.40,Pokemon,Coffret,SV: Prismatic Evolutions,,410.57,550.00,85.00,TCGplayer
Prismatic Evolutions Poster Collection,40.54,40.54,28.38,28.38,Pokemon,Coffret,SV: Prismatic Evolutions,,40.54,44.99,0.12,TCGplayer
Prismatic Evolutions Premium Figure Collection,217.50,219.14,153.40,153.40,Pokemon,Coffret,SV: Prismatic Evolutions,217.50,220.78,260.99,23.94,PriceCharting + TCGplayer
Prismatic Evolutions Sleeved Booster Pack Art Bundle [Set of 4],69.99,69.99,48.99,48.99,Pokemon,Coffret,SV: Prismatic Evolutions,,,69.99,69.99,TCGplayer
Prismatic Evolutions Super-Premium Collection,255.24,255.24,178.67,178.67,Pokemon,Coffret,SV: Prismatic Evolutions,,255.24,318.60,35.00,TCGplayer
Prismatic Evolutions Surprise Box,68.24,67.61,47.33,47.33,Pokemon,Coffret,SV: Prismatic Evolutions,68.24,66.99,74.99,5.00,PriceCharting + TCGplayer
Prismatic Evolutions Tech Sticker Collection [Glaceon],43.23,42.98,30.09,30.09,Pokemon,Coffret,SV: Prismatic Evolutions,43.23,42.73,47.00,4.95,PriceCharting + TCGplayer
Prismatic Evolutions Tech Sticker Collection [Leafeon],45.22,43.48,30.44,30.44,Pokemon,Coffret,SV: Prismatic Evolutions,45.22,41.97,45.00,35.29,PriceCharting + TCGplayer
Prismatic Evolutions Tech Sticker Collection [Set of 3],126.90,130.00,91.00,91.00,Pokemon,Coffret,SV: Prismatic Evolutions,,126.90,139.99,130.00,TCGplayer
Prismatic Evolutions Tech Sticker Collection [Sylveon],44.73,45.29,31.70,31.70,Pokemon,Coffret,SV: Prismatic Evolutions,44.73,45.85,49.98,4.99,PriceCharting + TCGplayer
151 Binder Collection,228.52,228.52,159.96,159.96,Pokemon,Coffret,SV: Scarlet & Violet 151,,228.52,242.29,60.00,TCGplayer
151 Booster Bundle,169.62,169.62,118.73,118.73,Pokemon,Coffret,SV: Scarlet & Violet 151,,169.62,200.00,25.00,TCGplayer
151 Elite Trainer Box,491.68,491.68,344.18,344.18,Pokemon,Coffret,SV: Scarlet & Violet 151,,491.68,607.50,59.88,TCGplayer
151 Mini Tin [Arcanine & Omanyte],54.77,54.77,38.34,38.34,Pokemon,Coffret,SV: Scarlet & Violet 151,,54.77,58.99,5.98,TCGplayer
151 Mini Tin [Dragonite & Vileplume],57.12,57.12,39.98,39.98,Pokemon,Coffret,SV: Scarlet & Violet 151,,57.12,58.48,5.98,TCGplayer
151 Mini Tin [Electabuzz & Magnemites],51.40,51.40,35.98,35.98,Pokemon,Coffret,SV: Scarlet & Violet 151,,51.40,55.00,2.50,TCGplayer
151 Mini Tin [Gengar & Poliwag],59.74,59.74,41.82,41.82,Pokemon,Coffret,SV: Scarlet & Violet 151,,59.74,63.92,5.98,TCGplayer
151 Mini Tin [Hitmonchan & Meowth],52.07,52.07,36.45,36.45,Pokemon,Coffret,SV: Scarlet & Violet 151,,52.07,56.10,4.99,TCGplayer
151 Mini Tin [Hitmonlee & Kadabra],51.92,51.92,36.34,36.34,Pokemon,Coffret,SV: Scarlet & Violet 151,,51.92,55.00,3.98,TCGplayer
151 Mini Tin [Machamp & Cubone],52.51,52.51,36.76,36.76,Pokemon,Coffret,SV: Scarlet & Violet 151,,52.51,56.99,5.99,TCGplayer
151 Mini Tin [Magneton & Ekans],50.73,50.73,35.51,35.51,Pokemon,Coffret,SV: Scarlet & Violet 151,,50.73,58.34,2.50,TCGplayer
151 Mini Tin [Slowpoke & Sandshrew],51.57,51.57,36.10,36.10,Pokemon,Coffret,SV: Scarlet & Violet 151,,51.57,57.19,5.99,TCGplayer
151 Mini Tin [Weezing & Scyther],52.48,52.48,36.74,36.74,Pokemon,Coffret,SV: Scarlet & Violet 151,,52.48,55.00,5.98,TCGplayer
151 Pokemon Center Elite Trainer Box (Exclusive),1264.45,1264.45,885.12,885.12,Pokemon,Coffret,SV: Scarlet & Violet 151,,1264.45,1374.99,950.00,TCGplayer
151 Poster Collection,86.13,86.13,60.29,60.29,Pokemon,Coffret,SV: Scarlet & Violet 151,,86.13,89.69,0.99,TCGplayer
151 Ultra-Premium Collection,875.97,879.99,615.99,615.99,Pokemon,Coffret,SV: Scarlet & Violet 151,,875.97,1100.00,879.99,TCGplayer
151: Alakazam ex Collection,118.34,118.34,82.84,82.84,Pokemon,Coffret,SV: Scarlet & Violet 151,,118.34,120.00,105.00,TCGplayer
151: Zapdos ex Collection,120.85,120.85,84.59,84.59,Pokemon,Coffret,SV: Scarlet & Violet 151,,120.85,124.99,114.98,TCGplayer
Blooming Waters Premium Collection,336.49,336.49,235.54,235.54,Pokemon,Coffret,SV: Scarlet & Violet 151,,336.49,398.49,322.95,TCGplayer
Costco Scarlet & Violet 151 Zapdos ex & Alakazam ex Bundle,424.00,386.50,270.55,270.55,Pokemon,Coffret,SV: Scarlet & Violet 151,,,424.00,349.00,TCGplayer
Greninja ex Special Illustration Collection,212.61,212.52,148.76,148.76,Pokemon,Coffret,SV: Shrouded Fable,212.61,212.43,219.50,181.90,PriceCharting + TCGplayer
Kingambit Illustration Collection,50.49,51.78,36.25,36.25,Pokemon,Coffret,SV: Shrouded Fable,50.49,53.08,56.95,50.00,PriceCharting + TCGplayer
Kingdra ex Special Illustration Collection,183.50,182.75,127.92,127.92,Pokemon,Coffret,SV: Shrouded Fable,183.50,182.00,200.00,151.91,PriceCharting + TCGplayer
Shrouded Fable Booster Bundle,58.00,58.81,41.17,41.17,Pokemon,Coffret,SV: Shrouded Fable,58.00,59.63,64.99,45.99,PriceCharting + TCGplayer
Shrouded Fable Elite Trainer Box,108.44,110.53,77.37,77.37,Pokemon,Coffret,SV: Shrouded Fable,108.44,112.61,126.00,100.00,PriceCharting + TCGplayer
Shrouded Fable Mini Tin (Fezandipiti),21.99,25.77,18.04,18.04,Pokemon,Coffret,SV: Shrouded Fable,21.99,23.58,33.98,27.96,PriceCharting + TCGplayer
Shrouded Fable Mini Tin (Munkidori),19.96,19.71,13.80,13.80,Pokemon,Coffret,SV: Shrouded Fable,19.96,19.47,,,PriceCharting + TCGplayer
Shrouded Fable Mini Tin (Okidogi),23.74,23.70,16.59,16.59,Pokemon,Coffret,SV: Shrouded Fable,23.74,23.66,,,PriceCharting + TCGplayer
Shrouded Fable Mini Tin (Zoroark),34.67,33.47,23.43,23.43,Pokemon,Coffret,SV: Shrouded Fable,34.67,32.27,,,PriceCharting + TCGplayer
Shrouded Fable Pokemon Center Elite Trainer Box (Exclusive),166.31,166.31,116.42,116.42,Pokemon,Coffret,SV: Shrouded Fable,,166.31,199.97,150.00,TCGplayer
White Flare Binder & Unova Poster Collection (Sam's Club),122.47,122.47,85.73,85.73,Pokemon,Coffret,SV: White Flare,,122.47,134.99,120.00,TCGplayer
White Flare Binder Collection,79.75,76.58,53.60,53.60,Pokemon,Coffret,SV: White Flare,79.75,73.40,79.98,9.99,PriceCharting + TCGplayer
White Flare Booster Bundle,88.32,90.36,63.25,63.25,Pokemon,Coffret,SV: White Flare,88.32,92.40,92.68,69.97,PriceCharting + TCGplayer
White Flare Elite Trainer Box,144.40,144.80,101.36,101.36,Pokemon,Coffret,SV: White Flare,144.40,145.19,160.00,20.00,PriceCharting + TCGplayer
White Flare Pokemon Center Elite Trainer Box (Exclusive),236.38,236.38,165.47,165.47,Pokemon,Coffret,SV: White Flare,,236.38,275.99,200.00,TCGplayer
White Flare Tech Sticker Collection,44.76,46.66,32.67,32.67,Pokemon,Coffret,SV: White Flare,44.76,48.57,52.00,40.00,PriceCharting + TCGplayer
Galar Partners Box [Cinderace V],162.73,199.00,139.30,139.30,Pokemon,Coffret,SWSH01: Sword & Shield Base Set,,162.73,199.00,199.00,TCGplayer
Galar Partners Box [Inteleon V],166.50,183.00,128.10,128.10,Pokemon,Coffret,SWSH01: Sword & Shield Base Set,,166.50,189.99,183.00,TCGplayer
Galar Partners Box [Rillaboom V],193.99,193.99,135.79,135.79,Pokemon,Coffret,SWSH01: Sword & Shield Base Set,,193.99,,,TCGplayer
Galar Partners International Tin [Cinderace V],150.00,130.00,91.00,91.00,Pokemon,Coffret,SWSH01: Sword & Shield Base Set,,,150.00,110.00,TCGplayer
Galar Partners International Tin [Inteleon V],147.50,128.75,90.12,90.12,Pokemon,Coffret,SWSH01: Sword & Shield Base Set,,,147.50,110.00,TCGplayer
Galar Partners International Tin [Rillaboom V],110.00,110.00,77.00,77.00,Pokemon,Coffret,SWSH01: Sword & Shield Base Set,,,110.00,110.00,TCGplayer
Galar Partners Tin [Cinderace V],300.00,300.00,210.00,210.00,Pokemon,Coffret,SWSH01: Sword & Shield Base Set,,,300.00,300.00,TCGplayer
Galar Partners Tin [Inteleon V],249.97,224.96,157.47,157.47,Pokemon,Coffret,SWSH01: Sword & Shield Base Set,,,249.97,199.95,TCGplayer
Galar Partners Tin [Rillaboom V],184.99,177.49,124.24,124.24,Pokemon,Coffret,SWSH01: Sword & Shield Base Set,,,184.99,169.99,TCGplayer
Legends of Galar Tin + Galar Partners Tin 2-pack [Zacian V/Cinderace V] (Retail Exclusive),179.99,179.99,125.99,125.99,Pokemon,Coffret,SWSH01: Sword & Shield Base Set,,,179.99,179.99,TCGplayer
Legends of Galar Tin + Galar Partners Tin 2-pack [Zacian V/Inteleon V] (Retail Exclusive),179.99,179.99,125.99,125.99,Pokemon,Coffret,SWSH01: Sword & Shield Base Set,,,179.99,179.99,TCGplayer
Legends of Galar Tin + Galar Partners Tin 2-pack [Zacian V/Rillaboom V] (Retail Exclusive),179.99,200.00,140.00,140.00,Pokemon,Coffret,SWSH01: Sword & Shield Base Set,,179.99,300.00,200.00,TCGplayer
Legends of Galar Tin + Galar Partners Tin 2-pack [Zamazenta V/Cinderace V] (Retail Exclusive),250.00,250.00,175.00,175.00,Pokemon,Coffret,SWSH01: Sword & Shield Base Set,,,250.00,250.00,TCGplayer
Legends of Galar Tin + Galar Partners Tin 2-pack [Zamazenta V/Inteleon V] (Retail Exclusive),179.99,349.99,244.99,244.99,Pokemon,Coffret,SWSH01: Sword & Shield Base Set,,179.99,349.99,349.99,TCGplayer
Legends of Galar Tin + Galar Partners Tin 2-pack [Zamazenta V/Rillaboom V] (Retail Exclusive),300.00,275.00,192.50,192.50,Pokemon,Coffret,SWSH01: Sword & Shield Base Set,,,300.00,250.00,TCGplayer
Snorlax Pin Collection,160.00,319.95,223.96,223.96,Pokemon,Coffret,SWSH01: Sword & Shield Base Set,,160.00,319.95,319.95,TCGplayer
Spring 2020 Collector's Chest Tin,148.97,189.99,132.99,132.99,Pokemon,Coffret,SWSH01: Sword & Shield Base Set,,148.97,240.00,189.99,TCGplayer
Sword & Shield Elite Trainer Box [Set of 2],365.39,365.39,255.77,255.77,Pokemon,Coffret,SWSH01: Sword & Shield Base Set,,365.39,385.49,314.99,TCGplayer
Sword & Shield Elite Trainer Box [Zacian],171.89,171.89,120.32,120.32,Pokemon,Coffret,SWSH01: Sword & Shield Base Set,,171.89,198.00,145.00,TCGplayer
Sword & Shield Elite Trainer Box [Zamazenta],169.91,169.91,118.94,118.94,Pokemon,Coffret,SWSH01: Sword & Shield Base Set,,169.91,184.49,150.00,TCGplayer
Sword and Shield Base Set Booster Pack Art Bundle [Set of 4],50.78,50.78,35.55,35.55,Pokemon,Coffret,SWSH01: Sword & Shield Base Set,,50.78,52.95,48.95,TCGplayer
Sword And Shield Base Set Sleeved Booster Pack Art Bundle [Set of 4],53.74,53.74,37.62,37.62,Pokemon,Coffret,SWSH01: Sword & Shield Base Set,,53.74,57.00,50.00,TCGplayer
Toxtricity V Box,145.00,145.00,101.50,101.50,Pokemon,Coffret,SWSH01: Sword & Shield Base Set,,145.00,,,TCGplayer
Copperajah V Box,102.95,199.99,139.99,139.99,Pokemon,Coffret,SWSH02: Rebel Clash,,102.95,220.00,199.99,TCGplayer
Legends of Galar Tin [Set of 2],240.46,210.71,147.50,147.50,Pokemon,Coffret,SWSH02: Rebel Clash,,,240.46,180.96,TCGplayer
Legends of Galar Tin [Zacian V],59.11,131.81,92.27,92.27,Pokemon,Coffret,SWSH02: Rebel Clash,59.11,63.63,275.00,200.00,PriceCharting + TCGplayer
Legends of Galar Tin [Zacian V] (International Version),89.98,89.97,62.98,62.98,Pokemon,Coffret,SWSH02: Rebel Clash,,,89.98,89.97,TCGplayer
Legends of Galar Tin [Zamazenta V],68.72,90.00,63.00,63.00,Pokemon,Coffret,SWSH02: Rebel Clash,,68.72,90.47,90.00,TCGplayer
Legends of Galar Tin [Zamazenta V] (International Version),84.00,84.00,58.80,58.80,Pokemon,Coffret,SWSH02: Rebel Clash,,,84.00,84.00,TCGplayer
Rebel Clash Booster Pack Art Bundle [Set of 4],37.28,59.95,41.96,41.96,Pokemon,Coffret,SWSH02: Rebel Clash,,37.28,59.95,59.95,TCGplayer
Rebel Clash Elite Trainer Box,275.67,315.40,220.78,220.78,Pokemon,Coffret,SWSH02: Rebel Clash,275.67,328.81,376.48,302.00,PriceCharting + TCGplayer
Sword & Shield Figure Collection,241.63,289.00,202.30,202.30,Pokemon,Coffret,SWSH02: Rebel Clash,,241.63,299.97,289.00,TCGplayer
Darkness Ablaze Booster Pack Art Bundle [Set of 4],43.87,42.00,29.40,29.40,Pokemon,Coffret,SWSH03: Darkness Ablaze,,43.87,42.00,42.00,TCGplayer
Darkness Ablaze Build & Battle Box,57.00,58.58,41.01,41.01,Pokemon,Coffret,SWSH03: Darkness Ablaze,57.00,58.21,74.48,58.95,PriceCharting + TCGplayer
Darkness Ablaze Elite Trainer Box,112.97,118.56,82.99,82.99,Pokemon,Coffret,SWSH03: Darkness Ablaze,112.97,116.12,150.00,121.00,PriceCharting + TCGplayer
Darkness Ablaze Sleeved Booster Pack Art Bundle [Set of 4],43.71,49.40,34.58,34.58,Pokemon,Coffret,SWSH03: Darkness Ablaze,,43.71,50.00,49.40,TCGplayer
Galarian Sirfetch'd V Box,90.41,118.99,83.29,83.29,Pokemon,Coffret,SWSH03: Darkness Ablaze,,90.41,127.09,118.99,TCGplayer
True Steel Premium Collection [Zacian],328.54,373.99,261.79,261.79,Pokemon,Coffret,SWSH03: Darkness Ablaze,,328.54,398.99,373.99,TCGplayer
True Steel Premium Collection [Zamazenta],425.00,412.50,288.75,288.75,Pokemon,Coffret,SWSH03: Darkness Ablaze,,,425.00,399.99,TCGplayer
Galar Sidekicks Premium Collection,264.00,264.00,184.80,184.80,Pokemon,Coffret,SWSH04: Vivid Voltage,264.00,264.00,,,PriceCharting + TCGplayer
Orbeetle V Box,68.34,75.00,52.50,52.50,Pokemon,Coffret,SWSH04: Vivid Voltage,,68.34,99.99,75.00,TCGplayer
Sword & Shield Elite Trainer Box Plus [Zacian],243.37,243.37,170.36,170.36,Pokemon,Coffret,SWSH04: Vivid Voltage,,243.37,264.00,2.99,TCGplayer
Sword & Shield Elite Trainer Box Plus [Zamazenta],232.52,232.52,162.76,162.76,Pokemon,Coffret,SWSH04: Vivid Voltage,,232.52,265.99,229.83,TCGplayer
Vivid Voltage Booster Pack Art Bundle [Set of 4],38.82,40.00,28.00,28.00,Pokemon,Coffret,SWSH04: Vivid Voltage,,38.82,47.97,40.00,TCGplayer
Vivid Voltage Build & Battle Box,58.00,64.22,44.95,44.95,Pokemon,Coffret,SWSH04: Vivid Voltage,58.00,58.45,75.97,69.99,PriceCharting + TCGplayer
Vivid Voltage Elite Trainer Box,130.00,131.96,92.37,92.37,Pokemon,Coffret,SWSH04: Vivid Voltage,130.00,133.92,162.59,130.00,PriceCharting + TCGplayer
Vivid Voltage Sleeved Booster Pack Art Bundle [Set of 4],40.85,42.98,30.09,30.09,Pokemon,Coffret,SWSH04: Vivid Voltage,,40.85,46.45,42.98,TCGplayer
Battle Styles Booster Pack Art Bundle [Set of 4],39.82,45.00,31.50,31.50,Pokemon,Coffret,SWSH05: Battle Styles,,39.82,47.24,45.00,TCGplayer
Battle Styles Build & Battle Box,47.26,48.61,34.03,34.03,Pokemon,Coffret,SWSH05: Battle Styles,47.26,49.23,55.00,48.00,PriceCharting + TCGplayer
Battle Styles Elite Trainer Box [Set of 2],247.60,250.00,175.00,175.00,Pokemon,Coffret,SWSH05: Battle Styles,,247.60,277.50,250.00,TCGplayer
Battle Styles Sleeved Booster Pack Art Bundle [Set of 4],42.23,47.39,33.17,33.17,Pokemon,Coffret,SWSH05: Battle Styles,,42.23,47.74,47.39,TCGplayer
Galarian Rapidash V Box,92.69,122.00,85.40,85.40,Pokemon,Coffret,SWSH05: Battle Styles,,92.69,137.19,122.00,TCGplayer
Rapid Strike Urshifu V Box,43.08,54.99,38.49,38.49,Pokemon,Coffret,SWSH05: Battle Styles,,43.08,66.97,54.99,TCGplayer
Single Strike Urshifu V Box,39.77,50.00,35.00,35.00,Pokemon,Coffret,SWSH05: Battle Styles,,39.77,64.89,50.00,TCGplayer
Spring 2021 Collector's Chest Tin,59.25,69.95,48.96,48.96,Pokemon,Coffret,SWSH05: Battle Styles,,59.25,74.99,69.95,TCGplayer
V Strikers Tin [Empoleon V],88.98,88.98,62.29,62.29,Pokemon,Coffret,SWSH05: Battle Styles,,88.98,122.47,7.00,TCGplayer
V Strikers Tin [Set of 2],144.64,144.64,101.25,101.25,Pokemon,Coffret,SWSH05: Battle Styles,,144.64,175.00,144.64,TCGplayer
V Strikers Tin [Tyranitar V],101.32,101.32,70.92,70.92,Pokemon,Coffret,SWSH05: Battle Styles,,101.32,104.99,7.00,TCGplayer
V Strikers Tin [Tyranitar V] (International Version),52.00,52.00,36.40,36.40,Pokemon,Coffret,SWSH05: Battle Styles,,52.00,,,TCGplayer
Chilling Reign Build & Battle Box,61.17,59.98,41.98,41.98,Pokemon,Coffret,SWSH06: Chilling Reign,61.17,58.78,64.06,54.00,PriceCharting + TCGplayer
Chilling Reign Elite Trainer Box [Ice Rider Calyrex],140.67,140.67,98.47,98.47,Pokemon,Coffret,SWSH06: Chilling Reign,,140.67,170.00,130.00,TCGplayer
Chilling Reign Elite Trainer Box [Set of 2],302.23,302.23,211.56,211.56,Pokemon,Coffret,SWSH06: Chilling Reign,,302.23,325.00,275.00,TCGplayer
Chilling Reign Elite Trainer Box [Shadow Rider Calyrex],152.04,152.04,106.43,106.43,Pokemon,Coffret,SWSH06: Chilling Reign,,152.04,160.00,136.99,TCGplayer
Chilling Reign Pokemon Center Elite Trainer Box [Ice Rider Calyrex] (Exclusive),203.55,203.55,142.48,142.48,Pokemon,Coffret,SWSH06: Chilling Reign,,203.55,242.86,179.99,TCGplayer
Chilling Reign Pokemon Center Elite Trainer Box [Shadow Rider Calyrex] (Exclusive),191.56,191.56,134.09,134.09,Pokemon,Coffret,SWSH06: Chilling Reign,,191.56,234.99,169.99,TCGplayer
Chilling Reign Sleeved Booster Pack Art Bundle [Set of 5],99.99,99.99,69.99,69.99,Pokemon,Coffret,SWSH06: Chilling Reign,,99.99,100.00,99.00,TCGplayer
Chilling Reign Sleeved Booster Pack Bundle [Set of 10],215.00,215.00,150.50,150.50,Pokemon,Coffret,SWSH06: Chilling Reign,,,215.00,215.00,TCGplayer
Ice Rider Calyrex V Box,51.14,65.00,45.50,45.50,Pokemon,Coffret,SWSH06: Chilling Reign,,51.14,80.00,65.00,TCGplayer
Shadow Rider Calyrex V Box,50.67,50.67,35.47,35.47,Pokemon,Coffret,SWSH06: Chilling Reign,,50.67,73.48,46.99,TCGplayer
Evolving Skies 3 Pack Hanger Box,166.22,199.99,139.99,139.99,Pokemon,Coffret,SWSH07: Evolving Skies,,166.22,446.81,199.99,TCGplayer
Evolving Skies Booster Pack Art Bundle [Set of 4],169.74,170.44,119.31,119.31,Pokemon,Coffret,SWSH07: Evolving Skies,,169.74,195.90,170.44,TCGplayer
Evolving Skies Build & Battle Box,272.35,329.00,230.30,230.30,Pokemon,Coffret,SWSH07: Evolving Skies,272.35,333.00,381.56,325.00,PriceCharting + TCGplayer
Evolving Skies Build & Battle Stadium,620.00,651.42,456.00,456.00,Pokemon,Coffret,SWSH07: Evolving Skies,620.00,657.85,741.86,645.00,PriceCharting + TCGplayer
Evolving Skies Elite Trainer Box [Flareon/Jolteon/Umbreon/Leafeon],569.58,569.58,398.71,398.71,Pokemon,Coffret,SWSH07: Evolving Skies,,569.58,600.00,59.99,TCGplayer
Evolving Skies Elite Trainer Box [Glaceon/Vaporeon/Sylveon/Espeon],498.51,498.51,348.96,348.96,Pokemon,Coffret,SWSH07: Evolving Skies,,498.51,540.99,445.01,TCGplayer
Evolving Skies Elite Trainer Box [Set of 2],1089.62,1089.62,762.73,762.73,Pokemon,Coffret,SWSH07: Evolving Skies,,1089.62,1100.00,1057.00,TCGplayer
Evolving Skies Pokemon Center Elite Trainer Box [Glaceon/Vaporeon/Sylveon/Espeon] (Exclusive),1045.99,1045.99,732.19,732.19,Pokemon,Coffret,SWSH07: Evolving Skies,,1045.99,1500.00,950.00,TCGplayer
Evolving Skies Pokemon Center Elite Trainer Box [Jolteon/Flareon/Umbreon/Leafeon] (Exclusive),1060.06,1060.06,742.04,742.04,Pokemon,Coffret,SWSH07: Evolving Skies,,1060.06,1450.00,899.99,TCGplayer
Evolving Skies Pokemon Center Elite Trainer Box [Set of 2] (Exclusive),2316.39,2316.39,1621.47,1621.47,Pokemon,Coffret,SWSH07: Evolving Skies,,2316.39,2454.98,2220.00,TCGplayer
Evolving Skies Sleeved Booster Pack Bundle [Set of 8],551.92,550.00,385.00,385.00,Pokemon,Coffret,SWSH07: Evolving Skies,,551.92,550.00,533.00,TCGplayer
Greninja V-UNION Special Collection,132.38,132.38,92.67,92.67,Pokemon,Coffret,SWSH07: Evolving Skies,,132.38,196.99,132.38,TCGplayer
Mewtwo V-UNION Special Collection,183.61,183.61,128.53,128.53,Pokemon,Coffret,SWSH07: Evolving Skies,,183.61,249.97,149.99,TCGplayer
V-UNION Special Collection [Set of 3],369.10,484.55,339.19,339.19,Pokemon,Coffret,SWSH07: Evolving Skies,,369.10,,600.00,TCGplayer
Zacian V-UNION Special Collection,118.02,167.95,117.56,117.56,Pokemon,Coffret,SWSH07: Evolving Skies,,118.02,169.99,167.95,TCGplayer
Dragonite V Box,162.82,175.00,122.50,122.50,Pokemon,Coffret,SWSH08: Fusion Strike,,162.82,200.00,175.00,TCGplayer
Fusion Strike 3 Pack Hanger Box,79.00,79.00,55.30,55.30,Pokemon,Coffret,SWSH08: Fusion Strike,,,79.00,79.00,TCGplayer
Fusion Strike Booster Pack Art Bundle [Set of 4],74.59,74.59,52.21,52.21,Pokemon,Coffret,SWSH08: Fusion Strike,,74.59,78.45,71.95,TCGplayer
Fusion Strike Build & Battle Box,94.81,99.48,69.64,69.64,Pokemon,Coffret,SWSH08: Fusion Strike,94.81,104.16,118.95,90.00,PriceCharting + TCGplayer
Fusion Strike Build & Battle Stadium,263.16,286.63,200.64,200.64,Pokemon,Coffret,SWSH08: Fusion Strike,263.16,283.32,329.99,289.95,PriceCharting + TCGplayer
Fusion Strike Elite Trainer Box,302.50,328.97,230.28,230.28,Pokemon,Coffret,SWSH08: Fusion Strike,302.50,327.93,407.50,330.00,PriceCharting + TCGplayer
Fusion Strike Pokemon Center Elite Trainer Box (Exclusive),476.75,476.75,333.72,333.72,Pokemon,Coffret,SWSH08: Fusion Strike,,476.75,537.50,399.98,TCGplayer
Fusion Strike Sleeved Booster Pack Bundle [Set of 8],234.89,234.89,164.42,164.42,Pokemon,Coffret,SWSH08: Fusion Strike,,234.89,234.89,226.90,TCGplayer
Hisuian Electrode V Box,51.78,73.14,51.20,51.20,Pokemon,Coffret,SWSH08: Fusion Strike,,51.78,95.00,73.14,TCGplayer
Hoopa V Box,90.00,95.88,67.12,67.12,Pokemon,Coffret,SWSH08: Fusion Strike,90.00,91.77,105.99,100.00,PriceCharting + TCGplayer
Hoopa V Box / Dragonite V Box [Set of 2],222.72,224.90,157.43,157.43,Pokemon,Coffret,SWSH08: Fusion Strike,,222.72,236.99,224.90,TCGplayer
Single Strike Urshifu VMAX Premium Collection,138.25,138.25,96.77,96.77,Pokemon,Coffret,SWSH08: Fusion Strike,,138.25,149.98,135.01,TCGplayer
Urshifu VMAX Premium Collection [Set of 2],175.00,243.00,170.10,170.10,Pokemon,Coffret,SWSH08: Fusion Strike,,175.00,280.00,243.00,TCGplayer
Arceus V Figure Collection,142.50,146.06,102.24,102.24,Pokemon,Coffret,SWSH09: Brilliant Stars,142.50,149.61,152.94,141.89,PriceCharting + TCGplayer
Brilliant Stars Booster Pack Art Bundle [Set of 4],59.92,59.92,41.94,41.94,Pokemon,Coffret,SWSH09: Brilliant Stars,,59.92,67.50,58.69,TCGplayer
Brilliant Stars Build & Battle Box,63.00,63.42,44.40,44.40,Pokemon,Coffret,SWSH09: Brilliant Stars,63.00,63.85,70.70,16.99,PriceCharting + TCGplayer
Brilliant Stars Build & Battle Stadium,172.98,171.26,119.89,119.89,Pokemon,Coffret,SWSH09: Brilliant Stars,172.98,169.55,188.99,154.50,PriceCharting + TCGplayer
Brilliant Stars Elite Trainer Box,154.00,156.59,109.61,109.61,Pokemon,Coffret,SWSH09: Brilliant Stars,154.00,159.18,185.40,0.99,PriceCharting + TCGplayer
Brilliant Stars Pokemon Center Elite Trainer Box (Exclusive),227.17,230.00,161.00,161.00,Pokemon,Coffret,SWSH09: Brilliant Stars,,227.17,299.69,230.00,TCGplayer
Brilliant Stars Sleeved Booster Pack Bundle [Set of 8],145.59,156.89,109.82,109.82,Pokemon,Coffret,SWSH09: Brilliant Stars,,145.59,156.94,156.89,TCGplayer
Glaceon / Leafeon VSTAR Special Collection [Set of 2],240.97,250.89,175.62,175.62,Pokemon,Coffret,SWSH09: Brilliant Stars,,240.97,299.49,250.89,TCGplayer
Glaceon VSTAR Special Collection,156.05,150.40,105.28,105.28,Pokemon,Coffret,SWSH09: Brilliant Stars,156.05,136.39,159.70,144.74,PriceCharting + TCGplayer
Leafeon VSTAR Special Collection,134.41,131.70,92.19,92.19,Pokemon,Coffret,SWSH09: Brilliant Stars,134.41,119.94,145.50,128.99,PriceCharting + TCGplayer
Astral Radiance 3 Pack Hanger Box,42.50,420.69,294.48,294.48,Pokemon,Coffret,SWSH10: Astral Radiance,,42.50,420.69,420.69,TCGplayer
Astral Radiance Booster Pack Art Bundle [Set of 5],52.90,52.99,37.09,37.09,Pokemon,Coffret,SWSH10: Astral Radiance,,52.90,54.99,52.99,TCGplayer
Astral Radiance Build & Battle Box,33.50,46.14,32.30,32.30,Pokemon,Coffret,SWSH10: Astral Radiance,33.50,46.78,50.00,45.50,PriceCharting + TCGplayer
Astral Radiance Build & Battle Stadium,120.44,122.19,85.53,85.53,Pokemon,Coffret,SWSH10: Astral Radiance,120.44,123.93,143.50,119.93,PriceCharting + TCGplayer
Astral Radiance Elite Trainer Box,130.40,134.91,94.43,94.43,Pokemon,Coffret,SWSH10: Astral Radiance,130.40,139.41,154.49,125.00,PriceCharting + TCGplayer
Astral Radiance Pokemon Center Elite Trainer Box (Exclusive),195.65,195.65,136.95,136.95,Pokemon,Coffret,SWSH10: Astral Radiance,,195.65,229.99,165.00,TCGplayer
Astral Radiance Sleeved Booster Pack Art Bundle [Set of 5],57.38,71.89,50.32,50.32,Pokemon,Coffret,SWSH10: Astral Radiance,,57.38,72.00,71.89,TCGplayer
Heavy Hitters Premium Collection,292.14,320.00,224.00,224.00,Pokemon,Coffret,SWSH10: Astral Radiance,,292.14,387.50,320.00,TCGplayer
Arceus VSTAR Premium Collection,304.19,304.19,212.93,212.93,Pokemon,Coffret,SWSH11: Lost Origin,,304.19,329.99,249.99,TCGplayer
Arceus VSTAR Ultra-Premium Collection,380.32,380.32,266.22,266.22,Pokemon,Coffret,SWSH11: Lost Origin,,380.32,420.00,29.99,TCGplayer
Hisuian Zoroark VSTAR Premium Collection,179.07,179.07,125.35,125.35,Pokemon,Coffret,SWSH11: Lost Origin,,179.07,231.47,2.00,TCGplayer
Hisuian Zoroark VSTAR Premium Collection (International Version),99.99,135.00,94.50,94.50,Pokemon,Coffret,SWSH11: Lost Origin,,99.99,169.99,135.00,TCGplayer
Lost Origin Booster Bundle,159.24,199.61,139.73,139.73,Pokemon,Coffret,SWSH11: Lost Origin,159.24,202.15,200.73,198.49,PriceCharting + TCGplayer
Lost Origin Booster Pack Art Bundle [Set of 4],77.55,77.55,54.28,54.28,Pokemon,Coffret,SWSH11: Lost Origin,,77.55,77.99,69.99,TCGplayer
Lost Origin Build & Battle Box,84.85,88.67,62.07,62.07,Pokemon,Coffret,SWSH11: Lost Origin,84.85,80.91,98.97,92.50,PriceCharting + TCGplayer
Lost Origin Build & Battle Stadium,223.46,224.52,157.16,157.16,Pokemon,Coffret,SWSH11: Lost Origin,223.46,225.58,234.98,220.49,PriceCharting + TCGplayer
Lost Origin Elite Trainer Box,196.39,195.89,137.12,137.12,Pokemon,Coffret,SWSH11: Lost Origin,196.39,195.39,224.74,193.99,PriceCharting + TCGplayer
Lost Origin Pokemon Center Elite Trainer Box (Exclusive),380.00,380.00,266.00,266.00,Pokemon,Coffret,SWSH11: Lost Origin,,380.00,418.00,355.00,TCGplayer
Lost Origin Sleeved Booster Pack Art Bundle [Set of 4],85.37,85.37,59.76,59.76,Pokemon,Coffret,SWSH11: Lost Origin,,85.37,97.47,84.56,TCGplayer
Lost Origin Sleeved Booster Pack Bundle [Set of 8],154.71,184.89,129.42,129.42,Pokemon,Coffret,SWSH11: Lost Origin,,154.71,184.99,184.89,TCGplayer
Origin Forme Dialga VSTAR Premium Collection,122.43,169.85,118.89,118.89,Pokemon,Coffret,SWSH11: Lost Origin,,122.43,195.00,169.85,TCGplayer
Origin Forme Palkia VSTAR Premium Collection,117.81,117.81,82.47,82.47,Pokemon,Coffret,SWSH11: Lost Origin,,117.81,156.98,117.81,TCGplayer
Pokemon Stacking Tin: Darkness,51.25,50.58,35.40,35.40,Pokemon,Coffret,SWSH11: Lost Origin,,51.25,50.58,49.90,TCGplayer
Pokemon Stacking Tin: Fighting,57.97,57.97,40.58,40.58,Pokemon,Coffret,SWSH11: Lost Origin,,57.97,59.98,49.90,TCGplayer
Pokemon Stacking Tin: Fire,51.81,64.74,45.32,45.32,Pokemon,Coffret,SWSH11: Lost Origin,,51.81,64.99,64.74,TCGplayer
Pokemon Stacking Tins: Fighting-Fire-Darkness [Set of 3],110.00,110.00,77.00,77.00,Pokemon,Coffret,SWSH11: Lost Origin,,110.00,,,TCGplayer
Sword & Shield Ultra-Premium Collection: Charizard,556.88,556.88,389.82,389.82,Pokemon,Coffret,SWSH11: Lost Origin,,556.88,630.41,25.00,TCGplayer
Fall 2022 Collector Chest,73.56,96.98,67.89,67.89,Pokemon,Coffret,SWSH12: Silver Tempest,,73.56,97.00,96.98,TCGplayer
Silver Tempest Booster Bundle,119.23,114.51,80.16,80.16,Pokemon,Coffret,SWSH12: Silver Tempest,119.23,113.59,115.43,95.00,PriceCharting + TCGplayer
Silver Tempest Booster Pack Art Bundle [Set of 4],56.31,55.99,39.19,39.19,Pokemon,Coffret,SWSH12: Silver Tempest,,56.31,55.99,53.98,TCGplayer
Silver Tempest Build & Battle Stadium,194.61,172.30,120.61,120.61,Pokemon,Coffret,SWSH12: Silver Tempest,194.61,147.39,200.00,149.99,PriceCharting + TCGplayer
Silver Tempest Elite Trainer Box,160.51,162.19,113.53,113.53,Pokemon,Coffret,SWSH12: Silver Tempest,160.51,163.86,175.00,156.50,PriceCharting + TCGplayer
Silver Tempest Pokemon Center Elite Trainer Box (Exclusive),391.97,391.97,274.38,274.38,Pokemon,Coffret,SWSH12: Silver Tempest,,391.97,423.49,359.99,TCGplayer
Silver Tempest Sleeved Booster Pack Art Bundle [Set of 4],60.05,64.89,45.42,45.42,Pokemon,Coffret,SWSH12: Silver Tempest,,60.05,64.90,64.89,TCGplayer
Silver Tempest Sleeved Booster Pack Bundle [Set of 8],127.22,139.95,97.96,97.96,Pokemon,Coffret,SWSH12: Silver Tempest,,127.22,162.42,139.95,TCGplayer
Crown Zenith Booster Bundle,213.49,215.91,151.14,151.14,Pokemon,Coffret,SWSH: Crown Zenith,213.49,218.33,249.99,100.00,PriceCharting + TCGplayer
Crown Zenith Collection [Regidrago V],103.50,103.50,72.45,72.45,Pokemon,Coffret,SWSH: Crown Zenith,,103.50,122.48,99.99,TCGplayer
Crown Zenith Collection [Regieleki V],109.03,109.03,76.32,76.32,Pokemon,Coffret,SWSH: Crown Zenith,,109.03,119.99,105.00,TCGplayer
Crown Zenith Collection [Set of 2],226.77,285.00,199.50,199.50,Pokemon,Coffret,SWSH: Crown Zenith,,226.77,292.49,285.00,TCGplayer
Crown Zenith Elite Trainer Box,308.50,306.81,214.76,214.76,Pokemon,Coffret,SWSH: Crown Zenith,308.50,305.11,375.00,300.00,PriceCharting + TCGplayer
Crown Zenith Mini Tin [Bede & Hatenna],58.53,65.53,45.87,45.87,Pokemon,Coffret,SWSH: Crown Zenith,,58.53,90.00,65.53,TCGplayer
Crown Zenith Mini Tin [Hop & Wooloo],52.50,90.00,63.00,63.00,Pokemon,Coffret,SWSH: Crown Zenith,,52.50,99.00,90.00,TCGplayer
Crown Zenith Mini Tin [Leon & Charizard],56.47,64.01,44.81,44.81,Pokemon,Coffret,SWSH: Crown Zenith,,56.47,90.00,64.01,TCGplayer
Crown Zenith Mini Tin [Marnie & Morpeko],60.35,70.00,49.00,49.00,Pokemon,Coffret,SWSH: Crown Zenith,,60.35,82.99,70.00,TCGplayer
Crown Zenith Mini Tin [Set of 5],234.77,297.98,208.59,208.59,Pokemon,Coffret,SWSH: Crown Zenith,,234.77,315.00,297.98,TCGplayer
Crown Zenith Mini Tin [Sonia & Yamper],60.42,72.48,50.74,50.74,Pokemon,Coffret,SWSH: Crown Zenith,,60.42,80.00,72.48,TCGplayer
Crown Zenith Pin Collection [Cinderace],66.00,85.28,59.70,59.70,Pokemon,Coffret,SWSH: Crown Zenith,66.00,85.55,93.99,85.01,PriceCharting + TCGplayer
Crown Zenith Pin Collection [Inteleon],75.13,89.19,62.43,62.43,Pokemon,Coffret,SWSH: Crown Zenith,75.13,86.37,95.00,92.00,PriceCharting + TCGplayer
Crown Zenith Pin Collection [Rillaboom],75.00,90.05,63.03,63.03,Pokemon,Coffret,SWSH: Crown Zenith,75.00,86.11,95.00,93.99,PriceCharting + TCGplayer
Crown Zenith Pin Collection [Set of 3],242.60,300.00,210.00,210.00,Pokemon,Coffret,SWSH: Crown Zenith,,242.60,390.00,300.00,TCGplayer
Crown Zenith Pokemon Center Elite Trainer Box Plus,536.02,536.02,375.21,375.21,Pokemon,Coffret,SWSH: Crown Zenith,,536.02,725.00,479.99,TCGplayer
Crown Zenith Premium Figure Collection [Set of 2],648.26,678.98,475.29,475.29,Pokemon,Coffret,SWSH: Crown Zenith,,648.26,737.50,678.98,TCGplayer
Crown Zenith Premium Figure Collection [Shiny Zacian],346.06,346.99,242.89,242.89,Pokemon,Coffret,SWSH: Crown Zenith,,346.06,360.00,346.99,TCGplayer
Crown Zenith Premium Figure Collection [Shiny Zamazenta],337.80,337.80,236.46,236.46,Pokemon,Coffret,SWSH: Crown Zenith,,337.80,345.00,329.95,TCGplayer
Crown Zenith Special Collection [Unown V & Lugia V],175.40,200.00,140.00,140.00,Pokemon,Coffret,SWSH: Crown Zenith,,175.40,239.97,200.00,TCGplayer
Crown Zenith Tin [Galarian Articuno],149.80,149.80,104.86,104.86,Pokemon,Coffret,SWSH: Crown Zenith,,149.80,184.47,145.00,TCGplayer
Crown Zenith Tin [Galarian Articuno] (International Version),106.96,120.00,84.00,84.00,Pokemon,Coffret,SWSH: Crown Zenith,,106.96,126.97,120.00,TCGplayer
Crown Zenith Tin [Galarian Moltres],57.52,153.31,107.32,107.32,Pokemon,Coffret,SWSH: Crown Zenith,57.52,156.63,169.99,150.00,PriceCharting + TCGplayer
Crown Zenith Tin [Galarian Moltres] (International Version),125.60,134.50,94.15,94.15,Pokemon,Coffret,SWSH: Crown Zenith,,125.60,147.50,134.50,TCGplayer
Crown Zenith Tin [Galarian Zapdos],129.84,138.83,97.18,97.18,Pokemon,Coffret,SWSH: Crown Zenith,129.84,137.67,152.50,140.00,PriceCharting + TCGplayer
Crown Zenith Tin [Galarian Zapdos] (International Version),116.31,119.99,83.99,83.99,Pokemon,Coffret,SWSH: Crown Zenith,,116.31,125.00,119.99,TCGplayer
Crown Zenith Tin [Set of 3],397.13,440.00,308.00,308.00,Pokemon,Coffret,SWSH: Crown Zenith,,397.13,469.99,440.00,TCGplayer
Crown Zenith Tin [Set of 3] (International Version),332.21,380.00,266.00,266.00,Pokemon,Coffret,SWSH: Crown Zenith,,332.21,440.00,380.00,TCGplayer
Morpeko V-UNION Playmat Premium Collection,139.31,139.31,97.52,97.52,Pokemon,Coffret,SWSH: Crown Zenith,,139.31,199.50,130.00,TCGplayer
Morpeko V-UNION Premium Treasures Collection,223.88,236.69,165.68,165.68,Pokemon,Coffret,SWSH: Crown Zenith,223.88,208.57,251.00,249.49,PriceCharting + TCGplayer
Pikachu VMAX Premium Collection,206.99,222.32,155.63,155.63,Pokemon,Coffret,SWSH: Crown Zenith,206.99,219.65,250.00,225.00,PriceCharting + TCGplayer
Pikachu VMAX Special Collection,150.11,158.94,111.26,111.26,Pokemon,Coffret,SWSH: Crown Zenith,150.11,158.03,162.99,159.85,PriceCharting + TCGplayer
Sea & Sky Premium Collection,380.91,380.91,266.64,266.64,Pokemon,Coffret,SWSH: Crown Zenith,,380.91,399.00,353.00,TCGplayer
Team Up 3-Pack Blister,1201.93,1201.93,841.35,841.35,Pokemon,Coffret,Team Up,1201.93,,,,PriceCharting
Team Up Build And Battle Box,1186.00,1186.00,830.20,830.20,Pokemon,Coffret,Team Up,1186.00,,,,PriceCharting
Team Up Reshiram & Charizard GX Premium Collection Box,315.00,315.00,220.50,220.50,Pokemon,Coffret,Team Up,315.00,,,,PriceCharting
Temporal Forces Elite Trainer Box [Iron Leaves Pokemon Center],195.13,195.13,136.59,136.59,Pokemon,Coffret,Temporal Forces,195.13,,,,PriceCharting
Temporal Forces Elite Trainer Box [Iron Leaves],125.00,125.00,87.50,87.50,Pokemon,Coffret,Temporal Forces,125.00,,,,PriceCharting
Temporal Forces Elite Trainer Box [Walking Wake Pokemon Center],202.43,202.43,141.70,141.70,Pokemon,Coffret,Temporal Forces,202.43,,,,PriceCharting
Trick Or Trade 2022 Booster Bundle,60.13,60.13,42.09,42.09,Pokemon,Coffret,Trick Or Trade 2022,60.13,,,,PriceCharting
Trick Or Trade 2022 Booster Bundle [120-Pack],83.66,83.66,58.56,58.56,Pokemon,Coffret,Trick Or Trade 2022,83.66,,,,PriceCharting
Trick Or Trade 2023 Booster Bundle,82.65,82.65,57.85,57.85,Pokemon,Coffret,Trick Or Trade 2023,82.65,,,,PriceCharting
Trick Or Trade 2023 Booster Bundle [120],108.40,108.40,75.88,75.88,Pokemon,Coffret,Trick Or Trade 2023,108.40,,,,PriceCharting
Trick Or Trade 2024 Booster Bundle,63.46,63.46,44.42,44.42,Pokemon,Coffret,Trick Or Trade 2024,63.46,,,,PriceCharting
Trick Or Trade 2024 Booster Bundle [120],181.50,181.50,127.05,127.05,Pokemon,Coffret,Trick Or Trade 2024,181.50,,,,PriceCharting
Trick or Trade BOOster Bundle (120 ct),165.99,264.96,185.47,185.47,Pokemon,Coffret,Trick or Trade BOOster Bundle,,165.99,264.96,264.96,TCGplayer
Trick or Trade BOOster Bundle (40 ct),75.24,78.88,55.22,55.22,Pokemon,Coffret,Trick or Trade BOOster Bundle,,75.24,90.98,78.88,TCGplayer
Trick or Trade BOOster Bundle - Mini Booster Pack,2.80,2.75,1.92,1.92,Pokemon,Coffret,Trick or Trade BOOster Bundle,,2.80,2.75,0.01,TCGplayer
Trick or Trade BOOster Bundle 2023 (120 ct),191.98,269.00,188.30,188.30,Pokemon,Coffret,Trick or Trade BOOster Bundle 2023,,191.98,287.00,269.00,TCGplayer
Trick or Trade BOOster Bundle 2023 (50 ct),83.67,83.67,58.57,58.57,Pokemon,Coffret,Trick or Trade BOOster Bundle 2023,,83.67,100.00,74.99,TCGplayer
Trick or Trade BOOster Bundle 2023 - Mini Booster Pack,2.46,2.42,1.69,1.69,Pokemon,Coffret,Trick or Trade BOOster Bundle 2023,,2.46,2.42,0.80,TCGplayer
Trick or Trade BOOster Bundle 2024 (120 ct),181.32,181.32,126.92,126.92,Pokemon,Coffret,Trick or Trade BOOster Bundle 2024,,181.32,299.00,100.00,TCGplayer
Trick or Trade BOOster Bundle 2024 (35 mini packs),66.19,66.19,46.33,46.33,Pokemon,Coffret,Trick or Trade BOOster Bundle 2024,,66.19,77.25,60.00,TCGplayer
Trick or Trade BOOster Bundle 2024 (80 mini packs),113.12,113.12,79.18,79.18,Pokemon,Coffret,Trick or Trade BOOster Bundle 2024,,113.12,,,TCGplayer
Trick or Trade BOOster Bundle 2024 - Mini Booster Pack,0.96,1.12,0.78,0.78,Pokemon,Coffret,Trick or Trade BOOster Bundle 2024,,0.96,2.14,1.12,TCGplayer
Twilight Masquerade Elite Trainer Box [Pokemon Center],183.81,183.81,128.67,128.67,Pokemon,Coffret,Twilight Masquerade,183.81,,,,PriceCharting
Twilight Masquerade Masks Of Ogerpon Premium Collection,58.99,58.99,41.29,41.29,Pokemon,Coffret,Twilight Masquerade,58.99,,,,PriceCharting
Ultra Prism Dusk Mane Necrozma Prism Tin,247.05,247.05,172.94,172.94,Pokemon,Coffret,Ultra Prism,247.05,,,,PriceCharting
Ultra Prism Necrozma Prism Tin,99.99,99.99,69.99,69.99,Pokemon,Coffret,Ultra Prism,99.99,,,,PriceCharting
Unbroken Bonds 3 Booster Pack Box,199.18,199.18,139.43,139.43,Pokemon,Coffret,Unbroken Bonds,199.18,,,,PriceCharting
Unbroken Bonds Elite Trainer Box,1805.00,1805.00,1263.50,1263.50,Pokemon,Coffret,Unbroken Bonds,1805.00,,,,PriceCharting
Unbroken Bonds Sceptile 3-Pack Blister,221.27,221.27,154.89,154.89,Pokemon,Coffret,Unbroken Bonds,221.27,,,,PriceCharting
Unbroken Bonds Typhlosion 3-Pack Blister,172.50,172.50,120.75,120.75,Pokemon,Coffret,Unbroken Bonds,172.50,,,,PriceCharting
Unified Minds Build & Battle Box [Prerelease Kit],349.98,349.98,244.99,244.99,Pokemon,Coffret,Unified Minds,349.98,,,,PriceCharting
Unified Minds Hanger Box,255.36,255.36,178.75,178.75,Pokemon,Coffret,Unified Minds,255.36,,,,PriceCharting
Vivid Voltage 3-Pack Blister,53.20,53.20,37.24,37.24,Pokemon,Coffret,Vivid Voltage,53.20,,,,PriceCharting
Vivid Voltage Alakazam V Box,43.99,43.99,30.79,30.79,Pokemon,Coffret,Vivid Voltage,43.99,,,,PriceCharting
White Flare Elite Trainer Box [Pokemon Center],234.50,234.50,164.15,164.15,Pokemon,Coffret,White Flare,234.50,,,,PriceCharting
White Flare Unova Heavy Hitters Premium Collection,177.01,177.01,123.91,123.91,Pokemon,Coffret,White Flare,177.01,,,,PriceCharting
Xy 3-Pack Blister,236.86,236.86,165.80,165.80,Pokemon,Coffret,Xy,236.86,,,,PriceCharting
Xy Ash Greninja EX Collection Box,1362.00,1362.00,953.40,953.40,Pokemon,Coffret,Xy,1362.00,,,,PriceCharting
Xy Elite Trainer Box [Xerneas],4399.30,4399.30,3079.51,3079.51,Pokemon,Coffret,Xy,4399.30,,,,PriceCharting
Xy Elite Trainer Box [Yveltal],4297.82,4297.82,3008.47,3008.47,Pokemon,Coffret,Xy,4297.82,,,,PriceCharting
Xy Gallade EX Collection Box,497.51,497.51,348.26,348.26,Pokemon,Coffret,Xy,497.51,,,,PriceCharting
Xy Mega Lucario Collection Box,945.00,945.00,661.50,661.50,Pokemon,Coffret,Xy,945.00,,,,PriceCharting
Xy Premium Trainer's XY Collection Box,2124.98,2124.98,1487.49,1487.49,Pokemon,Coffret,Xy,2124.98,,,,PriceCharting
Xy Pyroar Box,349.99,349.99,244.99,244.99,Pokemon,Coffret,Xy,349.99,,,,PriceCharting
Xy Rayquaza EX Box,577.73,577.73,404.41,404.41,Pokemon,Coffret,Xy,577.73,,,,PriceCharting
Xy Sealed Knockout Collection,50.08,50.08,35.06,35.06,Pokemon,Coffret,Xy,50.08,,,,PriceCharting
Xy Shiny Rayquaza EX Collection Box,1900.00,1900.00,1330.00,1330.00,Pokemon,Coffret,Xy,1900.00,,,,PriceCharting
Xy Sylveon Collection,964.41,964.41,675.09,675.09,Pokemon,Coffret,Xy,964.41,,,,PriceCharting
Ancient Origins Elite Trainer Box,2987.16,2987.16,2091.01,2091.01,Pokemon,Coffret,XY - Ancient Origins,2987.16,,,,PriceCharting + TCGplayer
Powers Beyond Tin [Latios EX],549.99,699.99,489.99,489.99,Pokemon,Coffret,XY - Ancient Origins,,549.99,699.99,699.99,TCGplayer
Shiny Rayquaza EX Box,1899.99,1899.99,1329.99,1329.99,Pokemon,Coffret,XY - Ancient Origins,,,1899.99,1899.99,TCGplayer
BREAKpoint Booster Pack Art Bundle [Set of 4],187.12,126.06,88.24,88.24,Pokemon,Coffret,XY - BREAKpoint,,187.12,,65.00,TCGplayer
BREAKpoint Sleeved Booster Pack Art Bundle [Set of 4],189.98,189.98,132.99,132.99,Pokemon,Coffret,XY - BREAKpoint,,189.98,250.00,179.00,TCGplayer
Triple Power Tin [Machamp EX],450.00,425.00,297.50,297.50,Pokemon,Coffret,XY - BREAKpoint,,,450.00,400.00,TCGplayer
Triple Power Tin [Mewtwo EX],590.00,585.00,409.50,409.50,Pokemon,Coffret,XY - BREAKpoint,,,590.00,580.00,TCGplayer
Triple Power Tin [Shiny Gyarados EX],397.97,580.00,406.00,406.00,Pokemon,Coffret,XY - BREAKpoint,,397.97,590.00,580.00,TCGplayer
XY BREAKpoint Elite Trainer Box,1099.99,1340.00,938.00,938.00,Pokemon,Coffret,XY - BREAKpoint,,1099.99,1364.49,1340.00,TCGplayer
Aurorus EX Box,399.00,399.00,279.30,279.30,Pokemon,Coffret,XY - BREAKthrough,,399.00,,,TCGplayer
BREAKthrough Booster Pack Art Bundle [Set of 4],279.95,279.95,195.96,195.96,Pokemon,Coffret,XY - BREAKthrough,,279.95,279.95,279.95,TCGplayer
BREAKthrough Sleeved Booster Pack Art Bundle [Set of 4],500.00,500.00,350.00,350.00,Pokemon,Coffret,XY - BREAKthrough,,500.00,,500.00,TCGplayer
Elite Trainer Box [Mewtwo X],668.73,1999.99,1399.99,1399.99,Pokemon,Coffret,XY - BREAKthrough,668.73,,1999.99,1999.99,PriceCharting + TCGplayer
Elite Trainer Box [Mewtwo Y],615.23,1749.49,1224.65,1224.65,Pokemon,Coffret,XY - BREAKthrough,615.23,1499.00,1999.99,1999.99,PriceCharting + TCGplayer
Mega Aerodactyl EX Premium Collection,674.99,662.49,463.74,463.74,Pokemon,Coffret,XY - BREAKthrough,,,674.99,649.99,TCGplayer
Mega Blaziken EX & Mega Swampert EX Premium Collection (Set of 2),5000.00,5000.00,3500.00,3500.00,Pokemon,Coffret,XY - BREAKthrough,,,5000.00,5000.00,TCGplayer
Mega Mewtwo Collection (Set of 2),1600.00,1600.00,1120.00,1120.00,Pokemon,Coffret,XY - BREAKthrough,,,,1600.00,TCGplayer
Mega Mewtwo Collection [Mega Mewtwo X],597.00,596.01,417.21,417.21,Pokemon,Coffret,XY - BREAKthrough,,,597.00,595.01,TCGplayer
XY BREAKthrough Collector Chest,2188.28,2188.28,1531.80,1531.80,Pokemon,Coffret,XY - BREAKthrough,,,2188.28,2188.28,TCGplayer
Alola Collection [Lunala],447.97,447.97,313.58,313.58,Pokemon,Coffret,XY - Evolutions,,,447.97,447.97,TCGplayer
Alola Collection [Solgaleo],401.99,497.97,348.58,348.58,Pokemon,Coffret,XY - Evolutions,,401.99,497.97,497.97,TCGplayer
Autumn 2016 Collector Chest,2989.99,2984.98,2089.49,2089.49,Pokemon,Coffret,XY - Evolutions,,,2989.99,2979.98,TCGplayer
BREAK Evolution Box [Arcanine],449.99,500.00,350.00,350.00,Pokemon,Coffret,XY - Evolutions,,449.99,500.00,500.00,TCGplayer
Charizard EX Box,334.98,374.99,262.49,262.49,Pokemon,Coffret,XY - Evolutions,,334.98,384.44,374.99,TCGplayer
Dragonite EX Box,278.91,324.45,227.11,227.11,Pokemon,Coffret,XY - Evolutions,,278.91,,369.98,TCGplayer
Evolutions Booster Pack Art Bundle [Set of 4],257.91,257.91,180.54,180.54,Pokemon,Coffret,XY - Evolutions,,257.91,284.75,90.00,TCGplayer
Evolutions Sleeved Booster Pack Art Bundle [Set of 4],469.42,459.68,321.78,321.78,Pokemon,Coffret,XY - Evolutions,,,469.42,449.95,TCGplayer
Kangaskhan EX Box,349.90,399.99,279.99,279.99,Pokemon,Coffret,XY - Evolutions,,349.90,399.99,399.99,TCGplayer
Kanto Power Collection [Dragonite EX/Pidgeot EX],563.90,624.99,437.49,437.49,Pokemon,Coffret,XY - Evolutions,,563.90,743.50,624.99,TCGplayer
Kanto Power Collection [Mewtwo EX/Slowbro EX],571.66,724.98,507.49,507.49,Pokemon,Coffret,XY - Evolutions,,571.66,799.99,724.98,TCGplayer
Mega Beedrill EX Premium Collection,405.96,405.96,284.17,284.17,Pokemon,Coffret,XY - Evolutions,,405.96,,,TCGplayer
Mega Garchomp EX Premium Collection,749.00,749.00,524.30,524.30,Pokemon,Coffret,XY - Evolutions,,,,749.00,TCGplayer
Mewtwo EX Box,394.98,365.00,255.50,255.50,Pokemon,Coffret,XY - Evolutions,,394.98,365.00,365.00,TCGplayer
Mythical Collection [Magearna],753.75,848.98,594.29,594.29,Pokemon,Coffret,XY - Evolutions,753.75,799.99,897.97,897.97,PriceCharting + TCGplayer
Mythical Collection [Volcanion],357.58,750.00,525.00,525.00,Pokemon,Coffret,XY - Evolutions,,357.58,750.00,750.00,TCGplayer
Snorlax GX Box,343.76,346.86,242.80,242.80,Pokemon,Coffret,XY - Evolutions,343.76,349.95,,,PriceCharting + TCGplayer
XY Evolutions Elite Trainer Box [Mega Blastoise],656.57,824.99,577.49,577.49,Pokemon,Coffret,XY - Evolutions,,656.57,899.99,824.99,TCGplayer
XY Evolutions Elite Trainer Box [Mega Charizard Y],870.98,899.95,629.97,629.97,Pokemon,Coffret,XY - Evolutions,,870.98,1004.95,899.95,TCGplayer
XY Evolutions Prerelease Kit,925.00,2500.00,1750.00,1750.00,Pokemon,Coffret,XY - Evolutions,,925.00,2500.00,2500.00,TCGplayer
Ash-Greninja EX Box,1200.00,1200.00,840.00,840.00,Pokemon,Coffret,XY - Fates Collide,,,1200.00,1200.00,TCGplayer
Fates Collide Elite Trainer Box,770.83,1599.00,1119.30,1119.30,Pokemon,Coffret,XY - Fates Collide,770.83,,1649.49,1599.00,PriceCharting + TCGplayer
Fates Collide Prerelease Kit,208.87,307.99,215.59,215.59,Pokemon,Coffret,XY - Fates Collide,,208.87,314.98,307.99,TCGplayer
Fates Collide Sleeved Booster Pack Art Bundle [Set of 4],209.33,212.00,148.40,148.40,Pokemon,Coffret,XY - Fates Collide,,209.33,249.99,212.00,TCGplayer
Mega Mawile EX Premium Collection,479.99,479.99,335.99,335.99,Pokemon,Coffret,XY - Fates Collide,,,,479.99,TCGplayer
Shiny Kalos Tin [Xerneas EX],489.50,419.75,293.82,293.82,Pokemon,Coffret,XY - Fates Collide,,,489.50,350.00,TCGplayer
Shiny Kalos Tin [Yveltal EX],406.49,404.24,282.97,282.97,Pokemon,Coffret,XY - Fates Collide,,,406.49,401.99,TCGplayer
Shiny Kalos Tin [Zygarde EX],499.00,499.00,349.30,349.30,Pokemon,Coffret,XY - Fates Collide,,,499.00,499.00,TCGplayer
Zygarde Collection Box,365.00,355.00,248.50,248.50,Pokemon,Coffret,XY - Fates Collide,,,365.00,345.00,TCGplayer
Charizard Ex Box,3989.00,2744.50,1921.15,1921.15,Pokemon,Coffret,XY - Flashfire,,,3989.00,1500.00,TCGplayer
Flashfire Sleeved Booster Pack Art Bundle [Set of 4],1000.01,1000.01,700.01,700.01,Pokemon,Coffret,XY - Flashfire,,,1000.01,1000.01,TCGplayer
Kalos Power Tin [Chesnaught EX],599.99,599.99,419.99,419.99,Pokemon,Coffret,XY - Flashfire,599.99,,,,PriceCharting + TCGplayer
Kalos Power Tin [Greninja],400.00,400.00,280.00,280.00,Pokemon,Coffret,XY - Flashfire,400.00,,,,PriceCharting + TCGplayer
Krookodile EX Box,319.83,319.83,223.88,223.88,Pokemon,Coffret,XY - Flashfire,319.83,,,,PriceCharting + TCGplayer
Pyroar Box,395.00,395.00,276.50,276.50,Pokemon,Coffret,XY - Flashfire,,,395.00,395.00,TCGplayer
XY Flashfire Collector Chest,4689.14,4689.14,3282.40,3282.40,Pokemon,Coffret,XY - Flashfire,,,4689.14,4689.14,TCGplayer
EX Power Trio Tin [Blastoise EX],499.99,500.00,350.00,350.00,Pokemon,Coffret,XY - Furious Fists,499.99,499.99,1027.62,500.00,PriceCharting + TCGplayer
EX Power Trio Tin [Charizard EX],810.00,810.00,567.00,567.00,Pokemon,Coffret,XY - Furious Fists,810.00,,999.99,500.00,PriceCharting + TCGplayer
EX Power Trio Tin [Venusaur EX],1299.99,1299.99,909.99,909.99,Pokemon,Coffret,XY - Furious Fists,,,1299.99,1299.99,TCGplayer
Furious Fists Elite Trainer Box,4500.00,4500.00,3150.00,3150.00,Pokemon,Coffret,XY - Furious Fists,4500.00,,,,PriceCharting + TCGplayer
Furious Fists Sleeved Booster Pack Art Bundle [Set of 4],399.98,438.88,307.22,307.22,Pokemon,Coffret,XY - Furious Fists,,399.98,438.88,438.88,TCGplayer
Mega Charizard X Collection,1899.97,1849.98,1294.99,1294.99,Pokemon,Coffret,XY - Furious Fists,,,1899.97,1799.99,TCGplayer
Mega Charizard Y Collection,1999.95,1999.95,1399.96,1399.96,Pokemon,Coffret,XY - Furious Fists,,,1999.95,1999.95,TCGplayer
Gallade EX Box,887.50,831.25,581.87,581.87,Pokemon,Coffret,XY - Phantom Forces,,,887.50,775.00,TCGplayer
Phantom Forces Elite Trainer Box,5873.07,5873.07,4111.15,4111.15,Pokemon,Coffret,XY - Phantom Forces,5873.07,,,,PriceCharting + TCGplayer
Elite Trainer Box [Groudon],5625.00,5625.00,3937.50,3937.50,Pokemon,Coffret,XY - Primal Clash,5625.00,,,,PriceCharting + TCGplayer
Elite Trainer Box [Kyogre],6700.50,6700.50,4690.35,4690.35,Pokemon,Coffret,XY - Primal Clash,6700.50,,,,PriceCharting + TCGplayer
Flygon EX Box,515.00,515.00,360.50,360.50,Pokemon,Coffret,XY - Primal Clash,,,515.00,515.00,TCGplayer
Legend of Hoenn Tin [Groudon EX],749.99,749.99,524.99,524.99,Pokemon,Coffret,XY - Primal Clash,,,749.99,749.99,TCGplayer
Legend of Hoenn Tin [Kyogre EX],712.50,693.75,485.62,485.62,Pokemon,Coffret,XY - Primal Clash,,,712.50,675.00,TCGplayer
Primal Clash Sleeved Booster Pack Art Bundle [Set of 4],600.00,600.00,420.00,420.00,Pokemon,Coffret,XY - Primal Clash,,,,600.00,TCGplayer
Hoenn Power Tin [Sceptile],650.00,669.95,468.96,468.96,Pokemon,Coffret,XY - Roaring Skies,,650.00,669.95,669.95,TCGplayer
Mega Latios Collection,584.50,584.50,409.15,409.15,Pokemon,Coffret,XY - Roaring Skies,,584.50,,,TCGplayer
Roaring Skies Sleeved Booster Pack Art Bundle [Set of 4],415.50,466.00,326.20,326.20,Pokemon,Coffret,XY - Roaring Skies,,415.50,530.50,466.00,TCGplayer
XY Roaring Skies Elite Trainer Box,7899.99,7899.99,5529.99,5529.99,Pokemon,Coffret,XY - Roaring Skies,,,7899.99,7899.99,TCGplayer
Battle Heart Tin [Magearna EX],499.99,499.99,349.99,349.99,Pokemon,Coffret,XY - Steam Siege,,,499.99,499.99,TCGplayer
Battle Heart Tin [Volcanion EX],475.00,412.50,288.75,288.75,Pokemon,Coffret,XY - Steam Siege,,,475.00,350.00,TCGplayer
Hoopa EX Challenge Box,69.00,69.00,48.30,48.30,Pokemon,Coffret,XY - Steam Siege,,69.00,,,TCGplayer
Steam Siege Elite Trainer Box,1800.00,1749.99,1224.99,1224.99,Pokemon,Coffret,XY - Steam Siege,,1800.00,1749.99,1749.99,TCGplayer
Steam Siege Sleeved Booster Pack Art Bundle [Set of 4],139.49,139.49,97.64,97.64,Pokemon,Coffret,XY - Steam Siege,,139.49,149.00,131.98,TCGplayer
Garchomp EX Box,599.99,599.99,419.99,419.99,Pokemon,Coffret,XY Base Set,,599.99,,,TCGplayer
Legend of Kalos Tin [Xerneas EX],800.00,1000.00,700.00,700.00,Pokemon,Coffret,XY Base Set,,800.00,1000.00,1000.00,TCGplayer
Legend of Kalos Tin [Yveltal EX],950.00,825.00,577.50,577.50,Pokemon,Coffret,XY Base Set,,,950.00,699.99,TCGplayer
XY Sleeved Booster Pack Art Bundle [Set of 4],495.99,495.99,347.19,347.19,Pokemon,Coffret,XY Base Set,,,495.99,495.99,TCGplayer
1999 Topps Movie First Movie Booster Pack,48.28,48.28,33.80,33.80,Pokemon,Pack,1999 Topps Movie,48.28,,,,PriceCharting
1999 Topps Tv Booster Pack [Series 2],56.95,56.95,39.87,39.87,Pokemon,Pack,1999 Topps Tv,56.95,,,,PriceCharting
1999 Topps Tv Booster Pack Series 1 Blue Logo,92.38,92.38,64.67,64.67,Pokemon,Pack,1999 Topps Tv,92.38,,,,PriceCharting
2000 Topps Chrome Booster Pack,825.00,825.00,577.50,577.50,Pokemon,Pack,2000 Topps Chrome,825.00,,,,PriceCharting
2000 Topps Chrome Booster Pack: Series 2,1022.00,1022.00,715.40,715.40,Pokemon,Pack,2000 Topps Chrome,1022.00,,,,PriceCharting
2000 Topps Tv Booster Pack [Series 3],166.78,166.78,116.75,116.75,Pokemon,Pack,2000 Topps Tv,166.78,,,,PriceCharting
Ancient Origins Booster Pack,119.94,119.94,83.96,83.96,Pokemon,Pack,Ancient Origins,119.94,,,,PriceCharting
Ancient Origins Mini Booster Pack,43.68,43.68,30.58,30.58,Pokemon,Pack,Ancient Origins,43.68,,,,PriceCharting
Aquapolis Blister Pack,3365.00,3365.00,2355.50,2355.50,Pokemon,Pack,Aquapolis,3365.00,,,,PriceCharting
Aquapolis Booster Pack,1739.00,1869.49,1308.65,1308.65,Pokemon,Pack,Aquapolis,1739.00,1999.99,,,PriceCharting + TCGplayer
Arceus Blister Pack,184.68,184.68,129.28,129.28,Pokemon,Pack,Arceus,184.68,,,,PriceCharting + TCGplayer
Arceus Booster Pack,204.78,739.70,517.79,517.79,Pokemon,Pack,Arceus,204.78,529.41,949.99,949.99,PriceCharting + TCGplayer
Astral Radiance Feraligatr Premium Checklane Blister,14.62,14.62,10.23,10.23,Pokemon,Pack,Astral Radiance,14.62,,,,PriceCharting
Astral Radiance Swampert Premium Checklane Blister,14.99,14.99,10.49,10.49,Pokemon,Pack,Astral Radiance,14.99,,,,PriceCharting
Base Set Blister Pack,1748.84,1748.84,1224.19,1224.19,Pokemon,Pack,Base Set,1748.84,,,,PriceCharting
Base Set Blister Pack [1st Edition],10400.00,10400.00,7280.00,7280.00,Pokemon,Pack,Base Set,10400.00,,,,PriceCharting
Base Set Blister Pack [Shadowless],2119.03,2119.03,1483.32,1483.32,Pokemon,Pack,Base Set,2119.03,,,,PriceCharting
Base Set Booster Pack,632.50,632.50,442.75,442.75,Pokemon,Pack,Base Set,632.50,,,,PriceCharting
Base Set Booster Pack [1st Edition],6468.68,6468.68,4528.08,4528.08,Pokemon,Pack,Base Set,6468.68,,,,PriceCharting
Base Set Booster Pack [Revised Unlimited Edition],927.56,949.99,664.99,664.99,Pokemon,Pack,Base Set,,927.56,990.00,949.99,TCGplayer
Base Set Booster Pack [Shadowless],3529.21,3529.21,2470.45,2470.45,Pokemon,Pack,Base Set,3529.21,,,,PriceCharting
Base Set Booster Pack [Triangle Error],1135.97,1135.97,795.18,795.18,Pokemon,Pack,Base Set,1135.97,,,,PriceCharting
Base Set Plastic Pack Demo Game,2995.99,2995.99,2097.19,2097.19,Pokemon,Pack,Base Set,2995.99,,,,PriceCharting
Pokemon Base Set (Shadowless) [1st Edition] Booster Pack,17500.00,16250.00,11375.00,11375.00,Pokemon,Pack,Base Set (Shadowless),,,17500.00,15000.00,TCGplayer
Pokemon Base Set (Shadowless) [Unlimited Edition] Booster Pack,5000.00,4499.99,3150.00,3150.00,Pokemon,Pack,Base Set (Shadowless),,,5000.00,3999.99,TCGplayer
Base Set 2 Booster Pack,316.00,443.37,310.36,310.36,Pokemon,Pack,Base Set 2,316.00,436.74,489.99,450.00,PriceCharting + TCGplayer
Battle Styles Blister Pack,46.00,46.00,32.20,32.20,Pokemon,Pack,Battle Styles,46.00,,,,PriceCharting
Black and White Booster Pack,203.49,203.49,142.44,142.44,Pokemon,Pack,Black and White,,203.49,262.74,200.00,TCGplayer
Black and White Preview Pack,36.00,36.00,25.20,25.20,Pokemon,Pack,Black and White,,36.00,36.00,25.00,TCGplayer
Boundaries Crossed Blister Pack,473.42,473.42,331.39,331.39,Pokemon,Pack,Boundaries Crossed,473.42,,,,PriceCharting
Boundaries Crossed Booster Pack,204.63,225.37,157.76,157.76,Pokemon,Pack,Boundaries Crossed,204.63,246.11,,,PriceCharting + TCGplayer
Breakpoint 3 Card Pack,8.50,8.50,5.95,5.95,Pokemon,Pack,Breakpoint,8.50,,,,PriceCharting
Breakpoint Blister Pack: Pikachu,375.00,375.00,262.50,262.50,Pokemon,Pack,Breakpoint,375.00,,,,PriceCharting
Breakpoint Booster Pack,45.95,45.95,32.16,32.16,Pokemon,Pack,Breakpoint,45.95,,,,PriceCharting
Breakpoint Sleeved Booster Pack,55.69,55.69,38.98,38.98,Pokemon,Pack,Breakpoint,55.69,,,,PriceCharting
Breakthrough Sealed Booster Pack,60.00,60.00,42.00,42.00,Pokemon,Pack,Breakthrough,60.00,,,,PriceCharting
Brilliant Stars Salamence Premium Checklane Blister,23.28,23.28,16.30,16.30,Pokemon,Pack,Brilliant Stars,23.28,,,,PriceCharting
Burning Shadows Blister Pack,77.00,77.00,53.90,53.90,Pokemon,Pack,Burning Shadows,77.00,,,,PriceCharting
Call Of Legends Blister Pack,1833.44,1833.44,1283.41,1283.41,Pokemon,Pack,Call Of Legends,1833.44,,,,PriceCharting
Call of Legends Booster Pack,818.39,1657.42,1160.19,1160.19,Pokemon,Pack,Call of Legends,818.39,1114.85,2199.99,2199.99,PriceCharting + TCGplayer
Celebrations Booster Pack,31.00,32.61,22.83,22.83,Pokemon,Pack,Celebrations,31.00,34.23,41.99,18.99,PriceCharting + TCGplayer
Celebrations Booster Pack [General Mills],6.38,6.38,4.47,4.47,Pokemon,Pack,Celebrations,6.38,,,,PriceCharting
Celebrations First Partner Pack [Alola],21.27,21.27,14.89,14.89,Pokemon,Pack,Celebrations,21.27,,,,PriceCharting
Celebrations First Partner Pack [Galar],14.00,14.00,9.80,9.80,Pokemon,Pack,Celebrations,14.00,,,,PriceCharting
Celebrations First Partner Pack [Hoenn],18.02,18.02,12.61,12.61,Pokemon,Pack,Celebrations,18.02,,,,PriceCharting
Celebrations First Partner Pack [Johto],2.47,2.47,1.73,1.73,Pokemon,Pack,Celebrations,2.47,,,,PriceCharting
Celebrations First Partner Pack [Kalos],6.56,6.56,4.59,4.59,Pokemon,Pack,Celebrations,6.56,,,,PriceCharting
Celebrations First Partner Pack [Kanto],16.88,16.88,11.82,11.82,Pokemon,Pack,Celebrations,16.88,,,,PriceCharting
Celebrations First Partner Pack [Sinnoh],16.42,16.42,11.49,11.49,Pokemon,Pack,Celebrations,16.42,,,,PriceCharting
Celebrations First Partner Pack [Unova],22.49,22.49,15.74,15.74,Pokemon,Pack,Celebrations,22.49,,,,PriceCharting
Celestial Storm Mini Booster Pack,11.34,11.34,7.94,7.94,Pokemon,Pack,Celestial Storm,11.34,,,,PriceCharting
Champion's Path Booster Pack,19.54,19.54,13.68,13.68,Pokemon,Pack,Champion's Path,,19.54,19.99,16.00,TCGplayer
Chaos Rising 3 Pack Blister: Charmeleon,22.05,22.05,15.43,15.43,Pokemon,Pack,Chaos Rising,22.05,,,,PriceCharting
Chaos Rising Booster Pack,8.15,8.15,5.71,5.71,Pokemon,Pack,Chaos Rising,8.15,,,,PriceCharting
Chaos Rising Checklane Blister: Reshiram,22.00,22.00,15.40,15.40,Pokemon,Pack,Chaos Rising,22.00,,,,PriceCharting
Chaos Rising Checklane Blister: Zacian,27.42,27.42,19.19,19.19,Pokemon,Pack,Chaos Rising,27.42,,,,PriceCharting
Chaos Rising Premium Checklane Blister: Flygon,15.00,15.00,10.50,10.50,Pokemon,Pack,Chaos Rising,15.00,,,,PriceCharting
Chaos Rising Premium Checklane Blister: Pawmot,14.70,14.70,10.29,10.29,Pokemon,Pack,Chaos Rising,14.70,,,,PriceCharting
Chaos Rising Single Pack Blister: Toxel,15.65,15.65,10.96,10.96,Pokemon,Pack,Chaos Rising,15.65,,,,PriceCharting
Chaos Rising Sleeved Booster Pack,7.13,7.13,4.99,4.99,Pokemon,Pack,Chaos Rising,7.13,,,,PriceCharting
Chilling Reign 2 Pack Blister,44.83,44.83,31.38,31.38,Pokemon,Pack,Chilling Reign,44.83,,,,PriceCharting
Chinese 151 Collect Booster Pack,6.38,6.38,4.47,4.47,Pokemon,Pack,Chinese 151 Collect,6.38,,,,PriceCharting
Chinese 151 Collect Booster Pack [Surprise],10.28,10.28,7.20,7.20,Pokemon,Pack,Chinese 151 Collect,10.28,,,,PriceCharting
Chinese Csv4c Booster Pack [Slim],6.31,6.31,4.42,4.42,Pokemon,Pack,Chinese Csv4c,6.31,,,,PriceCharting
Chinese Csv5c Booster Pack,0.01,0.01,0.01,0.01,Pokemon,Pack,Chinese Csv5c,0.01,,,,PriceCharting
Chinese Csv6c Booster Pack,0.99,0.99,0.69,0.69,Pokemon,Pack,Chinese Csv6c,0.99,,,,PriceCharting
Chinese Csv8c Booster Pack,3.99,3.99,2.79,2.79,Pokemon,Pack,Chinese Csv8c,3.99,,,,PriceCharting
Chinese Csv9c Booster Pack,4.38,4.38,3.07,3.07,Pokemon,Pack,Chinese Csv9c,4.38,,,,PriceCharting
Chinese Gem Pack Sealed Booster Pack,14.70,14.70,10.29,10.29,Pokemon,Pack,Chinese Gem Pack,14.70,,,,PriceCharting
Chinese Gem Pack 2 Booster Pack,69.99,69.99,48.99,48.99,Pokemon,Pack,Chinese Gem Pack 2,69.99,,,,PriceCharting
Chinese Gem Pack 3 Booster Pack,22.45,22.45,15.71,15.71,Pokemon,Pack,Chinese Gem Pack 3,22.45,,,,PriceCharting
Chinese Gem Pack 4 Booster Pack,3.00,3.00,2.10,2.10,Pokemon,Pack,Chinese Gem Pack 4,3.00,,,,PriceCharting
Chinese Gem Pack 5 Booster Pack,226.43,226.43,158.50,158.50,Pokemon,Pack,Chinese Gem Pack 5,226.43,,,,PriceCharting
Chinese Gem Pack 6 Booster Pack,4.99,4.99,3.49,3.49,Pokemon,Pack,Chinese Gem Pack 6,4.99,,,,PriceCharting
Chinese Promo 2024 Lunar New Year Red Pack,20.21,20.21,14.15,14.15,Pokemon,Pack,Chinese Promo,20.21,,,,PriceCharting
Chinese Promo Pizza Hut Promo Pack,69.08,69.08,48.36,48.36,Pokemon,Pack,Chinese Promo,69.08,,,,PriceCharting
Chinese Promo Pokemon Center Taipei Foil Pack,158.70,158.70,111.09,111.09,Pokemon,Pack,Chinese Promo,158.70,,,,PriceCharting
Chinese Promo Pokemon Taiwan FamilyMart Promo Pack,24.01,24.01,16.81,16.81,Pokemon,Pack,Chinese Promo,24.01,,,,PriceCharting
Cosmic Eclipse Blister Pack,210.53,210.53,147.37,147.37,Pokemon,Pack,Cosmic Eclipse,210.53,,,,PriceCharting
Cosmic Eclipse Mini Booster Pack,34.25,34.25,23.97,23.97,Pokemon,Pack,Cosmic Eclipse,34.25,,,,PriceCharting
Cosmic Eclipse Sleeved Booster Pack,115.00,115.00,80.50,80.50,Pokemon,Pack,Cosmic Eclipse,115.00,,,,PriceCharting
Crystal Guardians Blister Pack,607.10,607.10,424.97,424.97,Pokemon,Pack,Crystal Guardians,607.10,,,,PriceCharting
Dark Explorers Blister Pack,565.00,565.00,395.50,395.50,Pokemon,Pack,Dark Explorers,565.00,,,,PriceCharting
Dark Explorers Booster Pack,325.00,394.00,275.80,275.80,Pokemon,Pack,Dark Explorers,325.00,,396.62,394.00,PriceCharting + TCGplayer
Dark Explorers Sampling Pack,107.06,107.06,74.94,74.94,Pokemon,Pack,Dark Explorers,107.06,,107.50,105.00,PriceCharting + TCGplayer
Darkness Ablaze 2 Pack Blister,20.55,20.55,14.38,14.38,Pokemon,Pack,Darkness Ablaze,20.55,,,,PriceCharting
Darkness Ablaze Checklane Blister: Pikachu,39.95,39.95,27.96,27.96,Pokemon,Pack,Darkness Ablaze,39.95,,,,PriceCharting
Delta Species Blister Pack,1801.00,1801.00,1260.70,1260.70,Pokemon,Pack,Delta Species,1801.00,,,,PriceCharting
Destined Rivals Blister Pack: Eevee,21.25,21.25,14.87,14.87,Pokemon,Pack,Destined Rivals,21.25,,,,PriceCharting
Destined Rivals Blister Pack: Zarude,20.14,20.14,14.10,14.10,Pokemon,Pack,Destined Rivals,20.14,,,,PriceCharting
Detective Pikachu Booster Pack,20.00,24.27,16.99,16.99,Pokemon,Pack,Detective Pikachu,20.00,24.56,24.99,23.99,PriceCharting + TCGplayer
Detective Pikachu Booster Pack [2-Card],20.01,20.01,14.01,14.01,Pokemon,Pack,Detective Pikachu,20.01,,,,PriceCharting
Detective Pikachu Two Pack Blister,99.99,150.00,105.00,105.00,Pokemon,Pack,Detective Pikachu,,99.99,150.00,150.00,TCGplayer
Diamond and Pearl Booster Pack,195.00,300.00,210.00,210.00,Pokemon,Pack,Diamond and Pearl,,195.00,340.00,300.00,TCGplayer
Double Crisis Booster Pack,384.67,462.44,323.70,323.70,Pokemon,Pack,Double Crisis,384.67,428.88,498.00,495.99,PriceCharting + TCGplayer
Double Crisis: Team Aqua Blister,2399.99,2399.99,1679.99,1679.99,Pokemon,Pack,Double Crisis,,,2399.99,2399.99,TCGplayer
Double Crisis: Team Magma Blister,1999.00,2399.99,1679.99,1679.99,Pokemon,Pack,Double Crisis,,1999.00,2399.99,2399.99,TCGplayer
Dragon Blister Pack,1164.02,1164.02,814.81,814.81,Pokemon,Pack,Dragon,1164.02,,,,PriceCharting
Dragon Booster Pack,588.33,588.33,411.83,411.83,Pokemon,Pack,Dragon,588.33,,,,PriceCharting
Dragon Frontiers Blister Pack,2399.99,2399.99,1679.99,1679.99,Pokemon,Pack,Dragon Frontiers,2399.99,,,,PriceCharting
Dragon Majesty Booster Pack,110.50,115.25,80.67,80.67,Pokemon,Pack,Dragon Majesty,110.50,107.42,121.29,119.99,PriceCharting + TCGplayer
Dragon Vault 3 Pack Blister,1995.90,1995.90,1397.13,1397.13,Pokemon,Pack,Dragon Vault,,1995.90,,,TCGplayer
Dragon Vault Booster Pack,278.30,271.77,190.24,190.24,Pokemon,Pack,Dragon Vault,278.30,265.25,,,PriceCharting + TCGplayer
Dragons Exalted Booster Pack,364.82,360.11,252.08,252.08,Pokemon,Pack,Dragons Exalted,364.82,355.40,399.95,344.99,PriceCharting + TCGplayer
Emerald Blister Pack,1800.00,1800.00,1260.00,1260.00,Pokemon,Pack,Emerald,1800.00,,,,PriceCharting
Emerging Powers Booster Pack,100.03,169.69,118.78,118.78,Pokemon,Pack,Emerging Powers,,100.03,300.00,169.69,TCGplayer
Evolutions 3 Card Booster Pack,24.95,24.95,17.46,17.46,Pokemon,Pack,Evolutions,24.95,,,,PriceCharting
Evolutions 3 Pack Blister [Black Kyurem],320.00,320.00,224.00,224.00,Pokemon,Pack,Evolutions,320.00,,,,PriceCharting
Evolutions 3 Pack Blister [Braixen],234.34,234.34,164.04,164.04,Pokemon,Pack,Evolutions,234.34,,,,PriceCharting
Evolutions Mini Booster Pack,79.40,79.40,55.58,55.58,Pokemon,Pack,Evolutions,79.40,,,,PriceCharting
Evolutions Sampling Pack,15.93,15.93,11.15,11.15,Pokemon,Pack,Evolutions,15.93,,,,PriceCharting
Evolutions Single Pack Blister,115.09,115.09,80.56,80.56,Pokemon,Pack,Evolutions,115.09,,,,PriceCharting
Evolving Skies Blister Pack: Octillery,59.83,59.83,41.88,41.88,Pokemon,Pack,Evolving Skies,59.83,,,,PriceCharting
Evolving Skies Booster Pack [Heavy],45.98,45.98,32.19,32.19,Pokemon,Pack,Evolving Skies,45.98,,,,PriceCharting
Evolving Skies Checklane Blister: Eevee,78.48,78.48,54.94,54.94,Pokemon,Pack,Evolving Skies,78.48,,,,PriceCharting
Evolving Skies Checklane Blister: Galarian Slowpoke,69.00,69.00,48.30,48.30,Pokemon,Pack,Evolving Skies,69.00,,,,PriceCharting
Crystal Guardians Booster Pack,869.81,1799.99,1259.99,1259.99,Pokemon,Pack,EX Crystal Guardians,869.81,1299.99,2299.99,2299.99,PriceCharting + TCGplayer
Delta Species Booster Pack,1210.08,1210.08,847.06,847.06,Pokemon,Pack,EX Delta Species,1210.08,,,,PriceCharting + TCGplayer
Deoxys Booster Pack,1409.41,3999.99,2799.99,2799.99,Pokemon,Pack,EX Deoxys,1409.41,,4499.99,3999.99,PriceCharting + TCGplayer
EX Dragon Booster Pack,1250.00,1600.00,1120.00,1120.00,Pokemon,Pack,EX Dragon,,1250.00,2025.00,1600.00,TCGplayer
Dragon Frontiers Booster Pack,1514.89,3499.99,2449.99,2449.99,Pokemon,Pack,EX Dragon Frontiers,1514.89,,3749.99,3499.99,PriceCharting + TCGplayer
Emerald Booster Pack,1014.10,1257.05,879.93,879.93,Pokemon,Pack,EX Emerald,1014.10,1000.00,2750.00,1500.00,PriceCharting + TCGplayer
FireRed & LeafGreen Booster Pack,1009.96,1999.99,1399.99,1399.99,Pokemon,Pack,EX FireRed & LeafGreen,,1009.96,2099.99,1999.99,TCGplayer
Hidden Legends Booster Pack,500.00,900.00,630.00,630.00,Pokemon,Pack,EX Hidden Legends,500.00,800.00,1000.00,1000.00,PriceCharting + TCGplayer
Legend Maker Booster Pack,1186.59,1600.00,1120.00,1120.00,Pokemon,Pack,EX Legend Maker,1186.59,,2299.99,1600.00,PriceCharting + TCGplayer
Power Keepers Booster Pack,821.17,1274.99,892.49,892.49,Pokemon,Pack,EX Power Keepers,821.17,949.99,1599.99,1599.99,PriceCharting + TCGplayer
Ruby and Sapphire Booster Pack,799.99,999.99,699.99,699.99,Pokemon,Pack,EX Ruby and Sapphire,,799.99,999.99,999.99,TCGplayer
Sandstorm Booster Pack,457.98,478.37,334.86,334.86,Pokemon,Pack,EX Sandstorm,457.98,498.75,,,PriceCharting + TCGplayer
Team Magma vs Team Aqua Booster Pack,1349.99,1174.99,822.50,822.50,Pokemon,Pack,EX Team Magma vs Team Aqua,,,1349.99,1000.00,TCGplayer
Team Rocket Returns Booster Pack,1971.75,1971.75,1380.22,1380.22,Pokemon,Pack,EX Team Rocket Returns,1971.75,,,,PriceCharting + TCGplayer
Unseen Forces Booster Pack,1352.52,1352.52,946.76,946.76,Pokemon,Pack,EX Unseen Forces,1352.52,,,,PriceCharting + TCGplayer
Expedition Blister Pack,3200.00,3200.00,2240.00,2240.00,Pokemon,Pack,Expedition,3200.00,,,,PriceCharting
Expedition Booster Pack,2077.26,2077.26,1454.08,1454.08,Pokemon,Pack,Expedition,2077.26,,,,PriceCharting
Expedition Booster Pack,4800.00,4800.00,3360.00,3360.00,Pokemon,Pack,Expedition,,,4800.00,4800.00,TCGplayer
Fates Collide Blister Pack,173.09,173.09,121.16,121.16,Pokemon,Pack,Fates Collide,173.09,,,,PriceCharting
Fates Collide Booster Pack,42.00,42.00,29.40,29.40,Pokemon,Pack,Fates Collide,42.00,,,,PriceCharting
Fates Collide Mini Booster Pack,10.50,10.50,7.35,7.35,Pokemon,Pack,Fates Collide,10.50,,,,PriceCharting
Fates Collide Sleeved Booster Pack,52.29,52.29,36.60,36.60,Pokemon,Pack,Fates Collide,52.29,,,,PriceCharting
First Partner Pack (Alola),23.43,25.00,17.50,17.50,Pokemon,Pack,First Partner Pack,,23.43,30.25,25.00,TCGplayer
First Partner Pack (Galar),31.20,31.20,21.84,21.84,Pokemon,Pack,First Partner Pack,,31.20,37.77,29.99,TCGplayer
First Partner Pack (Hoenn),24.81,24.81,17.37,17.37,Pokemon,Pack,First Partner Pack,,24.81,27.50,24.00,TCGplayer
First Partner Pack (Johto),63.52,69.50,48.65,48.65,Pokemon,Pack,First Partner Pack,,63.52,72.35,69.50,TCGplayer
First Partner Pack (Kalos),26.70,30.90,21.63,21.63,Pokemon,Pack,First Partner Pack,,26.70,33.00,30.90,TCGplayer
First Partner Pack (Kanto),69.02,69.02,48.31,48.31,Pokemon,Pack,First Partner Pack,,69.02,72.99,61.92,TCGplayer
First Partner Pack (Sinnoh),23.30,23.30,16.31,16.31,Pokemon,Pack,First Partner Pack,,23.30,30.00,21.99,TCGplayer
Flashfire Blister Pack,463.45,463.45,324.41,324.41,Pokemon,Pack,Flashfire,463.45,,,,PriceCharting
Flashfire Mini Booster Pack,29.25,29.25,20.47,20.47,Pokemon,Pack,Flashfire,29.25,,,,PriceCharting
Forbidden Light Blister Pack,75.00,75.00,52.50,52.50,Pokemon,Pack,Forbidden Light,75.00,,,,PriceCharting
Forbidden Light Mini Booster Pack,55.09,55.09,38.56,38.56,Pokemon,Pack,Forbidden Light,55.09,,,,PriceCharting
Forbidden Light Mini Portfolio Double Pack,32.35,32.35,22.64,22.64,Pokemon,Pack,Forbidden Light,32.35,,,,PriceCharting
Forbidden Light Sampling Pack,9.90,9.90,6.93,6.93,Pokemon,Pack,Forbidden Light,9.90,,,,PriceCharting
Fossil Blister Pack,639.20,639.20,447.44,447.44,Pokemon,Pack,Fossil,639.20,,,,PriceCharting + TCGplayer
Fossil Booster Pack,300.26,300.26,210.18,210.18,Pokemon,Pack,Fossil,300.26,,,,PriceCharting
Fossil Booster Pack [1st Edition],460.00,666.10,466.27,466.27,Pokemon,Pack,Fossil,460.00,672.19,703.98,660.00,PriceCharting + TCGplayer
Fossil Booster Pack [Unlimited Edition],338.71,338.71,237.10,237.10,Pokemon,Pack,Fossil,,338.71,380.00,330.00,TCGplayer
Furious Fists Blister Pack [Zoroark],234.16,234.16,163.91,163.91,Pokemon,Pack,Furious Fists,234.16,,,,PriceCharting
Furious Fists Mini Booster Pack,12.99,12.99,9.09,9.09,Pokemon,Pack,Furious Fists,12.99,,,,PriceCharting
Fusion Strike Checklane Blister 2 Pack,28.64,28.64,20.05,20.05,Pokemon,Pack,Fusion Strike,28.64,,,,PriceCharting
Generations Booster Pack,300.64,324.71,227.30,227.30,Pokemon,Pack,Generations,300.64,311.42,377.49,338.00,PriceCharting + TCGplayer
Go Booster Pack,12.61,12.61,8.83,8.83,Pokemon,Pack,Go,12.61,,,,PriceCharting
Great Encounters Blister Pack,919.03,919.03,643.32,643.32,Pokemon,Pack,Great Encounters,919.03,,,,PriceCharting
Great Encounters Booster Pack,205.09,461.66,323.16,323.16,Pokemon,Pack,Great Encounters,205.09,323.33,599.99,599.99,PriceCharting + TCGplayer
Guardians Rising Blister Pack [Tsareena],24.50,24.50,17.15,17.15,Pokemon,Pack,Guardians Rising,24.50,,,,PriceCharting
Guardians Rising Mini Booster Pack,9.50,9.50,6.65,6.65,Pokemon,Pack,Guardians Rising,9.50,,,,PriceCharting
Gym Challenge Booster Pack,419.00,419.00,293.30,293.30,Pokemon,Pack,Gym Challenge,419.00,,,,PriceCharting
Gym Challenge Booster Pack [1st Edition],778.75,825.00,577.50,577.50,Pokemon,Pack,Gym Challenge,778.75,825.00,837.50,825.00,PriceCharting + TCGplayer
Gym Challenge Booster Pack [Unlimited Edition],419.99,419.99,293.99,293.99,Pokemon,Pack,Gym Challenge,,419.99,425.00,419.99,TCGplayer
Gym Heroes Booster Pack,309.88,309.88,216.92,216.92,Pokemon,Pack,Gym Heroes,309.88,,,,PriceCharting
Gym Heroes Booster Pack [1st Edition],468.83,597.50,418.25,418.25,Pokemon,Pack,Gym Heroes,468.83,495.00,699.99,699.99,PriceCharting + TCGplayer
HeartGold SoulSilver Booster Pack,466.66,750.00,525.00,525.00,Pokemon,Pack,HeartGold SoulSilver,,466.66,750.00,750.00,TCGplayer
Hidden Fates Booster Pack,47.98,48.49,33.94,33.94,Pokemon,Pack,Hidden Fates,47.98,49.02,49.00,47.96,PriceCharting + TCGplayer
Hidden Legends Blister Pack,1050.00,1050.00,735.00,735.00,Pokemon,Pack,Hidden Legends,1050.00,,,,PriceCharting
Holon Phantoms Blister Pack,2897.00,2897.00,2027.90,2027.90,Pokemon,Pack,Holon Phantoms,2897.00,,,,PriceCharting
Holon Phantoms Booster Pack,1974.67,1974.67,1382.27,1382.27,Pokemon,Pack,Holon Phantoms,1974.67,,,,PriceCharting
Japanese 20th Anniversary Booster Pack,440.00,440.00,308.00,308.00,Pokemon,Pack,Japanese 20th Anniversary,440.00,,,,PriceCharting
Japanese 25th Anniversary Collection Booster Pack,23.15,23.15,16.20,16.20,Pokemon,Pack,Japanese 25th Anniversary Collection,23.15,,,,PriceCharting
Japanese 25th Anniversary Promo Booster Pack,148.79,148.79,104.15,104.15,Pokemon,Pack,Japanese 25th Anniversary Promo,148.79,,,,PriceCharting
Japanese 30th Celebration Booster Pack,9.64,9.64,6.75,6.75,Pokemon,Pack,Japanese 30th Celebration,9.64,,,,PriceCharting
Japanese Abyss Eye Booster Pack,2.62,2.62,1.83,1.83,Pokemon,Pack,Japanese Abyss Eye,2.62,,,,PriceCharting
Japanese Advent Of Arceus Booster Pack,526.77,526.77,368.74,368.74,Pokemon,Pack,Japanese Advent Of Arceus,526.77,,,,PriceCharting
Japanese Alolan Moonlight Booster Pack,29.99,29.99,20.99,20.99,Pokemon,Pack,Japanese Alolan Moonlight,29.99,,,,PriceCharting
Japanese Alter Genesis Booster Pack,20.51,20.51,14.36,14.36,Pokemon,Pack,Japanese Alter Genesis,20.51,,,,PriceCharting
Japanese Amazing Volt Tackle Booster Pack,9.21,9.21,6.45,6.45,Pokemon,Pack,Japanese Amazing Volt Tackle,9.21,,,,PriceCharting
Japanese Ancient Roar Booster Pack,8.43,8.43,5.90,5.90,Pokemon,Pack,Japanese Ancient Roar,8.43,,,,PriceCharting
Japanese Awakening Legends Booster Pack,1699.50,1699.50,1189.65,1189.65,Pokemon,Pack,Japanese Awakening Legends,1699.50,,,,PriceCharting
Japanese Bandit Ring Booster Pack,53.17,53.17,37.22,37.22,Pokemon,Pack,Japanese Bandit Ring,53.17,,,,PriceCharting
Japanese Battle Partners Booster Pack,7.94,7.94,5.56,5.56,Pokemon,Pack,Japanese Battle Partners,7.94,,,,PriceCharting
Japanese Battle Region Booster Pack,9.41,9.41,6.59,6.59,Pokemon,Pack,Japanese Battle Region,9.41,,,,PriceCharting
Japanese Beat Of The Frontier Booster Pack,452.59,452.59,316.81,316.81,Pokemon,Pack,Japanese Beat Of The Frontier,452.59,,,,PriceCharting
Japanese Best Of Xy Booster Pack,300.00,300.00,210.00,210.00,Pokemon,Pack,Japanese Best Of Xy,300.00,,,,PriceCharting
Japanese Black Bolt Booster Pack,3.10,3.10,2.17,2.17,Pokemon,Pack,Japanese Black Bolt,3.10,,,,PriceCharting
Japanese Black Bolt Deluxe Booster Pack,102.04,102.04,71.43,71.43,Pokemon,Pack,Japanese Black Bolt,102.04,,,,PriceCharting
Japanese Blue Sky Stream Booster Pack,13.60,13.60,9.52,9.52,Pokemon,Pack,Japanese Blue Sky Stream,13.60,,,,PriceCharting
Japanese Challenge From The Darkness Booster Pack,1063.00,1063.00,744.10,744.10,Pokemon,Pack,Japanese Challenge From The Darkness,1063.00,,,,PriceCharting
Japanese Clay Burst Booster Pack,6.91,6.91,4.84,4.84,Pokemon,Pack,Japanese Clay Burst,6.91,,,,PriceCharting
Japanese Crimson Haze Booster Pack,7.00,7.00,4.90,4.90,Pokemon,Pack,Japanese Crimson Haze,7.00,,,,PriceCharting
Japanese Crossing The Ruins Booster Pack,965.80,965.80,676.06,676.06,Pokemon,Pack,Japanese Crossing The Ruins,965.80,,,,PriceCharting
Japanese Cyber Judge Booster Pack,4.50,4.50,3.15,3.15,Pokemon,Pack,Japanese Cyber Judge,4.50,,,,PriceCharting
Japanese Dark Phantasma Booster Pack,7.02,7.02,4.91,4.91,Pokemon,Pack,Japanese Dark Phantasma,7.02,,,,PriceCharting
Japanese Darkness And To Light Booster Pack,2736.27,2736.27,1915.39,1915.39,Pokemon,Pack,Japanese Darkness And To Light,2736.27,,,,PriceCharting
Japanese Double Blaze Booster Pack,12.90,12.90,9.03,9.03,Pokemon,Pack,Japanese Double Blaze,12.90,,,,PriceCharting
Japanese Dream League Booster Pack,140.53,140.53,98.37,98.37,Pokemon,Pack,Japanese Dream League,140.53,,,,PriceCharting
Japanese Dream Shine Collection Booster Pack,600.00,600.00,420.00,420.00,Pokemon,Pack,Japanese Dream Shine Collection,600.00,,,,PriceCharting
Japanese Eevee Heroes Booster Pack,85.00,85.00,59.50,59.50,Pokemon,Pack,Japanese Eevee Heroes,85.00,,,,PriceCharting
Japanese Expansion Pack Booster Pack,1625.00,1625.00,1137.50,1137.50,Pokemon,Pack,Japanese Expansion Pack,1625.00,,,,PriceCharting
Japanese Expansion Pack Booster Pack [Short],1742.50,1742.50,1219.75,1219.75,Pokemon,Pack,Japanese Expansion Pack,1742.50,,,,PriceCharting
Japanese Fusion Arts Booster Pack,8.80,8.80,6.16,6.16,Pokemon,Pack,Japanese Fusion Arts,8.80,,,,PriceCharting
Japanese Future Flash Booster Pack,5.00,5.00,3.50,3.50,Pokemon,Pack,Japanese Future Flash,5.00,,,,PriceCharting
Japanese Glory Of Team Rocket Booster Pack,5.63,5.63,3.94,3.94,Pokemon,Pack,Japanese Glory Of Team Rocket,5.63,,,,PriceCharting
Japanese Go Booster Pack,9.95,9.95,6.96,6.96,Pokemon,Pack,Japanese Go,9.95,,,,PriceCharting
Japanese Go Sealed 1 Card Pack,4.84,4.84,3.39,3.39,Pokemon,Pack,Japanese Go,4.84,,,,PriceCharting
Japanese Gold Silver New World Booster Pack,970.33,970.33,679.23,679.23,Pokemon,Pack,Japanese Gold Silver New World,970.33,,,,PriceCharting
Japanese Gx Battle Boost Booster Pack,196.05,196.05,137.23,137.23,Pokemon,Pack,Japanese Gx Battle Boost,196.05,,,,PriceCharting
Japanese Gx Ultra Shiny Booster Pack,197.49,197.49,138.24,138.24,Pokemon,Pack,Japanese Gx Ultra Shiny,197.49,,,,PriceCharting
Japanese Heat Wave Arena Booster Pack,15.30,15.30,10.71,10.71,Pokemon,Pack,Japanese Heat Wave Arena,15.30,,,,PriceCharting
Japanese Incandescent Arcana Booster Pack,7.92,7.92,5.54,5.54,Pokemon,Pack,Japanese Incandescent Arcana,7.92,,,,PriceCharting
Japanese Inferno X Booster Pack,4.19,4.19,2.93,2.93,Pokemon,Pack,Japanese Inferno X,4.19,,,,PriceCharting
Japanese Jungle Booster Pack,721.00,721.00,504.70,504.70,Pokemon,Pack,Japanese Jungle,721.00,,,,PriceCharting
Japanese Legendary Shine Collection Booster Pack,260.34,260.34,182.24,182.24,Pokemon,Pack,Japanese Legendary Shine Collection,260.34,,,,PriceCharting
Japanese Lost Abyss Booster Pack,22.76,22.76,15.93,15.93,Pokemon,Pack,Japanese Lost Abyss,22.76,,,,PriceCharting
Japanese Mask Of Change Booster Pack,5.55,5.55,3.88,3.88,Pokemon,Pack,Japanese Mask Of Change,5.55,,,,PriceCharting
Japanese Mega Brave Booster Pack,2.49,2.49,1.74,1.74,Pokemon,Pack,Japanese Mega Brave,2.49,,,,PriceCharting
Japanese Mega Dream Ex Booster Pack,13.67,13.67,9.57,9.57,Pokemon,Pack,Japanese Mega Dream Ex,13.67,,,,PriceCharting
Japanese Mega Symphonia Booster Pack,2.49,2.49,1.74,1.74,Pokemon,Pack,Japanese Mega Symphonia,2.49,,,,PriceCharting
Japanese Miracle Twins Booster Pack,16.98,16.98,11.89,11.89,Pokemon,Pack,Japanese Miracle Twins,16.98,,,,PriceCharting
Japanese Mysterious Mountains Booster Pack,612.47,612.47,428.73,428.73,Pokemon,Pack,Japanese Mysterious Mountains,612.47,,,,PriceCharting
Japanese Mystery Of The Fossils Booster Pack,972.50,972.50,680.75,680.75,Pokemon,Pack,Japanese Mystery Of The Fossils,972.50,,,,PriceCharting
Japanese Night Wanderer Booster Pack,3.25,3.25,2.27,2.27,Pokemon,Pack,Japanese Night Wanderer,3.25,,,,PriceCharting
Japanese Nihil Zero Booster Pack,6.50,6.50,4.55,4.55,Pokemon,Pack,Japanese Nihil Zero,6.50,,,,PriceCharting
Japanese Ninja Spinner Booster Pack,8.80,8.80,6.16,6.16,Pokemon,Pack,Japanese Ninja Spinner,8.80,,,,PriceCharting
Japanese Paradigm Trigger Booster Pack,31.03,31.03,21.72,21.72,Pokemon,Pack,Japanese Paradigm Trigger,31.03,,,,PriceCharting
Japanese Paradise Dragona Booster Pack,4.00,4.00,2.80,2.80,Pokemon,Pack,Japanese Paradise Dragona,4.00,,,,PriceCharting
Japanese Pokekyun Collection Booster Pack,1200.00,1200.00,840.00,840.00,Pokemon,Pack,Japanese Pokekyun Collection,1200.00,,,,PriceCharting
Japanese Promo 2024 Summer Promo Pack,24.99,24.99,17.49,17.49,Pokemon,Pack,Japanese Promo,24.99,,,,PriceCharting
Japanese Promo Booster Pack [2016 Staff Event Organizer],118.14,118.14,82.70,82.70,Pokemon,Pack,Japanese Promo,118.14,,,,PriceCharting
Japanese Promo Booster Pack [2017 Staff Event Organizer],75.20,75.20,52.64,52.64,Pokemon,Pack,Japanese Promo,75.20,,,,PriceCharting
Japanese Promo Booster Pack [2025 Staff Event Organizer],8.88,8.88,6.22,6.22,Pokemon,Pack,Japanese Promo,8.88,,,,PriceCharting
Japanese Promo Booster Pack [Dragon Pokemon V Get Challenge],63.93,63.93,44.75,44.75,Pokemon,Pack,Japanese Promo,63.93,,,,PriceCharting
Japanese Promo Illustration Contest 2024 Sealed Pack,24.73,24.73,17.31,17.31,Pokemon,Pack,Japanese Promo,24.73,,,,PriceCharting
Japanese Promo Masked Pikachu Special Pack,2753.00,2753.00,1927.10,1927.10,Pokemon,Pack,Japanese Promo,2753.00,,,,PriceCharting
Japanese Promo Mcdonald's Promo Pack,51.58,51.58,36.11,36.11,Pokemon,Pack,Japanese Promo,51.58,,,,PriceCharting
Japanese Promo Movie Commemoration Special Pack,30.00,30.00,21.00,21.00,Pokemon,Pack,Japanese Promo,30.00,,,,PriceCharting
Japanese Promo Nagaba Promo Pack,114.91,114.91,80.44,80.44,Pokemon,Pack,Japanese Promo,114.91,,,,PriceCharting
Japanese Promo Scarlet & Violet GYM Promo Pack Vol.1,3.99,3.99,2.79,2.79,Pokemon,Pack,Japanese Promo,3.99,,,,PriceCharting
Japanese Promo Scarlet & Violet GYM Promo Pack Vol.2,4.64,4.64,3.25,3.25,Pokemon,Pack,Japanese Promo,4.64,,,,PriceCharting
Japanese Promo Scarlet & Violet GYM Promo Pack Vol.3,9.97,9.97,6.98,6.98,Pokemon,Pack,Japanese Promo,9.97,,,,PriceCharting
Japanese Promo Scarlet & Violet GYM Promo Pack Vol.4,3.99,3.99,2.79,2.79,Pokemon,Pack,Japanese Promo,3.99,,,,PriceCharting
Japanese Promo Scarlet & Violet GYM Promo Pack Vol.5,5.67,5.67,3.97,3.97,Pokemon,Pack,Japanese Promo,5.67,,,,PriceCharting
Japanese Promo Scarlet & Violet GYM Promo Pack Vol.6,3.99,3.99,2.79,2.79,Pokemon,Pack,Japanese Promo,3.99,,,,PriceCharting
Japanese Promo Scarlet & Violet GYM Promo Pack Vol.7,6.50,6.50,4.55,4.55,Pokemon,Pack,Japanese Promo,6.50,,,,PriceCharting
Japanese Promo Scarlet & Violet GYM Promo Pack Vol.8,8.50,8.50,5.95,5.95,Pokemon,Pack,Japanese Promo,8.50,,,,PriceCharting
Japanese Promo Scarlet & Violet GYM Promo Pack Vol.9,7.37,7.37,5.16,5.16,Pokemon,Pack,Japanese Promo,7.37,,,,PriceCharting
Japanese Promo Sealed Pack [2020 Staff Event Organizer],52.23,52.23,36.56,36.56,Pokemon,Pack,Japanese Promo,52.23,,,,PriceCharting
Japanese Promo Sword & Shield Gym Promo Pack Vol.2,7.12,7.12,4.98,4.98,Pokemon,Pack,Japanese Promo,7.12,,,,PriceCharting
Japanese Raging Surf Booster Pack,83.00,83.00,58.10,58.10,Pokemon,Pack,Japanese Raging Surf,83.00,,,,PriceCharting
Japanese Remix Bout Booster Pack,70.00,70.00,49.00,49.00,Pokemon,Pack,Japanese Remix Bout,70.00,,,,PriceCharting
Japanese Rocket Gang Booster Pack,1062.50,1062.50,743.75,743.75,Pokemon,Pack,Japanese Rocket Gang,1062.50,,,,PriceCharting
Japanese Rocket Gang Strikes Back Booster Pack,4100.00,4100.00,2870.00,2870.00,Pokemon,Pack,Japanese Rocket Gang Strikes Back,4100.00,,,,PriceCharting
Japanese Ruler Of The Black Flame Booster Pack,6.00,6.00,4.20,4.20,Pokemon,Pack,Japanese Ruler Of The Black Flame,6.00,,,,PriceCharting
Japanese Scarlet Ex Booster Pack,5.30,5.30,3.71,3.71,Pokemon,Pack,Japanese Scarlet Ex,5.30,,,,PriceCharting
Japanese Shining Legends Booster Pack,139.88,139.88,97.92,97.92,Pokemon,Pack,Japanese Shining Legends,139.88,,,,PriceCharting
Japanese Shiny Collection Booster Pack,465.00,465.00,325.50,325.50,Pokemon,Pack,Japanese Shiny Collection,465.00,,,,PriceCharting
Japanese Shiny Star V Booster Pack,8.01,8.01,5.61,5.61,Pokemon,Pack,Japanese Shiny Star V,8.01,,,,PriceCharting
Japanese Shiny Treasure Ex Booster Pack,28.70,28.70,20.09,20.09,Pokemon,Pack,Japanese Shiny Treasure Ex,28.70,,,,PriceCharting
Japanese Snow Hazard Booster Pack,4.75,4.75,3.32,3.32,Pokemon,Pack,Japanese Snow Hazard,4.75,,,,PriceCharting
Japanese Split Earth Booster Pack,1499.99,1499.99,1049.99,1049.99,Pokemon,Pack,Japanese Split Earth,1499.99,,,,PriceCharting
Japanese Split Earth Booster Pack [1st Edition],1591.32,1591.32,1113.92,1113.92,Pokemon,Pack,Japanese Split Earth,1591.32,,,,PriceCharting
Japanese Star Birth Booster Pack,4.99,4.99,3.49,3.49,Pokemon,Pack,Japanese Star Birth,4.99,,,,PriceCharting
Japanese Stellar Miracle Booster Pack,2.90,2.90,2.03,2.03,Pokemon,Pack,Japanese Stellar Miracle,2.90,,,,PriceCharting
Japanese Storm Emeralda Booster Pack,4.70,4.70,3.29,3.29,Pokemon,Pack,Japanese Storm Emeralda,4.70,,,,PriceCharting
Japanese Super Electric Breaker Booster Pack,5.63,5.63,3.94,3.94,Pokemon,Pack,Japanese Super Electric Breaker,5.63,,,,PriceCharting
Japanese Tag All Stars Booster Pack,66.21,66.21,46.35,46.35,Pokemon,Pack,Japanese Tag All Stars,66.21,,,,PriceCharting
Japanese Tag Bolt Booster Pack,128.96,128.96,90.27,90.27,Pokemon,Pack,Japanese Tag Bolt,128.96,,,,PriceCharting
Japanese Terastal Festival Booster Pack,9.92,9.92,6.94,6.94,Pokemon,Pack,Japanese Terastal Festival,9.92,,,,PriceCharting
Japanese The Town On No Map Booster Pack,1584.48,1584.48,1109.14,1109.14,Pokemon,Pack,Japanese The Town On No Map,1584.48,,,,PriceCharting
Japanese Topsun Booster Pack,771.01,771.01,539.71,539.71,Pokemon,Pack,Japanese Topsun,771.01,,,,PriceCharting
Japanese Triplet Beat Booster Pack,8.00,8.00,5.60,5.60,Pokemon,Pack,Japanese Triplet Beat,8.00,,,,PriceCharting
Japanese Violet Ex Booster Pack,2.60,2.60,1.82,1.82,Pokemon,Pack,Japanese Violet Ex,2.60,,,,PriceCharting
Japanese Vmax Climax Booster Pack,9.16,9.16,6.41,6.41,Pokemon,Pack,Japanese Vmax Climax,9.16,,,,PriceCharting
Japanese Vs Booster Pack [Fighting/Psychic],2827.00,2827.00,1978.90,1978.90,Pokemon,Pack,Japanese Vs,2827.00,,,,PriceCharting
Japanese Vs Booster Pack [Grass/Lightning],1874.46,1874.46,1312.12,1312.12,Pokemon,Pack,Japanese Vs,1874.46,,,,PriceCharting
Japanese Vs Booster Pack [Water/Fire],4800.00,4800.00,3360.00,3360.00,Pokemon,Pack,Japanese Vs,4800.00,,,,PriceCharting
Japanese Vstar Universe Booster Pack,19.35,19.35,13.54,13.54,Pokemon,Pack,Japanese Vstar Universe,19.35,,,,PriceCharting
Japanese White Flare Booster Pack,4.25,4.25,2.97,2.97,Pokemon,Pack,Japanese White Flare,4.25,,,,PriceCharting
Japanese White Flare Deluxe Booster Pack,150.02,150.02,105.01,105.01,Pokemon,Pack,Japanese White Flare,150.02,,,,PriceCharting
Japanese Wild Force Booster Pack,2.62,2.62,1.83,1.83,Pokemon,Pack,Japanese Wild Force,2.62,,,,PriceCharting
Japanese Wind From The Sea Booster Pack,1982.03,1982.03,1387.42,1387.42,Pokemon,Pack,Japanese Wind From The Sea,1982.03,,,,PriceCharting
Journey Together Blister Pack: Archaludon,10.80,10.80,7.56,7.56,Pokemon,Pack,Journey Together,10.80,,,,PriceCharting
Journey Together Blister Pack: Melmetal,34.49,34.49,24.14,24.14,Pokemon,Pack,Journey Together,34.49,,,,PriceCharting
Journey Together Blister Pack: Scraggy,9.89,9.89,6.92,6.92,Pokemon,Pack,Journey Together,9.89,,,,PriceCharting
Journey Together Blister Pack: Yanma,12.18,12.18,8.53,8.53,Pokemon,Pack,Journey Together,12.18,,,,PriceCharting
Journey Together Checklane Blister: Klinklang,22.12,22.12,15.48,15.48,Pokemon,Pack,Journey Together,22.12,,,,PriceCharting
Journey Together Checklane Blister: Yanma,13.22,13.22,9.25,9.25,Pokemon,Pack,Journey Together,13.22,,,,PriceCharting
Journey Together Sealed Fun Pack,3.99,3.99,2.79,2.79,Pokemon,Pack,Journey Together,3.99,,,,PriceCharting
Jungle Blister Pack,650.04,650.04,455.03,455.03,Pokemon,Pack,Jungle,650.04,,,,PriceCharting
Jungle Booster Pack,375.00,375.00,262.50,262.50,Pokemon,Pack,Jungle,375.00,,,,PriceCharting
Jungle Booster Pack [1st Edition],502.55,743.81,520.66,520.66,Pokemon,Pack,Jungle,502.55,747.62,800.00,739.99,PriceCharting + TCGplayer
Jungle Booster Pack [Unlimited Edition],331.55,331.55,232.08,232.08,Pokemon,Pack,Jungle,,331.55,379.99,320.00,TCGplayer
Legendary Collection Blister Pack,2498.99,2498.99,1749.29,1749.29,Pokemon,Pack,Legendary Collection,2498.99,,,,PriceCharting
Legendary Collection Booster Pack,5275.55,7000.00,4900.00,4900.00,Pokemon,Pack,Legendary Collection,5275.55,,7000.00,7000.00,PriceCharting + TCGplayer
Legendary Treasures Booster Pack,352.38,491.21,343.85,343.85,Pokemon,Pack,Legendary Treasures,352.38,382.43,995.00,599.99,PriceCharting + TCGplayer
Legends Awakened Booster Pack,381.33,422.13,295.49,295.49,Pokemon,Pack,Legends Awakened,381.33,462.94,,,PriceCharting + TCGplayer
Legends Awakened Mothim Blister Pack,931.42,931.42,651.99,651.99,Pokemon,Pack,Legends Awakened,931.42,,,,PriceCharting
Lost Origin Arceus & Darkrai Pin Blister Pack,65.29,65.29,45.70,45.70,Pokemon,Pack,Lost Origin,65.29,,,,PriceCharting
Lost Origin Booster Pack [Heavy],14.28,14.28,10.00,10.00,Pokemon,Pack,Lost Origin,14.28,,,,PriceCharting
Lost Origin Fun Pack,8.57,8.57,6.00,6.00,Pokemon,Pack,Lost Origin,8.57,,,,PriceCharting
Lost Origin Infernape Premium Checklane Blister,10.32,10.32,7.22,7.22,Pokemon,Pack,Lost Origin,10.32,,,,PriceCharting
Lost Origin Scorbunny Checklane Blister,19.99,19.99,13.99,13.99,Pokemon,Pack,Lost Origin,19.99,,,,PriceCharting
Lost Origin Torterra Premium Checklane Blister,24.99,24.99,17.49,17.49,Pokemon,Pack,Lost Origin,24.99,,,,PriceCharting
Lost Thunder Mini Booster Pack,47.22,47.22,33.05,33.05,Pokemon,Pack,Lost Thunder,47.22,,,,PriceCharting
Mega Brave Booster Pack,3.35,2.79,1.95,1.95,Pokemon,Pack,m1L: Mega Brave,,3.35,,2.23,TCGplayer
Mega Symphonia Booster Pack,2.99,2.14,1.50,1.50,Pokemon,Pack,m1S: Mega Symphonia,,2.99,,1.29,TCGplayer
Inferno X Booster Pack,3.88,3.08,2.16,2.16,Pokemon,Pack,M2: Inferno X,,3.88,,2.28,TCGplayer
Mega Dream ex Booster Pack,10.94,9.95,6.96,6.96,Pokemon,Pack,M2a: High Class Pack: MEGA Dream ex,,10.94,,8.95,TCGplayer
Nihil Zero Booster Pack,2.26,1.88,1.31,1.31,Pokemon,Pack,M3: Nihil Zero,,2.26,,1.49,TCGplayer
Ninja Spinner Booster Pack,2.51,2.18,1.53,1.53,Pokemon,Pack,M4: Ninja Spinner,,2.51,,1.85,TCGplayer
Abyss Eye Booster Pack,2.40,2.17,1.52,1.52,Pokemon,Pack,M5: Abyss Eye,,2.40,,1.95,TCGplayer
Storm Emeralda Booster Pack,2.97,2.73,1.91,1.91,Pokemon,Pack,M6: Storm Emeralda,,2.97,,2.48,TCGplayer
MEGA Expansion 30th Celebration Booster Pack,10.98,9.16,6.41,6.41,Pokemon,Pack,M6a: MEGA Expansion 30th Celebration,,10.98,,7.33,TCGplayer
Majestic Dawn Booster Pack,475.00,475.00,332.50,332.50,Pokemon,Pack,Majestic Dawn,475.00,,,,PriceCharting + TCGplayer
McDonald's 25th Anniversary Booster Pack,8.64,8.64,6.05,6.05,Pokemon,Pack,McDonald's 25th Anniversary Promos,,8.64,9.29,7.00,TCGplayer
McDonald's 2022 Match & Battle Pack,8.06,8.06,5.64,5.64,Pokemon,Pack,McDonald's Promos 2022,,8.06,9.99,5.92,TCGplayer
McDonald's 2023 Match & Battle Pack,6.45,6.45,4.51,4.51,Pokemon,Pack,McDonald's Promos 2023,,6.45,7.99,3.99,TCGplayer
McDonald's 2024 Match & Battle Pack,8.98,8.98,6.29,6.29,Pokemon,Pack,McDonald's Promos 2024,,8.98,10.25,6.98,TCGplayer
Mcdonalds 2021 Booster Pack,7.96,7.96,5.57,5.57,Pokemon,Pack,Mcdonalds 2021,7.96,,,,PriceCharting
Mcdonalds 2022 Booster Pack,6.47,6.47,4.53,4.53,Pokemon,Pack,Mcdonalds 2022,6.47,,,,PriceCharting
Mcdonalds 2022 Match Battle Pack,5.04,5.04,3.53,3.53,Pokemon,Pack,Mcdonalds 2022,5.04,,,,PriceCharting
Mcdonalds 2023 Match Battle Pack,6.00,6.00,4.20,4.20,Pokemon,Pack,Mcdonalds 2023,6.00,,,,PriceCharting
Mcdonalds 2024 Booster Pack,7.08,7.08,4.96,4.96,Pokemon,Pack,Mcdonalds 2024,7.08,,,,PriceCharting
Mega Evolution 3 Pack Blister [Golduck],34.03,34.03,23.82,23.82,Pokemon,Pack,ME01: Mega Evolution,,34.03,39.49,33.99,TCGplayer
Mega Evolution 3 Pack Blister [Psyduck],45.46,45.46,31.82,31.82,Pokemon,Pack,ME01: Mega Evolution,,45.46,46.98,41.25,TCGplayer
Mega Evolution Booster Pack,8.18,8.18,5.73,5.73,Pokemon,Pack,ME01: Mega Evolution,,8.18,8.97,3.98,TCGplayer
Mega Evolution Premium Checklane Blister [Meowscarada],26.57,26.57,18.60,18.60,Pokemon,Pack,ME01: Mega Evolution,,26.57,26.57,25.99,TCGplayer
Mega Evolution Premium Checklane Blister [Tyranitar],31.61,31.61,22.13,22.13,Pokemon,Pack,ME01: Mega Evolution,,31.61,38.68,31.56,TCGplayer
Mega Evolution Single Pack Blister [Drifblim,13.57,12.97,9.08,9.08,Pokemon,Pack,ME01: Mega Evolution,,13.57,12.97,11.00,TCGplayer
Mega Evolution Single Pack Blister [Drifloon],13.79,13.26,9.28,9.28,Pokemon,Pack,ME01: Mega Evolution,,13.79,13.26,11.00,TCGplayer
Mega Evolution Single Pack Blister [Lycanroc],14.03,14.03,9.82,9.82,Pokemon,Pack,ME01: Mega Evolution,,14.03,14.03,12.99,TCGplayer
Mega Evolution Single Pack Blister [Wailord],16.28,16.28,11.40,11.40,Pokemon,Pack,ME01: Mega Evolution,,16.28,17.49,14.99,TCGplayer
Mega Evolution Sleeved Booster Pack,10.23,10.23,7.16,7.16,Pokemon,Pack,ME01: Mega Evolution,,10.23,10.49,0.01,TCGplayer
Phantasmal Flames 3 Pack Blister [Sneasel],42.66,42.66,29.86,29.86,Pokemon,Pack,ME02: Phantasmal Flames,,42.66,45.00,39.99,TCGplayer
Phantasmal Flames 3 Pack Blister [Weavile],43.58,43.58,30.51,30.51,Pokemon,Pack,ME02: Phantasmal Flames,,43.58,48.49,39.00,TCGplayer
Phantasmal Flames Booster Pack,11.07,11.07,7.75,7.75,Pokemon,Pack,ME02: Phantasmal Flames,,11.07,12.99,2.38,TCGplayer
Phantasmal Flames Fun Pack,7.69,7.69,5.38,5.38,Pokemon,Pack,ME02: Phantasmal Flames,,7.69,,,TCGplayer
Phantasmal Flames Premium Checklane Blister [Arven's Greedent],14.38,14.38,10.07,10.07,Pokemon,Pack,ME02: Phantasmal Flames,,14.38,15.06,12.99,TCGplayer
Phantasmal Flames Premium Checklane Blister [Blaziken],31.51,31.51,22.06,22.06,Pokemon,Pack,ME02: Phantasmal Flames,,31.51,34.99,26.99,TCGplayer
Phantasmal Flames Premium Checklane Blister [Ethan's Magcargo],16.23,16.23,11.36,11.36,Pokemon,Pack,ME02: Phantasmal Flames,,16.23,17.09,9.60,TCGplayer
Phantasmal Flames Single Pack Blister [Cottonee],12.98,12.98,9.09,9.09,Pokemon,Pack,ME02: Phantasmal Flames,,12.98,13.00,1.50,TCGplayer
Phantasmal Flames Single Pack Blister [Whimsicott],12.80,12.80,8.96,8.96,Pokemon,Pack,ME02: Phantasmal Flames,,12.80,13.24,1.50,TCGplayer
Phantasmal Flames Sleeved Booster Pack,14.26,14.26,9.98,9.98,Pokemon,Pack,ME02: Phantasmal Flames,,14.26,14.98,3.70,TCGplayer
Perfect Order 3 Pack Blister [Chikorita],20.52,20.52,14.36,14.36,Pokemon,Pack,ME03: Perfect Order,,20.52,22.78,16.99,TCGplayer
Perfect Order Booster Pack,5.71,5.71,4.00,4.00,Pokemon,Pack,ME03: Perfect Order,,5.71,6.34,2.05,TCGplayer
Perfect Order Fun Pack,5.99,5.99,4.19,4.19,Pokemon,Pack,ME03: Perfect Order,,,5.99,5.99,TCGplayer
Perfect Order Premium Checklane Blister [Cinderace Line],16.32,16.32,11.42,11.42,Pokemon,Pack,ME03: Perfect Order,,16.32,19.45,1.00,TCGplayer
Perfect Order Premium Checklane Blister [Clawitzer Line],14.64,14.64,10.25,10.25,Pokemon,Pack,ME03: Perfect Order,,14.64,14.99,8.00,TCGplayer
Perfect Order Premium Checklane Blister [Meganium Line],18.46,18.32,12.83,12.83,Pokemon,Pack,ME03: Perfect Order,,18.46,18.32,13.49,TCGplayer
Perfect Order Premium Checklane Blister [Steelix Line],15.54,14.99,10.49,10.49,Pokemon,Pack,ME03: Perfect Order,,15.54,14.99,9.71,TCGplayer
Perfect Order Single Pack Blister [Makuhita],7.59,7.59,5.31,5.31,Pokemon,Pack,ME03: Perfect Order,,7.59,9.00,5.00,TCGplayer
Perfect Order Sleeved Booster Pack,7.70,7.70,5.39,5.39,Pokemon,Pack,ME03: Perfect Order,,7.70,8.00,2.23,TCGplayer
Chaos Rising Booster Pack,5.56,5.56,3.89,3.89,Pokemon,Pack,ME04: Chaos Rising,,5.56,6.50,2.48,TCGplayer
Chaos Rising Premium Checklane Blister [Flygon Line],14.93,14.93,10.45,10.45,Pokemon,Pack,ME04: Chaos Rising,,14.93,16.87,8.71,TCGplayer
Chaos Rising Premium Checklane Blister [Pawmot Line],14.54,14.54,10.18,10.18,Pokemon,Pack,ME04: Chaos Rising,,14.54,16.50,7.00,TCGplayer
Chaos Rising Single Pack Blister [Reshiram/Moltres],23.78,22.00,15.40,15.40,Pokemon,Pack,ME04: Chaos Rising,,23.78,22.00,1.00,TCGplayer
Chaos Rising Single Pack Blister [Toxel],6.71,6.71,4.70,4.70,Pokemon,Pack,ME04: Chaos Rising,,6.71,8.00,2.00,TCGplayer
Chaos Rising Single Pack Blister [Zacian/Mimikyu],22.89,22.00,15.40,15.40,Pokemon,Pack,ME04: Chaos Rising,,22.89,22.00,12.99,TCGplayer
Chaos Rising Sleeved Booster Pack,6.88,6.88,4.82,4.82,Pokemon,Pack,ME04: Chaos Rising,,6.88,8.00,5.00,TCGplayer
Pitch Black Booster Pack,5.78,5.78,4.05,4.05,Pokemon,Pack,ME05: Pitch Black,,5.78,6.50,2.21,TCGplayer
"Pitch Black Premium Checklane Blister [Amaura, Aurorus] (Target Exclusive)",17.07,17.07,11.95,11.95,Pokemon,Pack,ME05: Pitch Black,,17.07,17.07,13.00,TCGplayer
Pitch Black Premium Checklane Blister [Gengar Line],22.94,22.94,16.06,16.06,Pokemon,Pack,ME05: Pitch Black,,22.94,24.25,18.99,TCGplayer
Pitch Black Premium Checklane Blister [Luxray Line],17.94,17.94,12.56,12.56,Pokemon,Pack,ME05: Pitch Black,,17.94,17.99,13.95,TCGplayer
"Pitch Black Premium Checklane Blister [Tyrunt, Tyrantrum] (Target Exclusive)",19.00,17.99,12.59,12.59,Pokemon,Pack,ME05: Pitch Black,,19.00,17.99,5.99,TCGplayer
Pitch Black Single Pack Blister [Slowpoke],8.98,8.98,6.29,6.29,Pokemon,Pack,ME05: Pitch Black,,8.98,9.95,1.49,TCGplayer
Pitch Black Sleeved Booster Pack,7.10,7.10,4.97,4.97,Pokemon,Pack,ME05: Pitch Black,,7.10,7.99,2.79,TCGplayer
Delta Reign 3 Pack Blister [Seel],48.37,44.79,31.35,31.35,Pokemon,Pack,ME06: Delta Reign,,48.37,44.79,34.99,TCGplayer
Delta Reign Booster Pack,17.50,16.24,11.37,11.37,Pokemon,Pack,ME06: Delta Reign,,,17.50,14.99,TCGplayer
Delta Reign Single Pack Blister [Spitzee],26.94,26.94,18.86,18.86,Pokemon,Pack,ME06: Delta Reign,,26.94,26.95,14.99,TCGplayer
Delta Reign Sleeved Booster Pack,32.76,29.94,20.96,20.96,Pokemon,Pack,ME06: Delta Reign,,32.76,29.94,14.99,TCGplayer
30th Celebration Booster Pack,16.91,15.92,11.14,11.14,Pokemon,Pack,ME: 30th Celebration,16.91,14.95,16.89,14.89,PriceCharting + TCGplayer
Ascended Heroes Booster Pack,14.47,13.05,9.13,9.13,Pokemon,Pack,ME: Ascended Heroes,14.47,12.13,13.96,9.99,PriceCharting + TCGplayer
Mega Evolution 3 Pack Blister: Golduck,34.89,34.89,24.42,24.42,Pokemon,Pack,Mega Evolution,34.89,,,,PriceCharting
Mega Evolution 3 Pack Blister: Psyduck,42.47,42.47,29.73,29.73,Pokemon,Pack,Mega Evolution,42.47,,,,PriceCharting
Mega Evolution Booster Pack,8.29,8.29,5.80,5.80,Pokemon,Pack,Mega Evolution,8.29,,,,PriceCharting
Mega Evolution Checklane Blister: Lycanroc,13.40,13.40,9.38,9.38,Pokemon,Pack,Mega Evolution,13.40,,,,PriceCharting
Mega Evolution Checklane Blister: Wailord,17.23,17.23,12.06,12.06,Pokemon,Pack,Mega Evolution,17.23,,,,PriceCharting
Mega Evolution Premium Checklane Blister: Meowscarada,27.64,27.64,19.35,19.35,Pokemon,Pack,Mega Evolution,27.64,,,,PriceCharting
Mega Evolution Premium Checklane Blister: Tyranitar,35.12,35.12,24.58,24.58,Pokemon,Pack,Mega Evolution,35.12,,,,PriceCharting
Mega Evolution Single Pack Blister: Drifblim,14.93,14.93,10.45,10.45,Pokemon,Pack,Mega Evolution,14.93,,,,PriceCharting
Mega Evolution Single Pack Blister: Drifloon,14.97,14.97,10.48,10.48,Pokemon,Pack,Mega Evolution,14.97,,,,PriceCharting
Mega Evolution Sleeved Booster Pack,10.63,10.63,7.44,7.44,Pokemon,Pack,Mega Evolution,10.63,,,,PriceCharting
"2 Pack Blister [Snorlax, Morpeko & Applin Cards]",31.64,31.64,22.15,22.15,Pokemon,Pack,Miscellaneous Cards & Products,,31.64,39.00,27.77,TCGplayer
"2 Pack Blister [Tornadus, Thundurus & Landorus]",27.37,36.00,25.20,25.20,Pokemon,Pack,Miscellaneous Cards & Products,,27.37,48.99,36.00,TCGplayer
Alola Trio Pin Blister,1199.99,1199.99,839.99,839.99,Pokemon,Pack,Miscellaneous Cards & Products,,,1199.99,1199.99,TCGplayer
Checklane 2 Mini-Pack Blister [Dragonite],37.50,37.50,26.25,26.25,Pokemon,Pack,Miscellaneous Cards & Products,,37.50,,,TCGplayer
Checklane 2 Mini-Pack Blister [Machamp],52.50,51.25,35.88,35.88,Pokemon,Pack,Miscellaneous Cards & Products,,,52.50,50.00,TCGplayer
Collector's Pin Two Pack Blisters [Charizard],90.75,100.00,70.00,70.00,Pokemon,Pack,Miscellaneous Cards & Products,,90.75,100.00,100.00,TCGplayer
Collector's Pin Two Pack Blisters [Jirachi],117.50,117.50,82.25,82.25,Pokemon,Pack,Miscellaneous Cards & Products,,117.50,126.00,109.99,TCGplayer
Collector's Pin Two Pack Blisters [Mimikyu],107.00,128.50,89.95,89.95,Pokemon,Pack,Miscellaneous Cards & Products,,107.00,,150.00,TCGplayer
General Mills 25th Anniversary Booster Pack,13.77,13.77,9.64,9.64,Pokemon,Pack,Miscellaneous Cards & Products,,13.77,15.00,12.00,TCGplayer
General Mills Promo Booster Pack [Kanto],31.48,31.48,22.04,22.04,Pokemon,Pack,Miscellaneous Cards & Products,,31.48,32.74,28.50,TCGplayer
General Mills Promo Booster Pack [Sun & Moon],32.56,32.56,22.79,22.79,Pokemon,Pack,Miscellaneous Cards & Products,,32.56,39.66,11.99,TCGplayer
Legendary Beasts Collector Pin 3 Pack Blister [Raikou],192.50,188.76,132.13,132.13,Pokemon,Pack,Miscellaneous Cards & Products,,,192.50,185.01,TCGplayer
Legendary Beasts Collector Pin 3 Pack Blister [Suicune],192.50,188.76,132.13,132.13,Pokemon,Pack,Miscellaneous Cards & Products,,,192.50,185.01,TCGplayer
Pokemon TCG: Back to School Eraser Blister 2024 [Bellibolt],24.67,34.99,24.49,24.49,Pokemon,Pack,Miscellaneous Cards & Products,,24.67,34.99,34.99,TCGplayer
Pokemon TCG: Back to School Eraser Blister 2024 [Gengar],31.91,39.95,27.96,27.96,Pokemon,Pack,Miscellaneous Cards & Products,,31.91,39.99,39.95,TCGplayer
Pokemon TCG: Back to School Eraser Blister 2024 [Set of 2],44.93,99.99,69.99,69.99,Pokemon,Pack,Miscellaneous Cards & Products,,44.93,115.00,99.99,TCGplayer
Pokemon TCG: Back to School Eraser Blister [Lechonk],33.95,34.40,24.08,24.08,Pokemon,Pack,Miscellaneous Cards & Products,,33.95,40.00,34.40,TCGplayer
Pokemon TCG: Back to School Eraser Blister [Pikachu],80.00,80.00,56.00,56.00,Pokemon,Pack,Miscellaneous Cards & Products,,,,80.00,TCGplayer
Pokemon TCG: Back to School Eraser Blister [Set of 2],250.00,250.00,175.00,175.00,Pokemon,Pack,Miscellaneous Cards & Products,,,,250.00,TCGplayer
Pokemon TCG: Back to School Eraser Blister [Smoliv],28.40,33.93,23.75,23.75,Pokemon,Pack,Miscellaneous Cards & Products,,28.40,35.00,33.93,TCGplayer
Premium Checklane Blister [Gallade],122.50,121.25,84.88,84.88,Pokemon,Pack,Miscellaneous Cards & Products,,,122.50,120.00,TCGplayer
XY 3 Pack Blister [Giratina],1203.53,1203.53,842.47,842.47,Pokemon,Pack,Miscellaneous Cards & Products,,,1203.53,1203.53,TCGplayer
Yu Nagaba x Pokemon - Eevee's Special Promo Pack,133.69,133.69,93.58,93.58,Pokemon,Pack,Miscellaneous Cards & Products,,133.69,145.00,120.00,TCGplayer
Mysterious Treasures Blister Pack,600.00,600.00,420.00,420.00,Pokemon,Pack,Mysterious Treasures,600.00,,,,PriceCharting
Mysterious Treasures Booster Pack,395.00,395.00,276.50,276.50,Pokemon,Pack,Mysterious Treasures,395.00,,,,PriceCharting
Neo Destiny Blister Pack,1049.99,1049.99,734.99,734.99,Pokemon,Pack,Neo Destiny,1049.99,,,,PriceCharting
Neo Destiny Booster Pack,1264.75,1264.75,885.32,885.32,Pokemon,Pack,Neo Destiny,1264.75,,,,PriceCharting
Neo Destiny Booster Pack [1st Edition],2671.59,2671.59,1870.11,1870.11,Pokemon,Pack,Neo Destiny,2671.59,,,,PriceCharting + TCGplayer
Neo Discovery Blister Pack,1055.70,1055.70,738.99,738.99,Pokemon,Pack,Neo Discovery,1055.70,,,,PriceCharting
Neo Discovery Booster Pack,676.34,676.34,473.44,473.44,Pokemon,Pack,Neo Discovery,676.34,,,,PriceCharting
Neo Discovery Booster Pack [1st Edition],792.58,1500.00,1050.00,1050.00,Pokemon,Pack,Neo Discovery,792.58,,1575.00,1500.00,PriceCharting + TCGplayer
Neo Discovery Booster Pack [Unlimited Edition],537.50,599.00,419.30,419.30,Pokemon,Pack,Neo Discovery,,537.50,662.50,599.00,TCGplayer
Neo Genesis Booster Pack,741.61,741.61,519.13,519.13,Pokemon,Pack,Neo Genesis,741.61,,,,PriceCharting
Neo Genesis Booster Pack [1st Edition],902.45,902.45,631.72,631.72,Pokemon,Pack,Neo Genesis,902.45,,,,PriceCharting + TCGplayer
Neo Genesis Booster Pack [Unlimited Edition],631.99,631.99,442.39,442.39,Pokemon,Pack,Neo Genesis,,631.99,,,TCGplayer
Neo Revelation Blister Pack,852.41,852.41,596.69,596.69,Pokemon,Pack,Neo Revelation,852.41,,,,PriceCharting
Neo Revelation Booster Pack,612.50,612.50,428.75,428.75,Pokemon,Pack,Neo Revelation,612.50,,,,PriceCharting
Neo Revelation Booster Pack [1st Edition],940.16,940.16,658.11,658.11,Pokemon,Pack,Neo Revelation,940.16,,,,PriceCharting + TCGplayer
Neo Revelation Booster Pack [Unlimited Edition],945.00,917.49,642.24,642.24,Pokemon,Pack,Neo Revelation,,,945.00,889.99,TCGplayer
Next Destinies Blister Pack,399.99,399.99,279.99,279.99,Pokemon,Pack,Next Destinies,399.99,,,,PriceCharting
Next Destinies Booster Pack,228.75,378.64,265.05,265.05,Pokemon,Pack,Next Destinies,228.75,357.29,437.50,400.00,PriceCharting + TCGplayer
Next Destinies Sleeved Booster Pack,668.29,668.29,467.80,467.80,Pokemon,Pack,Next Destinies,668.29,,,,PriceCharting
Noble Victories Booster Pack,183.53,169.39,118.57,118.57,Pokemon,Pack,Noble Victories,183.53,168.79,170.00,167.00,PriceCharting + TCGplayer
Obsidian Flames Houndstone 3 Pack Blister,32.55,32.55,22.78,22.78,Pokemon,Pack,Obsidian Flames,32.55,,,,PriceCharting
Obsidian Flames Pawmi Checklane Blister Pack,10.50,10.50,7.35,7.35,Pokemon,Pack,Obsidian Flames,10.50,,,,PriceCharting
Obsidian Flames Wooper Checklane Blister Pack,12.50,12.50,8.75,8.75,Pokemon,Pack,Obsidian Flames,12.50,,,,PriceCharting
Paldea Evolved Checklane Blister 3 Pack,55.00,55.00,38.50,38.50,Pokemon,Pack,Paldea Evolved,55.00,,,,PriceCharting
Paldea Evolved Growlithe Checklane Blister Pack,14.37,14.37,10.06,10.06,Pokemon,Pack,Paldea Evolved,14.37,,,,PriceCharting
Paldea Evolved Sealed Staff Pack,138.52,138.52,96.96,96.96,Pokemon,Pack,Paldea Evolved,138.52,,,,PriceCharting
Paldea Evolved Smoliv Checklane Blister Pack,13.75,13.75,9.62,9.62,Pokemon,Pack,Paldea Evolved,13.75,,,,PriceCharting
Paradox Rift 3 Pack Blister,24.27,24.27,16.99,16.99,Pokemon,Pack,Paradox Rift,24.27,,,,PriceCharting
Paradox Rift Blister Pack: Pineco,12.27,12.27,8.59,8.59,Pokemon,Pack,Paradox Rift,12.27,,,,PriceCharting
Paradox Rift Blister Pack: Sinistea,10.51,10.51,7.36,7.36,Pokemon,Pack,Paradox Rift,10.51,,,,PriceCharting
Perfect Order 3 Pack Blister: Chikorita,21.01,21.01,14.71,14.71,Pokemon,Pack,Perfect Order,21.01,,,,PriceCharting
Perfect Order Booster Pack,5.87,5.87,4.11,4.11,Pokemon,Pack,Perfect Order,5.87,,,,PriceCharting
Perfect Order Premium Checklane Blister: Cinderace,16.08,16.08,11.26,11.26,Pokemon,Pack,Perfect Order,16.08,,,,PriceCharting
Perfect Order Premium Checklane Blister: Clawitzer,14.00,14.00,9.80,9.80,Pokemon,Pack,Perfect Order,14.00,,,,PriceCharting
Perfect Order Premium Checklane Blister: Meganium,18.45,18.45,12.91,12.91,Pokemon,Pack,Perfect Order,18.45,,,,PriceCharting
Perfect Order Premium Checklane Blister: Steelix,15.05,15.05,10.54,10.54,Pokemon,Pack,Perfect Order,15.05,,,,PriceCharting
Perfect Order Single Pack Blister: Makuhita,8.82,8.82,6.17,6.17,Pokemon,Pack,Perfect Order,8.82,,,,PriceCharting
Perfect Order Sleeved Booster Pack,7.50,7.50,5.25,5.25,Pokemon,Pack,Perfect Order,7.50,,,,PriceCharting
Phantasmal Flames 3 Pack Blister: Sneasel,40.89,40.89,28.62,28.62,Pokemon,Pack,Phantasmal Flames,40.89,,,,PriceCharting
Phantasmal Flames 3 Pack Blister: Weavile,41.73,41.73,29.21,29.21,Pokemon,Pack,Phantasmal Flames,41.73,,,,PriceCharting
Phantasmal Flames Booster Pack,11.99,11.99,8.39,8.39,Pokemon,Pack,Phantasmal Flames,11.99,,,,PriceCharting
Phantasmal Flames Enhanced 2 Pack Blister,18.95,18.95,13.26,13.26,Pokemon,Pack,Phantasmal Flames,18.95,,,,PriceCharting
Phantasmal Flames Premium Checklane Blister: Arven's Greedent,12.49,12.49,8.74,8.74,Pokemon,Pack,Phantasmal Flames,12.49,,,,PriceCharting
Phantasmal Flames Premium Checklane Blister: Blaziken,30.48,30.48,21.34,21.34,Pokemon,Pack,Phantasmal Flames,30.48,,,,PriceCharting
Phantasmal Flames Premium Checklane Blister: Ethan's Magcargo,17.51,17.51,12.26,12.26,Pokemon,Pack,Phantasmal Flames,17.51,,,,PriceCharting
Phantasmal Flames Premium Checklane Blister: Hydrapple,29.33,29.33,20.53,20.53,Pokemon,Pack,Phantasmal Flames,29.33,,,,PriceCharting
Phantasmal Flames Single Pack Blister: Cottonee,12.85,12.85,8.99,8.99,Pokemon,Pack,Phantasmal Flames,12.85,,,,PriceCharting
Phantasmal Flames Single Pack Blister: Whimsicott,12.22,12.22,8.55,8.55,Pokemon,Pack,Phantasmal Flames,12.22,,,,PriceCharting
Phantasmal Flames Sleeved Booster Pack,15.00,15.00,10.50,10.50,Pokemon,Pack,Phantasmal Flames,15.00,,,,PriceCharting
Phantom Forces Blister Pack,261.31,261.31,182.92,182.92,Pokemon,Pack,Phantom Forces,261.31,,,,PriceCharting
Phantom Forces Booster Pack,181.47,181.47,127.03,127.03,Pokemon,Pack,Phantom Forces,181.47,,,,PriceCharting
Pitch Black Booster Pack,5.97,5.97,4.18,4.18,Pokemon,Pack,Pitch Black,5.97,,,,PriceCharting
Pitch Black Premium Checklane Blister: Aurorus,17.18,17.18,12.03,12.03,Pokemon,Pack,Pitch Black,17.18,,,,PriceCharting
Pitch Black Premium Checklane Blister: Gengar,23.04,23.04,16.13,16.13,Pokemon,Pack,Pitch Black,23.04,,,,PriceCharting
Pitch Black Premium Checklane Blister: Luxray,19.06,19.06,13.34,13.34,Pokemon,Pack,Pitch Black,19.06,,,,PriceCharting
Pitch Black Premium Checklane Blister: Tyrantrum,18.86,18.86,13.20,13.20,Pokemon,Pack,Pitch Black,18.86,,,,PriceCharting
Pitch Black Single Pack Blister,9.48,9.48,6.64,6.64,Pokemon,Pack,Pitch Black,9.48,,,,PriceCharting
Pitch Black Sleeved Booster Pack,7.49,7.49,5.24,5.24,Pokemon,Pack,Pitch Black,7.49,,,,PriceCharting
Plasma Blast Booster Pack,207.13,387.23,271.06,271.06,Pokemon,Pack,Plasma Blast,207.13,275.45,499.00,499.00,PriceCharting + TCGplayer
Plasma Freeze Booster Pack,294.86,306.42,214.49,214.49,Pokemon,Pack,Plasma Freeze,294.86,317.98,,,PriceCharting + TCGplayer
Kanto Two Pack Blister [Legendary Birds],1899.99,1899.99,1329.99,1329.99,Pokemon,Pack,Plasma Storm,,,1899.99,1899.99,TCGplayer
Plasma Storm Booster Pack,401.60,774.98,542.48,542.48,Pokemon,Pack,Plasma Storm,401.60,549.96,999.99,999.99,PriceCharting + TCGplayer
Platinum Blister Pack,749.99,749.99,524.99,524.99,Pokemon,Pack,Platinum,749.99,,,,PriceCharting
Platinum Booster Pack,448.99,474.49,332.14,332.14,Pokemon,Pack,Platinum,448.99,389.74,547.99,499.99,PriceCharting + TCGplayer
Platinum Heatran Checklane Blister Pack,148.14,148.14,103.70,103.70,Pokemon,Pack,Platinum,148.14,,,,PriceCharting
Pokemon GO Booster Pack,14.50,14.50,10.15,10.15,Pokemon,Pack,Pokemon GO,,14.50,14.99,11.77,TCGplayer
Pokemon Jungle Booster Pack (291 Yen),500.00,750.00,525.00,525.00,Pokemon,Pack,Pokemon Jungle,,500.00,,1000.00,TCGplayer
Pop Series 1 Booster Pack,109.50,109.50,76.65,76.65,Pokemon,Pack,Pop Series 1,109.50,,,,PriceCharting
POP Series 1 Pack,100.08,119.99,83.99,83.99,Pokemon,Pack,POP Series 1,,100.08,123.98,119.99,TCGplayer
Pop Series 2 Booster Pack,151.25,151.25,105.88,105.88,Pokemon,Pack,Pop Series 2,151.25,,,,PriceCharting
POP Series 2 Pack,149.69,148.94,104.26,104.26,Pokemon,Pack,POP Series 2,,149.69,148.94,135.95,TCGplayer
Pop Series 3 Booster Pack,142.95,142.95,100.06,100.06,Pokemon,Pack,Pop Series 3,142.95,,,,PriceCharting
POP Series 3 Pack,169.68,169.68,118.78,118.78,Pokemon,Pack,POP Series 3,,169.68,198.94,155.00,TCGplayer
Pop Series 4 Booster Pack,164.99,164.99,115.49,115.49,Pokemon,Pack,Pop Series 4,164.99,,,,PriceCharting
POP Series 4 Pack,171.94,198.94,139.26,139.26,Pokemon,Pack,POP Series 4,,171.94,198.94,198.94,TCGplayer
Pop Series 5 Booster Pack,2581.06,2581.06,1806.74,1806.74,Pokemon,Pack,Pop Series 5,2581.06,,,,PriceCharting
POP Series 6 Pack,43.98,43.98,30.79,30.79,Pokemon,Pack,POP Series 6,,43.98,,,TCGplayer
POP Series 7 Pack,48.49,49.98,34.99,34.99,Pokemon,Pack,POP Series 7,,48.49,49.98,49.98,TCGplayer
POP Series 8 Pack,28.92,28.92,20.24,20.24,Pokemon,Pack,POP Series 8,,28.92,30.00,24.99,TCGplayer
POP Series 9 Pack,38.89,38.89,27.22,27.22,Pokemon,Pack,POP Series 9,,38.89,,,TCGplayer
Power Keepers Blister Pack,1640.26,1640.26,1148.18,1148.18,Pokemon,Pack,Power Keepers,1640.26,,,,PriceCharting
Primal Clash Blister Pack,361.12,361.12,252.78,252.78,Pokemon,Pack,Primal Clash,361.12,,,,PriceCharting
Primal Clash Booster Pack,61.13,61.13,42.79,42.79,Pokemon,Pack,Primal Clash,61.13,,,,PriceCharting
Primal Clash Sleeved Booster Pack,94.17,94.17,65.92,65.92,Pokemon,Pack,Primal Clash,94.17,,,,PriceCharting
Prismatic Evolutions 2 Pack Blister,38.00,38.00,26.60,26.60,Pokemon,Pack,Prismatic Evolutions,38.00,,,,PriceCharting
Play! Pokemon Prize Pack Series Eight,7.00,7.00,4.90,4.90,Pokemon,Pack,Prize Pack Series Cards,,7.00,7.16,5.57,TCGplayer
Play! Pokemon Prize Pack Series Five,9.98,9.98,6.99,6.99,Pokemon,Pack,Prize Pack Series Cards,,9.98,10.30,8.75,TCGplayer
Play! Pokemon Prize Pack Series Four,9.66,9.75,6.82,6.82,Pokemon,Pack,Prize Pack Series Cards,,9.66,11.00,9.75,TCGplayer
Play! Pokemon Prize Pack Series Nine,11.43,11.43,8.00,8.00,Pokemon,Pack,Prize Pack Series Cards,,11.43,12.00,8.80,TCGplayer
Play! Pokemon Prize Pack Series One,67.96,75.89,53.12,53.12,Pokemon,Pack,Prize Pack Series Cards,,67.96,88.88,75.89,TCGplayer
Play! Pokemon Prize Pack Series Seven,9.07,9.00,6.30,6.30,Pokemon,Pack,Prize Pack Series Cards,,9.07,9.00,7.25,TCGplayer
Play! Pokemon Prize Pack Series Six,8.18,8.18,5.73,5.73,Pokemon,Pack,Prize Pack Series Cards,,8.18,8.99,7.50,TCGplayer
Play! Pokemon Prize Pack Series Three,27.60,27.60,19.32,19.32,Pokemon,Pack,Prize Pack Series Cards,,27.60,28.00,17.00,TCGplayer
Play! Pokemon Prize Pack Series Two,60.29,60.29,42.20,42.20,Pokemon,Pack,Prize Pack Series Cards,,60.29,75.97,58.50,TCGplayer
"Promo 2 Pack Blister [Tornadus, Thundurus & Landorus]",29.24,29.24,20.47,20.47,Pokemon,Pack,Promo,29.24,,,,PriceCharting
Promo Back To School Eraser Blister [Bellibolt],24.61,24.61,17.23,17.23,Pokemon,Pack,Promo,24.61,,,,PriceCharting
Promo Back To School Eraser Blister [Gengar],34.44,34.44,24.11,24.11,Pokemon,Pack,Promo,34.44,,,,PriceCharting
Promo Checklane 2-Mini Pack Blister [Dragonite],49.84,49.84,34.89,34.89,Pokemon,Pack,Promo,49.84,,,,PriceCharting
Promo Checklane 2-Mini Pack Blister [Machamp],48.99,48.99,34.29,34.29,Pokemon,Pack,Promo,48.99,,,,PriceCharting
Promo Checklane Blister 2 Pack: Pawmot,14.85,14.85,10.39,10.39,Pokemon,Pack,Promo,14.85,,,,PriceCharting
Promo First Partner Illustration Pack: Series 1,48.00,48.00,33.60,33.60,Pokemon,Pack,Promo,48.00,,,,PriceCharting
Promo Legendary Beasts Collector Pin 3 Pack Blister [Entei],103.47,103.47,72.43,72.43,Pokemon,Pack,Promo,103.47,,,,PriceCharting
Promo Legendary Beasts Collector Pin 3 Pack Blister [Raikou],139.00,139.00,97.30,97.30,Pokemon,Pack,Promo,139.00,,,,PriceCharting
Promo Legendary Beasts Collector Pin 3 Pack Blister [Suicune],140.86,140.86,98.60,98.60,Pokemon,Pack,Promo,140.86,,,,PriceCharting
"Promo Palafin, Garganacl & Baxcalibur Blister Pack",10.54,10.54,7.38,7.38,Pokemon,Pack,Promo,10.54,,,,PriceCharting
Promo Play! Prize Pack Series 1,70.50,70.50,49.35,49.35,Pokemon,Pack,Promo,70.50,,,,PriceCharting
Promo Play! Prize Pack Series 2,49.99,49.99,34.99,34.99,Pokemon,Pack,Promo,49.99,,,,PriceCharting
Promo Play! Prize Pack Series 3,25.22,25.22,17.65,17.65,Pokemon,Pack,Promo,25.22,,,,PriceCharting
Promo Play! Prize Pack Series 7,11.08,11.08,7.76,7.76,Pokemon,Pack,Promo,11.08,,,,PriceCharting
Rebel Clash 3 Pack Blister: Rayquaza,66.54,66.54,46.58,46.58,Pokemon,Pack,Rebel Clash,66.54,,,,PriceCharting
Rising Rivals Blister Pack,647.30,647.30,453.11,453.11,Pokemon,Pack,Rising Rivals,647.30,,,,PriceCharting
Rising Rivals Booster Pack,439.29,439.29,307.50,307.50,Pokemon,Pack,Rising Rivals,439.29,,,,PriceCharting
Roaring Skies Blister Pack,105.40,105.40,73.78,73.78,Pokemon,Pack,Roaring Skies,105.40,,,,PriceCharting
Dark Phantasma Booster Pack,12.89,9.94,6.96,6.96,Pokemon,Pack,S10a: Dark Phantasma,,12.89,,6.99,TCGplayer
Pokemon GO Booster Pack,8.80,11.64,8.15,8.15,Pokemon,Pack,S10b: Pokemon GO,,8.80,,14.49,TCGplayer
Time Gazer Booster Pack,6.94,5.97,4.18,4.18,Pokemon,Pack,S10D: Time Gazer,,6.94,,5.00,TCGplayer
Space Juggler Booster Pack,8.06,6.28,4.40,4.40,Pokemon,Pack,S10P: Space Juggler,,8.06,,4.50,TCGplayer
Lost Abyss Booster Pack,7.20,5.35,3.74,3.74,Pokemon,Pack,S11: Lost Abyss,,7.20,,3.50,TCGplayer
Incandescent Arcana Booster Pack,10.40,10.20,7.14,7.14,Pokemon,Pack,S11a: Incandescent Arcana,,10.40,,10.00,TCGplayer
Paradigm Trigger Booster Pack,7.68,6.33,4.43,4.43,Pokemon,Pack,S12: Paradigm Trigger,,7.68,,4.98,TCGplayer
VSTAR Universe Booster Pack,19.84,17.41,12.19,12.19,Pokemon,Pack,S12a: VSTAR Universe,,19.84,,14.99,TCGplayer
VMAX Rising Booster Pack,29.99,27.47,19.23,19.23,Pokemon,Pack,S1a: VMAX Rising,,29.99,,24.95,TCGplayer
Shield Booster Pack,21.95,21.95,15.36,15.36,Pokemon,Pack,S1H: Shield,,,,21.95,TCGplayer
Sword Booster Pack,3.98,3.98,2.79,2.79,Pokemon,Pack,S1W: Sword,,,,3.98,TCGplayer
Explosive Walker Booster Pack,12.75,12.62,8.84,8.84,Pokemon,Pack,S2a: Explosive Walker,,12.75,,12.50,TCGplayer
Legendary Heartbeat Booster Pack,13.32,19.16,13.41,13.41,Pokemon,Pack,S3a: Legendary Heartbeat,,13.32,,24.99,TCGplayer
Amazing Volt Tackle Booster Pack,9.66,9.28,6.50,6.50,Pokemon,Pack,S4: Amazing Volt Tackle,,9.66,,8.90,TCGplayer
Shiny Star V Booster Pack,18.20,15.60,10.92,10.92,Pokemon,Pack,S4a: Shiny Star V,,18.20,,13.00,TCGplayer
Peerless Fighters Master Booster Pack,8.36,7.17,5.02,5.02,Pokemon,Pack,S5a: Peerless Fighters,,8.36,,5.98,TCGplayer
Single Strike Master Booster Pack,14.95,14.95,10.46,10.46,Pokemon,Pack,S5I: Single Strike Master,,14.95,,14.95,TCGplayer
Rapid Strike Master Booster Pack,6.38,6.38,4.47,4.47,Pokemon,Pack,S5R: Rapid Strike Master,,6.38,,6.38,TCGplayer
Eevee Heroes Booster Pack,24.83,15.91,11.14,11.14,Pokemon,Pack,S6a: Eevee Heroes,,24.83,,6.99,TCGplayer
Silver Lance Booster Pack,9.42,9.00,6.30,6.30,Pokemon,Pack,S6H: Silver Lance,,9.42,,8.58,TCGplayer
Jet-Black Spirit Booster Pack,7.45,8.07,5.65,5.65,Pokemon,Pack,S6K: Jet-Black Spirit,,7.45,,8.70,TCGplayer
Skyscraping Perfection Booster Pack,7.70,6.20,4.34,4.34,Pokemon,Pack,S7D: Skyscraping Perfection,,7.70,,4.70,TCGplayer
Blue Sky Stream Booster Pack,19.10,12.18,8.52,8.52,Pokemon,Pack,S7R: Blue Sky Stream,,19.10,,5.25,TCGplayer
Fusion Arts Booster Pack,10.17,7.08,4.96,4.96,Pokemon,Pack,S8: Fusion Arts,,10.17,,3.99,TCGplayer
VMAX Climax Booster Pack,21.15,15.57,10.90,10.90,Pokemon,Pack,S8b: VMAX Climax,,21.15,,10.00,TCGplayer
Star Birth Booster Pack,5.78,6.38,4.47,4.47,Pokemon,Pack,S9: Star Birth,,5.78,,6.99,TCGplayer
Battle Region Booster Pack,4.93,3.96,2.78,2.78,Pokemon,Pack,S9a: Battle Region,,4.93,,3.00,TCGplayer
Sandstorm Blister Pack,947.50,947.50,663.25,663.25,Pokemon,Pack,Sandstorm,947.50,,,,PriceCharting
Secret Wonders Blister Pack,1164.35,1164.35,815.04,815.04,Pokemon,Pack,Secret Wonders,1164.35,,,,PriceCharting
Secret Wonders Booster Pack,627.57,598.16,418.71,418.71,Pokemon,Pack,Secret Wonders,627.57,568.75,,,PriceCharting + TCGplayer
Shining Fates Booster Pack,15.78,16.24,11.37,11.37,Pokemon,Pack,Shining Fates,15.78,16.70,18.99,14.99,PriceCharting + TCGplayer
Shining Legends Booster Pack,108.74,114.90,80.43,80.43,Pokemon,Pack,Shining Legends,108.74,109.79,142.49,120.00,PriceCharting + TCGplayer
Shrouded Fable 3 Pack Blister,38.95,38.95,27.27,27.27,Pokemon,Pack,Shrouded Fable,38.95,,,,PriceCharting
Silver Tempest Basculin Checklane Blister,17.35,17.35,12.14,12.14,Pokemon,Pack,Silver Tempest,17.35,,,,PriceCharting
Silver Tempest Cranidos Checklane Blister,19.74,19.74,13.82,13.82,Pokemon,Pack,Silver Tempest,19.74,,,,PriceCharting
Skyridge Blister Pack,6229.74,6229.74,4360.82,4360.82,Pokemon,Pack,Skyridge,6229.74,,,,PriceCharting
Skyridge Booster Pack,3531.00,3531.00,2471.70,2471.70,Pokemon,Pack,Skyridge,3531.00,,,,PriceCharting + TCGplayer
Burning Shadows 3 Pack Blister [Alolan Meowth],120.00,120.00,84.00,84.00,Pokemon,Pack,SM - Burning Shadows,,120.00,123.99,120.00,TCGplayer
Burning Shadows 3 Pack Blister [Cosmog],120.00,145.99,102.19,102.19,Pokemon,Pack,SM - Burning Shadows,,120.00,154.99,145.99,TCGplayer
Burning Shadows Booster Pack,26.80,29.07,20.35,20.35,Pokemon,Pack,SM - Burning Shadows,26.80,31.14,33.01,27.00,PriceCharting + TCGplayer
Burning Shadows Single Pack Blister [Jangmo-o],80.00,80.00,56.00,56.00,Pokemon,Pack,SM - Burning Shadows,,,80.00,80.00,TCGplayer
Burning Shadows Single Pack Blister [Komala],42.00,43.50,30.45,30.45,Pokemon,Pack,SM - Burning Shadows,,42.00,,44.99,TCGplayer
Burning Shadows Sleeved Booster Pack,39.99,36.95,25.87,25.87,Pokemon,Pack,SM - Burning Shadows,39.99,35.92,37.98,34.99,PriceCharting + TCGplayer
Celestial Storm 3 Pack Booster Blister [Tapu Lele],229.99,229.99,160.99,160.99,Pokemon,Pack,SM - Celestial Storm,,,,229.99,TCGplayer
Celestial Storm Booster Pack,96.75,73.91,51.74,51.74,Pokemon,Pack,SM - Celestial Storm,96.75,65.83,82.00,29.98,PriceCharting + TCGplayer
Celestial Storm Single Pack Blister [Tapu Bulu],89.99,90.00,63.00,63.00,Pokemon,Pack,SM - Celestial Storm,,89.99,92.50,90.00,TCGplayer
Celestial Storm Single Pack Blister [Tapu Fini],89.99,89.99,62.99,62.99,Pokemon,Pack,SM - Celestial Storm,,89.99,99.99,86.00,TCGplayer
Cosmic Eclipse Booster Pack,70.89,71.84,50.29,50.29,Pokemon,Pack,SM - Cosmic Eclipse,70.89,72.79,79.00,70.00,PriceCharting + TCGplayer
Cosmic Eclipse Single Pack Blister [Mismagius],186.40,168.17,117.72,117.72,Pokemon,Pack,SM - Cosmic Eclipse,,,186.40,149.94,TCGplayer
Cosmic Eclipse Single Pack Blister [Terrakion],130.49,140.00,98.00,98.00,Pokemon,Pack,SM - Cosmic Eclipse,,130.49,200.00,140.00,TCGplayer
SM - Cosmic Eclipse Sleeved Booster Pack,125.32,124.94,87.46,87.46,Pokemon,Pack,SM - Cosmic Eclipse,,125.32,124.94,118.00,TCGplayer
Crimson Invasion 3 Pack Blister [Decidueye],55.74,55.74,39.02,39.02,Pokemon,Pack,SM - Crimson Invasion,,55.74,,,TCGplayer
Crimson Invasion 3 Pack Blister [Lucario],54.70,54.70,38.29,38.29,Pokemon,Pack,SM - Crimson Invasion,,54.70,,,TCGplayer
Crimson Invasion Booster Pack,16.14,17.61,12.33,12.33,Pokemon,Pack,SM - Crimson Invasion,16.14,18.22,23.67,17.00,PriceCharting + TCGplayer
Crimson Invasion Single Pack Blister [Dhelmise],33.68,32.48,22.73,22.73,Pokemon,Pack,SM - Crimson Invasion,,33.68,32.48,30.00,TCGplayer
Crimson Invasion Single Pack Blister [Golisopod],32.96,31.98,22.38,22.38,Pokemon,Pack,SM - Crimson Invasion,,32.96,31.98,29.00,TCGplayer
Forbidden Light 3-Card Booster Pack,13.07,13.07,9.15,9.15,Pokemon,Pack,SM - Forbidden Light,,13.07,,,TCGplayer
Forbidden Light Booster Pack,32.50,44.61,31.22,31.22,Pokemon,Pack,SM - Forbidden Light,32.50,47.22,54.98,41.99,PriceCharting + TCGplayer
Forbidden Light Single Pack Blister [Exeggcute],72.00,72.00,50.40,50.40,Pokemon,Pack,SM - Forbidden Light,,72.00,,,TCGplayer
Guardians Rising 3 Pack Blister [Vikavolt],116.99,116.99,81.89,81.89,Pokemon,Pack,SM - Guardians Rising,,,116.99,116.99,TCGplayer
Guardians Rising Booster Pack,23.50,29.71,20.80,20.80,Pokemon,Pack,SM - Guardians Rising,23.50,35.92,46.47,14.99,PriceCharting + TCGplayer
Guardians Rising Single Pack Blister [Alolan Persian],92.40,91.18,63.82,63.82,Pokemon,Pack,SM - Guardians Rising,,,92.40,89.95,TCGplayer
Guardians Rising Single Pack Blister [Lurantis],38.68,54.00,37.80,37.80,Pokemon,Pack,SM - Guardians Rising,,38.68,56.00,54.00,TCGplayer
Guardians Rising Sleeved Booster Pack,35.70,36.23,25.36,25.36,Pokemon,Pack,SM - Guardians Rising,35.70,36.47,49.99,36.00,PriceCharting + TCGplayer
Lost Thunder 3 Pack Blister [Altaria],210.00,210.00,147.00,147.00,Pokemon,Pack,SM - Lost Thunder,,210.00,,,TCGplayer
Lost Thunder Booster Pack,46.00,52.50,36.75,36.75,Pokemon,Pack,SM - Lost Thunder,46.00,59.36,58.99,18.00,PriceCharting + TCGplayer
Team Up - Mini Booster Pack,65.44,67.72,47.40,47.40,Pokemon,Pack,SM - Team Up,65.44,51.90,312.50,70.00,PriceCharting + TCGplayer
Team Up Booster Pack,222.64,262.62,183.83,183.83,Pokemon,Pack,SM - Team Up,222.64,302.60,395.75,119.99,PriceCharting + TCGplayer
Team Up Premium Checklane Blister [Gyarados],750.00,825.00,577.50,577.50,Pokemon,Pack,SM - Team Up,,750.00,,900.00,TCGplayer
Team Up Single Pack Blister [Mimikyu],379.66,419.99,293.99,293.99,Pokemon,Pack,SM - Team Up,,379.66,449.99,419.99,TCGplayer
Team Up Single Pack Blister [Pikachu],471.05,489.99,342.99,342.99,Pokemon,Pack,SM - Team Up,,471.05,698.99,489.99,TCGplayer
Team Up Sleeved Booster Pack,337.00,350.61,245.43,245.43,Pokemon,Pack,SM - Team Up,337.00,341.22,454.98,360.00,PriceCharting + TCGplayer
Ultra Prism 3 Pack Blister [Alolan Vulpix],152.49,152.49,106.74,106.74,Pokemon,Pack,SM - Ultra Prism,,152.49,152.99,149.99,TCGplayer
Ultra Prism 3 Pack Blister [Porygon-Z],141.46,155.00,108.50,108.50,Pokemon,Pack,SM - Ultra Prism,,141.46,160.00,155.00,TCGplayer
Ultra Prism Booster Pack,34.72,42.36,29.65,29.65,Pokemon,Pack,SM - Ultra Prism,34.72,50.25,49.99,24.99,PriceCharting + TCGplayer
Unbroken Bonds 3 Pack Blister [Sceptile],249.74,249.99,174.99,174.99,Pokemon,Pack,SM - Unbroken Bonds,,249.74,274.99,249.99,TCGplayer
Unbroken Bonds 3 Pack Blister [Typhlosion],246.25,299.95,209.96,209.96,Pokemon,Pack,SM - Unbroken Bonds,,246.25,299.96,299.95,TCGplayer
Unbroken Bonds Booster Pack,11.63,54.33,38.03,38.03,Pokemon,Pack,SM - Unbroken Bonds,11.63,68.67,74.00,39.99,PriceCharting + TCGplayer
Unbroken Bonds Single Pack Blister [Eevee],86.69,109.99,76.99,76.99,Pokemon,Pack,SM - Unbroken Bonds,,86.69,112.44,109.99,TCGplayer
Unbroken Bonds Single Pack Blister [Pikachu],99.44,108.68,76.08,76.08,Pokemon,Pack,SM - Unbroken Bonds,,99.44,118.88,108.68,TCGplayer
Unbroken Bonds Single Pack Blister [Steelix],119.99,119.99,83.99,83.99,Pokemon,Pack,SM - Unbroken Bonds,,119.99,,,TCGplayer
Unbroken Bonds Single Pack Blister [Wailord],120.00,120.00,84.00,84.00,Pokemon,Pack,SM - Unbroken Bonds,,120.00,,,TCGplayer
Unbroken Bonds Sleeved Booster Pack,87.00,87.48,61.24,61.24,Pokemon,Pack,SM - Unbroken Bonds,87.00,87.96,,,PriceCharting + TCGplayer
Unified Minds 3 Pack Blister [Stakataka],330.00,320.00,224.00,224.00,Pokemon,Pack,SM - Unified Minds,,,330.00,310.00,TCGplayer
Unified Minds 3 Pack Blister [Vikavolt],328.90,328.90,230.23,230.23,Pokemon,Pack,SM - Unified Minds,,328.90,330.00,315.00,TCGplayer
Unified Minds Booster Pack,88.80,84.28,58.99,58.99,Pokemon,Pack,SM - Unified Minds,88.80,79.75,89.74,17.99,PriceCharting + TCGplayer
Unified Minds Mini Pack,20.33,20.33,14.23,14.23,Pokemon,Pack,SM - Unified Minds,,20.33,26.50,20.33,TCGplayer
Unified Minds Premium Checklane Blister [Espeon],470.79,470.79,329.55,329.55,Pokemon,Pack,SM - Unified Minds,,,470.79,470.79,TCGplayer
Unified Minds Premium Checklane Blister [Umbreon],149.99,149.99,104.99,104.99,Pokemon,Pack,SM - Unified Minds,,149.99,275.00,19.69,TCGplayer
Unified Minds Single Pack Blister [Pikachu],200.00,192.50,134.75,134.75,Pokemon,Pack,SM - Unified Minds,,,200.00,185.00,TCGplayer
Unified Minds Single Pack Blister [Sudowoodo],99.49,148.01,103.61,103.61,Pokemon,Pack,SM - Unified Minds,,99.49,150.00,148.01,TCGplayer
Sun & Moon Base Set 3 Pack Blister [Litten],66.67,66.67,46.67,46.67,Pokemon,Pack,SM Base Set,,66.67,,,TCGplayer
Sun & Moon Base Set 3 Pack Blister [Togedemaru],121.99,199.99,139.99,139.99,Pokemon,Pack,SM Base Set,,121.99,250.00,199.99,TCGplayer
Sun & Moon Booster Pack,22.97,22.97,16.08,16.08,Pokemon,Pack,SM Base Set,,22.97,25.48,18.00,TCGplayer
Sun & Moon Single Blister Pack [Pikipek],124.99,87.49,61.24,61.24,Pokemon,Pack,SM Base Set,,,124.99,49.99,TCGplayer
Sun & Moon Single Blister Pack [Rockruff],129.97,94.96,66.47,66.47,Pokemon,Pack,SM Base Set,,,129.97,59.95,TCGplayer
Double Blaze Booster Pack,24.99,24.99,17.49,17.49,Pokemon,Pack,SM10: Double Blaze,,,,24.99,TCGplayer
GG End Booster Pack,13.75,11.88,8.31,8.31,Pokemon,Pack,SM10a: GG End,,13.75,,10.00,TCGplayer
Sky Legend Booster Pack,17.29,18.12,12.68,12.68,Pokemon,Pack,SM10b: Sky Legend,,17.29,,18.95,TCGplayer
Miracle Twin Booster Pack,24.24,15.62,10.93,10.93,Pokemon,Pack,SM11: Miracle Twin,,24.24,,7.00,TCGplayer
Remix Bout Booster Pack,16.33,15.16,10.61,10.61,Pokemon,Pack,SM11a: Remix Bout,,16.33,,13.99,TCGplayer
Dream League Booster Pack,37.97,38.98,27.29,27.29,Pokemon,Pack,SM11b: Dream League,,37.97,,39.99,TCGplayer
Alter Genesis Booster Pack,13.90,12.95,9.06,9.06,Pokemon,Pack,SM12: Alter Genesis,,13.90,,12.00,TCGplayer
TAG TEAM GX: Tag All Stars Booster Pack,115.97,117.98,82.59,82.59,Pokemon,Pack,SM12a: TAG TEAM GX: Tag All Stars,,115.97,,119.99,TCGplayer
Shining Legends Booster Pack,239.01,239.01,167.31,167.31,Pokemon,Pack,SM3+: Shining Legends,,,,239.01,TCGplayer
Awakened Heroes Booster Pack,32.00,32.00,22.40,22.40,Pokemon,Pack,SM4S: Awakened Heroes,,,,32.00,TCGplayer
Ultra Force Booster Pack,12.00,12.00,8.40,8.40,Pokemon,Pack,SM5+: Ultra Force,,,,12.00,TCGplayer
Ultra Moon Booster Pack,34.99,34.99,24.49,24.49,Pokemon,Pack,SM5M: Ultra Moon,,,,34.99,TCGplayer
Ultra Sun Booster Pack,19.99,19.99,13.99,13.99,Pokemon,Pack,SM5S: Ultra Sun,,,,19.99,TCGplayer
Forbidden Light Booster Pack,29.99,29.99,20.99,20.99,Pokemon,Pack,SM6: Forbidden Light,,,,29.99,TCGplayer
Dragon Storm Booster Pack,39.99,39.99,27.99,27.99,Pokemon,Pack,SM6a: Dragon Storm,,39.99,,39.99,TCGplayer
Champion Road Booster Pack,34.99,33.99,23.79,23.79,Pokemon,Pack,SM6b: Champion Road,,34.99,,32.99,TCGplayer
Thunderclap Spark Booster Pack,8.00,8.00,5.60,5.60,Pokemon,Pack,SM7a: Thunderclap Spark,,,,8.00,TCGplayer
Super-Burst Impact Booster Pack,39.99,32.49,22.74,22.74,Pokemon,Pack,SM8: Super-Burst Impact,,39.99,,24.99,TCGplayer
Dark Order Booster Pack,11.99,12.00,8.40,8.40,Pokemon,Pack,SM8a: Dark Order,,11.99,,12.00,TCGplayer
GX Ultra Shiny Booster Pack,85.00,85.00,59.50,59.50,Pokemon,Pack,SM8b: GX Ultra Shiny,,,,85.00,TCGplayer
Tag Bolt Booster Pack,51.38,75.66,52.96,52.96,Pokemon,Pack,SM9: Tag Bolt,,51.38,,99.93,TCGplayer
Great Detective Pikachu Booster Pack,39.99,39.79,27.85,27.85,Pokemon,Pack,smP2: Great Detective Pikachu,,39.99,,39.59,TCGplayer
Steam Siege Blister Pack: Floette,39.92,39.92,27.94,27.94,Pokemon,Pack,Steam Siege,39.92,,,,PriceCharting
Steam Siege Blister Pack: Lucario,59.95,59.95,41.96,41.96,Pokemon,Pack,Steam Siege,59.95,,,,PriceCharting
Steam Siege Booster Pack,32.39,32.39,22.67,22.67,Pokemon,Pack,Steam Siege,32.39,,,,PriceCharting
Steam Siege Sleeved Booster Pack,29.94,29.94,20.96,20.96,Pokemon,Pack,Steam Siege,29.94,,,,PriceCharting
Stellar Crown Booster Pack,11.79,11.79,8.25,8.25,Pokemon,Pack,Stellar Crown,11.79,,,,PriceCharting
Stellar Crown Horsea Blister Pack,12.39,12.39,8.67,8.67,Pokemon,Pack,Stellar Crown,12.39,,,,PriceCharting
Stellar Crown Iron Thorns Blister Pack,14.77,14.77,10.34,10.34,Pokemon,Pack,Stellar Crown,14.77,,,,PriceCharting
Stellar Crown Latias 3 Pack Blister,35.75,35.75,25.02,25.02,Pokemon,Pack,Stellar Crown,35.75,,,,PriceCharting
Stellar Crown Porygon2 Blister Pack,12.64,12.64,8.85,8.85,Pokemon,Pack,Stellar Crown,12.64,,,,PriceCharting
Stellar Crown Roaring Moon Blister Pack,13.74,13.74,9.62,9.62,Pokemon,Pack,Stellar Crown,13.74,,,,PriceCharting
Stellar Crown Sleeved Booster Pack,11.79,11.79,8.25,8.25,Pokemon,Pack,Stellar Crown,11.79,,,,PriceCharting
Stormfront Blister Pack,359.43,359.43,251.60,251.60,Pokemon,Pack,Stormfront,359.43,,,,PriceCharting
Stormfront Booster Pack,299.99,299.99,209.99,209.99,Pokemon,Pack,Stormfront,299.99,,,,PriceCharting
Stormfront Booster Pack,545.27,849.99,594.99,594.99,Pokemon,Pack,Stormfront,,545.27,900.00,849.99,TCGplayer
Supreme Victors Blister Pack,830.00,830.00,581.00,581.00,Pokemon,Pack,Supreme Victors,830.00,,,,PriceCharting
Supreme Victors Booster Pack,441.90,758.33,530.83,530.83,Pokemon,Pack,Supreme Victors,441.90,716.66,899.98,800.00,PriceCharting + TCGplayer
Surging Sparks Abra Checklane Blister,34.00,34.00,23.80,23.80,Pokemon,Pack,Surging Sparks,34.00,,,,PriceCharting
Surging Sparks Arcanine Checklane Blister,24.99,24.99,17.49,17.49,Pokemon,Pack,Surging Sparks,24.99,,,,PriceCharting
Surging Sparks Litwick Checklane Blister,39.50,39.50,27.65,27.65,Pokemon,Pack,Surging Sparks,39.50,,,,PriceCharting
Surging Sparks Parchirisu Blister Pack,11.72,11.72,8.20,8.20,Pokemon,Pack,Surging Sparks,11.72,,,,PriceCharting
Surging Sparks Premium Checklane Blister [Sinistcha],15.07,15.07,10.55,10.55,Pokemon,Pack,Surging Sparks,15.07,,,,PriceCharting
Surging Sparks Quagsire 3 Pack Blisters,42.00,42.00,29.40,29.40,Pokemon,Pack,Surging Sparks,42.00,,,,PriceCharting
Surging Sparks Sealed Fun Pack,9.38,9.38,6.57,6.57,Pokemon,Pack,Surging Sparks,9.38,,,,PriceCharting
Surging Sparks Wooper Blister Pack,13.57,13.57,9.50,9.50,Pokemon,Pack,Surging Sparks,13.57,,,,PriceCharting
Surging Sparks Zapdos 3 Pack Blisters,32.53,32.53,22.77,22.77,Pokemon,Pack,Surging Sparks,32.53,,,,PriceCharting
2024 Pokemon Japan Illustration Contest Promo 3-Card Pack,38.87,35.88,25.12,25.12,Pokemon,Pack,SV-P Promotional Cards,,38.87,,32.89,TCGplayer
Scarlet & Violet 3 Pack Blister [Arcanine],35.20,35.20,24.64,24.64,Pokemon,Pack,SV01: Scarlet & Violet Base Set,,35.20,39.99,25.00,TCGplayer
Scarlet & Violet 3 Pack Blister [Dondozo],30.95,30.95,21.66,21.66,Pokemon,Pack,SV01: Scarlet & Violet Base Set,,30.95,38.99,30.95,TCGplayer
Scarlet & Violet 3 Pack Blister [Set of 2],62.25,62.25,43.57,43.57,Pokemon,Pack,SV01: Scarlet & Violet Base Set,,62.25,62.25,54.00,TCGplayer
Scarlet & Violet Booster Pack,8.93,8.93,6.25,6.25,Pokemon,Pack,SV01: Scarlet & Violet Base Set,,8.93,9.49,7.99,TCGplayer
Scarlet & Violet Fun Pack,7.07,7.07,4.95,4.95,Pokemon,Pack,SV01: Scarlet & Violet Base Set,,7.07,7.25,3.14,TCGplayer
Scarlet & Violet Premium Checklane Blister [Gengar],30.00,30.00,21.00,21.00,Pokemon,Pack,SV01: Scarlet & Violet Base Set,,30.00,,,TCGplayer
Scarlet & Violet Premium Checklane Blister [Hisuian Zoroark],12.00,12.00,8.40,8.40,Pokemon,Pack,SV01: Scarlet & Violet Base Set,,12.00,17.99,8.00,TCGplayer
Scarlet & Violet Premium Checklane Blister [Machamp],30.00,30.00,21.00,21.00,Pokemon,Pack,SV01: Scarlet & Violet Base Set,,30.00,30.00,30.00,TCGplayer
Scarlet & Violet Single Pack Blister [Set of 2],23.56,22.99,16.09,16.09,Pokemon,Pack,SV01: Scarlet & Violet Base Set,,23.56,22.99,18.00,TCGplayer
Scarlet & Violet Single Pack Blister [Spidops],12.51,12.51,8.76,8.76,Pokemon,Pack,SV01: Scarlet & Violet Base Set,,12.51,15.49,10.99,TCGplayer
Scarlet & Violet Sleeved Booster Pack,11.05,11.05,7.74,7.74,Pokemon,Pack,SV01: Scarlet & Violet Base Set,,11.05,11.34,8.00,TCGplayer
Paldea Evolved 3 Pack Blister [Set of 2],97.70,97.70,68.39,68.39,Pokemon,Pack,SV02: Paldea Evolved,,97.70,112.25,91.20,TCGplayer
Paldea Evolved 3 Pack Blister [Tinkatink],48.84,48.84,34.19,34.19,Pokemon,Pack,SV02: Paldea Evolved,,48.84,52.84,43.99,TCGplayer
Paldea Evolved 3 Pack Blister [Varoom],45.33,45.33,31.73,31.73,Pokemon,Pack,SV02: Paldea Evolved,,45.33,58.65,44.99,TCGplayer
Paldea Evolved Booster Pack,16.40,15.89,11.12,11.12,Pokemon,Pack,SV02: Paldea Evolved,16.40,15.53,16.25,4.50,PriceCharting + TCGplayer
Paldea Evolved Fun Pack,7.58,7.58,5.31,5.31,Pokemon,Pack,SV02: Paldea Evolved,,7.58,7.76,5.00,TCGplayer
Paldea Evolved Premium Checklane Blister [Arboliva],29.99,29.99,20.99,20.99,Pokemon,Pack,SV02: Paldea Evolved,,29.99,,,TCGplayer
Paldea Evolved Premium Checklane Blister [Pawmot],24.95,24.95,17.46,17.46,Pokemon,Pack,SV02: Paldea Evolved,,24.95,29.99,21.99,TCGplayer
Paldea Evolved Single Pack Blister [Armarouge],46.96,46.96,32.87,32.87,Pokemon,Pack,SV02: Paldea Evolved,,46.96,,,TCGplayer
Paldea Evolved Single Pack Blister [Dondonzo],29.97,29.97,20.98,20.98,Pokemon,Pack,SV02: Paldea Evolved,,29.97,37.45,25.00,TCGplayer
Paldea Evolved Single Pack Blister [Growlithe],18.65,18.65,13.05,13.05,Pokemon,Pack,SV02: Paldea Evolved,,18.65,20.50,18.27,TCGplayer
Paldea Evolved Single Pack Blister [Smoliv],14.94,17.00,11.90,11.90,Pokemon,Pack,SV02: Paldea Evolved,,14.94,19.99,17.00,TCGplayer
Paldea Evolved Sleeved Booster Pack,16.81,16.98,11.89,11.89,Pokemon,Pack,SV02: Paldea Evolved,16.81,17.16,18.23,14.99,PriceCharting + TCGplayer
Obsidian Flames 3 Pack Blister [Eevee],41.16,41.16,28.81,28.81,Pokemon,Pack,SV03: Obsidian Flames,,41.16,42.00,40.00,TCGplayer
Obsidian Flames 3 Pack Blister [Houndstone],38.39,38.39,26.87,26.87,Pokemon,Pack,SV03: Obsidian Flames,,38.39,40.97,35.00,TCGplayer
Obsidian Flames 3 Pack Blister [Set of 2],49.66,49.66,34.76,34.76,Pokemon,Pack,SV03: Obsidian Flames,,49.66,,,TCGplayer
Obsidian Flames Booster Pack,13.29,13.02,9.11,9.11,Pokemon,Pack,SV03: Obsidian Flames,13.29,13.00,13.03,4.80,PriceCharting + TCGplayer
Obsidian Flames Single Blister Pack [Annihilape],63.99,68.60,48.02,48.02,Pokemon,Pack,SV03: Obsidian Flames,,63.99,68.60,68.60,TCGplayer
Obsidian Flames Single Blister Pack [Kingambit],49.99,33.99,23.80,23.80,Pokemon,Pack,SV03: Obsidian Flames,,49.99,33.99,29.99,TCGplayer
Obsidian Flames Single Blister Pack [Revavroom],17.60,20.00,14.00,14.00,Pokemon,Pack,SV03: Obsidian Flames,,17.60,20.49,20.00,TCGplayer
Obsidian Flames Single Pack Blister [Paldean Wooper],15.20,15.20,10.64,10.64,Pokemon,Pack,SV03: Obsidian Flames,,15.20,19.64,14.50,TCGplayer
Obsidian Flames Single Pack Blister [Pawmi],14.55,14.55,10.19,10.19,Pokemon,Pack,SV03: Obsidian Flames,,14.55,16.02,14.00,TCGplayer
Obsidian Flames Sleeved Booster Pack,13.44,13.54,9.48,9.48,Pokemon,Pack,SV03: Obsidian Flames,13.44,13.78,13.63,4.49,PriceCharting + TCGplayer
Paradox Rift 3 Pack Blister [Arctibax],31.00,30.73,21.51,21.51,Pokemon,Pack,SV04: Paradox Rift,,31.00,30.73,30.18,TCGplayer
Paradox Rift 3 Pack Blister [Cetitan],29.61,39.95,27.96,27.96,Pokemon,Pack,SV04: Paradox Rift,,29.61,39.99,39.95,TCGplayer
Paradox Rift 3 Pack Blister [Set of 2],57.04,74.67,52.27,52.27,Pokemon,Pack,SV04: Paradox Rift,,57.04,74.67,74.67,TCGplayer
Paradox Rift Booster Pack,11.24,8.79,6.15,6.15,Pokemon,Pack,SV04: Paradox Rift,11.24,8.57,9.00,7.00,PriceCharting + TCGplayer
Paradox Rift Fun Pack,14.99,14.99,10.49,10.49,Pokemon,Pack,SV04: Paradox Rift,,14.99,14.99,8.99,TCGplayer
Paradox Rift Premium Checklane Blister [Hydreigon],34.67,50.00,35.00,35.00,Pokemon,Pack,SV04: Paradox Rift,,34.67,50.00,50.00,TCGplayer
Paradox Rift Premium Checklane Blister [Tinkaton],10.00,49.00,34.30,34.30,Pokemon,Pack,SV04: Paradox Rift,,10.00,49.00,49.00,TCGplayer
Paradox Rift Single Pack Blister [Ceruledge],40.98,37.48,26.23,26.23,Pokemon,Pack,SV04: Paradox Rift,,40.98,37.48,34.96,TCGplayer
Paradox Rift Single Pack Blister [Glimmora],40.30,30.15,21.11,21.11,Pokemon,Pack,SV04: Paradox Rift,,,40.30,20.00,TCGplayer
Paradox Rift Single Pack Blister [Pineco],11.02,11.02,7.71,7.71,Pokemon,Pack,SV04: Paradox Rift,,11.02,11.02,8.75,TCGplayer
Paradox Rift Single Pack Blister [Sinistea],11.07,11.07,7.75,7.75,Pokemon,Pack,SV04: Paradox Rift,,11.07,12.88,1.49,TCGplayer
Paradox Rift Sleeved Booster Pack,11.85,11.57,8.10,8.10,Pokemon,Pack,SV04: Paradox Rift,11.85,11.30,11.84,9.88,PriceCharting + TCGplayer
Temporal Forces 3 Pack Blister [Cleffa],30.34,30.36,21.25,21.25,Pokemon,Pack,SV05: Temporal Forces,,30.34,38.24,30.36,TCGplayer
Temporal Forces 3 Pack Blister [Cyclizar],34.49,32.76,22.93,22.93,Pokemon,Pack,SV05: Temporal Forces,34.49,31.02,39.74,30.79,PriceCharting + TCGplayer
Temporal Forces Booster Pack,9.92,9.59,6.72,6.72,Pokemon,Pack,SV05: Temporal Forces,9.92,9.27,11.56,8.00,PriceCharting + TCGplayer
Temporal Forces Fun Pack,10.62,10.62,7.43,7.43,Pokemon,Pack,SV05: Temporal Forces,,10.62,10.62,10.62,TCGplayer
Temporal Forces Premium Checklane Blister [Baxcalibur],17.06,17.99,12.59,12.59,Pokemon,Pack,SV05: Temporal Forces,,17.06,18.82,17.99,TCGplayer
Temporal Forces Premium Checklane Blister [Togekiss],20.36,19.99,13.99,13.99,Pokemon,Pack,SV05: Temporal Forces,,20.36,19.99,1.45,TCGplayer
Temporal Forces Single Pack Blister [Bellibolt],11.23,11.23,7.86,7.86,Pokemon,Pack,SV05: Temporal Forces,,11.23,11.56,9.90,TCGplayer
Temporal Forces Single Pack Blister [Carvanha],10.98,10.98,7.69,7.69,Pokemon,Pack,SV05: Temporal Forces,,10.98,11.38,9.99,TCGplayer
Temporal Forces Single Pack Blister [Scovillain],25.00,25.00,17.50,17.50,Pokemon,Pack,SV05: Temporal Forces,,25.00,,,TCGplayer
Temporal Forces Single Pack Blister [Set of 2],23.63,23.63,16.54,16.54,Pokemon,Pack,SV05: Temporal Forces,,23.63,24.81,23.63,TCGplayer
Temporal Forces Sleeved Booster Pack,11.75,11.57,8.10,8.10,Pokemon,Pack,SV05: Temporal Forces,11.75,11.39,12.00,11.00,PriceCharting + TCGplayer
Twilight Masquerade 3 Pack Blister [Revavroom],26.73,34.95,24.46,24.46,Pokemon,Pack,SV06: Twilight Masquerade,26.73,34.91,36.99,34.99,PriceCharting + TCGplayer
Twilight Masquerade 3 Pack Blister [Snorlax],72.86,54.49,38.14,38.14,Pokemon,Pack,SV06: Twilight Masquerade,72.86,45.32,59.99,48.99,PriceCharting + TCGplayer
Twilight Masquerade Booster Pack,9.23,9.27,6.49,6.49,Pokemon,Pack,SV06: Twilight Masquerade,9.23,9.30,10.00,2.50,PriceCharting + TCGplayer
Twilight Masquerade Fun Pack,9.01,9.01,6.31,6.31,Pokemon,Pack,SV06: Twilight Masquerade,,9.01,19.98,9.01,TCGplayer
Twilight Masquerade Premium Checklane Blister [Horsea],23.00,24.00,16.80,16.80,Pokemon,Pack,SV06: Twilight Masquerade,23.00,25.00,29.99,1.50,PriceCharting + TCGplayer
Twilight Masquerade Premium Checklane Blister [Lokix],23.22,35.97,25.18,25.18,Pokemon,Pack,SV06: Twilight Masquerade,,23.22,39.69,35.97,TCGplayer
Twilight Masquerade Premium Checklane Blister [Porygon],23.73,24.49,17.15,17.15,Pokemon,Pack,SV06: Twilight Masquerade,23.73,24.99,24.99,24.00,PriceCharting + TCGplayer
Twilight Masquerade Single Pack Blister [Pupitar],10.60,10.60,7.42,7.42,Pokemon,Pack,SV06: Twilight Masquerade,,10.60,10.76,9.00,TCGplayer
Twilight Masquerade Single Pack Blister [Toxel],9.86,9.80,6.86,6.86,Pokemon,Pack,SV06: Twilight Masquerade,,9.86,9.80,9.00,TCGplayer
Twilight Masquerade Sleeved Booster Pack,10.53,10.50,7.35,7.35,Pokemon,Pack,SV06: Twilight Masquerade,10.53,10.47,11.99,2.55,PriceCharting + TCGplayer
Stellar Crown 3 Pack Blisters [Latias],35.81,35.81,25.07,25.07,Pokemon,Pack,SV07: Stellar Crown,,35.81,40.00,35.00,TCGplayer
Stellar Crown 3 Pack Blisters [Tinkaton],36.18,36.18,25.33,25.33,Pokemon,Pack,SV07: Stellar Crown,,36.18,49.99,30.00,TCGplayer
Stellar Crown Booster Pack,10.72,10.72,7.50,7.50,Pokemon,Pack,SV07: Stellar Crown,,10.72,10.96,2.85,TCGplayer
Stellar Crown Premium Checklane Blister [Iron Thorns],16.17,20.00,14.00,14.00,Pokemon,Pack,SV07: Stellar Crown,,16.17,23.74,20.00,TCGplayer
Stellar Crown Premium Checklane Blister [Koraidon],14.00,27.65,19.35,19.35,Pokemon,Pack,SV07: Stellar Crown,,14.00,27.65,27.65,TCGplayer
Stellar Crown Premium Checklane Blister [Miraidon],20.99,21.00,14.70,14.70,Pokemon,Pack,SV07: Stellar Crown,,20.99,23.00,21.00,TCGplayer
Stellar Crown Premium Checklane Blister [Roaring Moon],13.74,13.85,9.69,9.69,Pokemon,Pack,SV07: Stellar Crown,,13.74,20.09,13.85,TCGplayer
Stellar Crown Single Pack Blister [Horsea],12.72,19.99,13.99,13.99,Pokemon,Pack,SV07: Stellar Crown,,12.72,21.49,19.99,TCGplayer
Stellar Crown Single Pack Blister [Porygon2],12.47,12.47,8.73,8.73,Pokemon,Pack,SV07: Stellar Crown,,12.47,13.73,11.00,TCGplayer
Stellar Crown Sleeved Booster Pack,11.63,11.00,7.70,7.70,Pokemon,Pack,SV07: Stellar Crown,,11.63,11.00,8.99,TCGplayer
Surging Sparks 3 Pack Blisters [Zapdos],47.49,47.49,33.24,33.24,Pokemon,Pack,SV08: Surging Sparks,,47.49,47.74,41.00,TCGplayer
Surging Sparks Booster Pack,8.04,8.23,5.76,5.76,Pokemon,Pack,SV08: Surging Sparks,8.04,8.42,9.00,2.23,PriceCharting + TCGplayer
Surging Sparks Premium Checklane Blister [Chandelure],38.25,40.00,28.00,28.00,Pokemon,Pack,SV08: Surging Sparks,,38.25,42.49,40.00,TCGplayer
Surging Sparks Single Pack Blister [Hisuian Arcanine],24.15,34.99,24.49,24.49,Pokemon,Pack,SV08: Surging Sparks,,24.15,38.24,34.99,TCGplayer
Surging Sparks Single Pack Blister [Pachirisu],12.26,12.26,8.58,8.58,Pokemon,Pack,SV08: Surging Sparks,,12.26,15.00,10.99,TCGplayer
Surging Sparks Single Pack Blister [Sinistcha],15.01,14.97,10.48,10.48,Pokemon,Pack,SV08: Surging Sparks,,15.01,14.97,14.96,TCGplayer
Surging Sparks Single Pack Blister [Wooper],12.87,12.87,9.01,9.01,Pokemon,Pack,SV08: Surging Sparks,,12.87,14.80,12.00,TCGplayer
Surging Sparks Sleeved Booster Pack,12.00,11.95,8.36,8.36,Pokemon,Pack,SV08: Surging Sparks,12.00,11.90,12.00,0.01,PriceCharting + TCGplayer
Journey Together 3 Pack Blister [Scrafty],26.34,26.56,18.59,18.59,Pokemon,Pack,SV09: Journey Together,26.34,26.78,28.43,21.00,PriceCharting + TCGplayer
Journey Together 3 Pack Blister [Set of 2],42.45,49.99,34.99,34.99,Pokemon,Pack,SV09: Journey Together,,42.45,54.88,49.99,TCGplayer
Journey Together 3 Pack Blister [Yanmega],24.49,24.16,16.92,16.92,Pokemon,Pack,SV09: Journey Together,24.49,23.84,27.93,22.50,PriceCharting + TCGplayer
Journey Together Booster Pack,6.74,6.77,4.74,4.74,Pokemon,Pack,SV09: Journey Together,6.74,6.80,7.00,2.35,PriceCharting + TCGplayer
Journey Together Fun Pack,4.07,4.07,2.85,2.85,Pokemon,Pack,SV09: Journey Together,,4.07,5.00,3.89,TCGplayer
Journey Together Premium Checklane Blister [Klinklang],36.77,18.88,13.22,13.22,Pokemon,Pack,SV09: Journey Together,,36.77,,0.99,TCGplayer
Journey Together Premium Checklane Blister [Rhyperior],41.99,41.99,29.39,29.39,Pokemon,Pack,SV09: Journey Together,,41.99,41.99,38.98,TCGplayer
Journey Together Single Pack Blister [Archaludon],13.04,16.30,11.41,11.41,Pokemon,Pack,SV09: Journey Together,,13.04,18.15,16.30,TCGplayer
Journey Together Single Pack Blister [Scraggy],10.16,10.16,7.11,7.11,Pokemon,Pack,SV09: Journey Together,,10.16,11.80,8.00,TCGplayer
Journey Together Single Pack Blister [Yanma],11.45,11.45,8.01,8.01,Pokemon,Pack,SV09: Journey Together,,11.45,12.61,8.00,TCGplayer
Journey Together Sleeved Booster Pack,9.19,9.09,6.36,6.36,Pokemon,Pack,SV09: Journey Together,9.19,8.99,9.41,2.80,PriceCharting + TCGplayer
Destined Rivals 3 Pack Blister [Kangaskhan],49.99,50.13,35.09,35.09,Pokemon,Pack,SV10: Destined Rivals,49.99,50.27,57.99,48.22,PriceCharting + TCGplayer
Destined Rivals 3 Pack Blister [Zebstrika],48.99,48.31,33.82,33.82,Pokemon,Pack,SV10: Destined Rivals,48.99,47.89,48.74,38.99,PriceCharting + TCGplayer
Destined Rivals Booster Pack,8.34,8.61,6.03,6.03,Pokemon,Pack,SV10: Destined Rivals,8.34,8.88,9.45,2.27,PriceCharting + TCGplayer
Destined Rivals Fun Pack,5.74,5.78,4.04,4.04,Pokemon,Pack,SV10: Destined Rivals,5.74,5.81,6.15,5.48,PriceCharting + TCGplayer
Destined Rivals Premium Checklane Blister [Skeledirge],54.98,41.75,29.22,29.22,Pokemon,Pack,SV10: Destined Rivals,54.98,43.49,40.00,35.75,PriceCharting + TCGplayer
Destined Rivals Premium Checklane Blister [Togekiss],37.85,38.75,27.13,27.13,Pokemon,Pack,SV10: Destined Rivals,37.85,39.66,43.97,36.75,PriceCharting + TCGplayer
Destined Rivals Sleeved Booster Pack,10.50,10.02,7.01,7.01,Pokemon,Pack,SV10: Destined Rivals,10.50,9.53,12.00,2.97,PriceCharting + TCGplayer
Glory of Team Rocket Booster Pack,5.72,4.20,2.94,2.94,Pokemon,Pack,SV10: The Glory of Team Rocket,,5.72,,2.68,TCGplayer
Black Bolt Booster Pack,9.68,6.83,4.78,4.78,Pokemon,Pack,SV11B: Black Bolt,,9.68,,3.99,TCGplayer
Black Bolt Deluxe Booster Pack,53.33,64.16,44.92,44.92,Pokemon,Pack,SV11B: Black Bolt,,53.33,,75.00,TCGplayer
White Flare Booster Pack,9.88,6.94,4.85,4.85,Pokemon,Pack,SV11W: White Flare,,9.88,,3.99,TCGplayer
White Flare Deluxe Booster Pack,36.47,40.73,28.51,28.51,Pokemon,Pack,SV11W: White Flare,,36.47,,45.00,TCGplayer
Triple Beat Booster Pack,5.50,3.88,2.71,2.71,Pokemon,Pack,SV1a: Triplet Beat,,5.50,,2.25,TCGplayer
Scarlet ex Booster Pack,3.81,3.40,2.38,2.38,Pokemon,Pack,SV1S: Scarlet ex,,3.81,,2.99,TCGplayer
Violet ex Booster Pack,3.15,3.12,2.18,2.18,Pokemon,Pack,SV1V: Violet ex,,3.15,,3.08,TCGplayer
Pokemon Card 151 Booster Pack,20.26,11.43,8.00,8.00,Pokemon,Pack,SV2a: Pokemon Card 151,,20.26,,2.59,TCGplayer
Clay Burst Booster Pack,3.71,3.35,2.34,2.34,Pokemon,Pack,SV2D: Clay Burst,,3.71,,2.99,TCGplayer
Snow Hazard Booster Pack,3.76,2.88,2.02,2.02,Pokemon,Pack,SV2P: Snow Hazard,,3.76,,2.00,TCGplayer
Ruler of the Black Flame Booster Pack,4.81,4.34,3.04,3.04,Pokemon,Pack,SV3: Ruler of the Black Flame,,4.81,,3.88,TCGplayer
Raging Surf Booster Pack,5.41,3.95,2.77,2.77,Pokemon,Pack,SV3a: Raging Surf,,5.41,,2.49,TCGplayer
Shiny Treasure ex High Class Booster Pack,13.47,11.73,8.21,8.21,Pokemon,Pack,SV4a: Shiny Treasure ex,,13.47,,10.00,TCGplayer
Ancient Roar Booster Pack,3.65,2.98,2.09,2.09,Pokemon,Pack,SV4K: Ancient Roar,,3.65,,2.32,TCGplayer
Future Flash Booster Pack,3.54,2.77,1.94,1.94,Pokemon,Pack,SV4M: Future Flash,,3.54,,2.00,TCGplayer
Crimson Haze Booster Pack,4.30,3.27,2.29,2.29,Pokemon,Pack,SV5a: Crimson Haze,,4.30,,2.25,TCGplayer
Wild Force Booster Pack,3.95,3.10,2.17,2.17,Pokemon,Pack,SV5K: Wild Force,,3.95,,2.25,TCGplayer
Cyber Judge Booster Pack,3.39,2.85,2.00,2.00,Pokemon,Pack,SV5M: Cyber Judge,,3.39,,2.32,TCGplayer
Transformation Mask Booster Pack,3.90,3.18,2.23,2.23,Pokemon,Pack,SV6: Transformation Mask,,3.90,,2.46,TCGplayer
Night Wanderer Booster Pack,3.63,2.96,2.08,2.08,Pokemon,Pack,SV6a: Night Wanderer,,3.63,,2.30,TCGplayer
Stellar Miracle Booster Pack,3.83,2.92,2.04,2.04,Pokemon,Pack,SV7: Stellar Miracle,,3.83,,2.00,TCGplayer
Paradise Dragona Booster Pack,4.14,4.03,2.82,2.82,Pokemon,Pack,SV7a: Paradise Dragona,,4.14,,3.91,TCGplayer
Super Electric Breaker Booster Pack,5.10,3.75,2.62,2.62,Pokemon,Pack,SV8: Super Electric Breaker,,5.10,,2.40,TCGplayer
Terastal Fest ex Booster Pack,10.65,9.18,6.43,6.43,Pokemon,Pack,SV8a: Terastal Fest ex,,10.65,,7.71,TCGplayer
Battle Partner Booster Pack,3.77,2.86,2.00,2.00,Pokemon,Pack,SV9: Battle Partners,,3.77,,1.95,TCGplayer
Heat Wave Arena Booster Pack,3.69,3.04,2.13,2.13,Pokemon,Pack,SV9a: Heat Wave Arena,,3.69,,2.40,TCGplayer
Black Bolt Booster Pack,14.50,14.63,10.24,10.24,Pokemon,Pack,SV: Black Bolt,14.50,14.77,15.95,4.93,PriceCharting + TCGplayer
Paldean Fates Booster Pack,24.53,24.54,17.17,17.17,Pokemon,Pack,SV: Paldean Fates,24.53,24.54,26.00,14.43,PriceCharting + TCGplayer
Prismatic Evolutions Booster Pack,14.63,14.41,10.09,10.09,Pokemon,Pack,SV: Prismatic Evolutions,14.63,14.20,15.00,12.72,PriceCharting + TCGplayer
151 Booster Pack,29.95,29.95,20.96,20.96,Pokemon,Pack,SV: Scarlet & Violet 151,,29.95,30.00,2.69,TCGplayer
Shrouded Fable 3 Pack Blister [Pecharunt],34.67,49.99,34.99,34.99,Pokemon,Pack,SV: Shrouded Fable,,34.67,55.00,49.99,TCGplayer
Shrouded Fable Booster Pack,13.36,13.88,9.72,9.72,Pokemon,Pack,SV: Shrouded Fable,13.36,14.41,14.59,8.99,PriceCharting + TCGplayer
White Flare Booster Pack,12.75,13.62,9.54,9.54,Pokemon,Pack,SV: White Flare,12.75,14.50,15.97,4.75,PriceCharting + TCGplayer
Sword & Shield 3 Pack Blister [Galarian Ponyta],64.96,64.96,45.47,45.47,Pokemon,Pack,SWSH01: Sword & Shield Base Set,,64.96,,,TCGplayer
Sword & Shield 3 Pack Blister [Morpeko],64.99,64.99,45.49,45.49,Pokemon,Pack,SWSH01: Sword & Shield Base Set,,64.99,79.97,60.00,TCGplayer
Sword & Shield Booster Pack,11.13,11.13,7.79,7.79,Pokemon,Pack,SWSH01: Sword & Shield Base Set,,11.13,12.60,9.04,TCGplayer
Sword & Shield Single Blister Pack [Gossifleur],14.99,29.99,20.99,20.99,Pokemon,Pack,SWSH01: Sword & Shield Base Set,,14.99,38.99,29.99,TCGplayer
Sword and Shield Base Set Sleeved Booster Pack,16.44,16.44,11.51,11.51,Pokemon,Pack,SWSH01: Sword & Shield Base Set,,16.44,19.00,15.75,TCGplayer
Rebel Clash 3 Pack Blister [Duraludon],42.00,67.00,46.90,46.90,Pokemon,Pack,SWSH02: Rebel Clash,42.00,59.00,82.47,75.00,PriceCharting + TCGplayer
Rebel Clash Booster Pack,11.38,11.69,8.18,8.18,Pokemon,Pack,SWSH02: Rebel Clash,11.38,12.40,11.99,9.23,PriceCharting + TCGplayer
Rebel Clash Premium Checklane Blister [Galarian Obstagoon],32.00,31.99,22.40,22.40,Pokemon,Pack,SWSH02: Rebel Clash,,,32.00,31.99,TCGplayer
Rebel Clash Premium Checklane Blister [Gengar],77.16,139.00,97.30,97.30,Pokemon,Pack,SWSH02: Rebel Clash,,77.16,144.50,139.00,TCGplayer
Rebel Clash Single Pack Blister [Mantine],67.48,63.73,44.61,44.61,Pokemon,Pack,SWSH02: Rebel Clash,,,67.48,59.97,TCGplayer
Rebel Clash Single Pack Blister [Noctowl],21.67,50.00,35.00,35.00,Pokemon,Pack,SWSH02: Rebel Clash,,21.67,62.50,50.00,TCGplayer
Rebel Clash Sleeved Booster Pack,24.62,14.88,10.42,10.42,Pokemon,Pack,SWSH02: Rebel Clash,24.62,12.78,16.99,11.00,PriceCharting + TCGplayer
Darkness Ablaze 3 Pack Blister [Eevee],41.49,47.89,33.52,33.52,Pokemon,Pack,SWSH03: Darkness Ablaze,,41.49,53.94,47.89,TCGplayer
Darkness Ablaze 3 Pack Blister [Flareon],47.17,48.93,34.25,34.25,Pokemon,Pack,SWSH03: Darkness Ablaze,,47.17,54.46,48.93,TCGplayer
Darkness Ablaze Booster Pack,7.00,8.70,6.09,6.09,Pokemon,Pack,SWSH03: Darkness Ablaze,7.00,9.85,10.67,7.54,PriceCharting + TCGplayer
Darkness Ablaze Fun Pack,3.99,51.49,36.05,36.05,Pokemon,Pack,SWSH03: Darkness Ablaze,3.99,3.55,99.00,99.00,PriceCharting + TCGplayer
Darkness Ablaze Premium Checklane Blister,22.70,25.50,17.85,17.85,Pokemon,Pack,SWSH03: Darkness Ablaze,,22.70,25.50,25.50,TCGplayer
Darkness Ablaze Premium Checklane Blister [Dragapult],20.00,20.00,14.00,14.00,Pokemon,Pack,SWSH03: Darkness Ablaze,,20.00,,,TCGplayer
Darkness Ablaze Premium Checklane Blister [Grimmsnarl],20.00,20.00,14.00,14.00,Pokemon,Pack,SWSH03: Darkness Ablaze,,20.00,,,TCGplayer
Darkness Ablaze Single Pack Blister [Hatenna],13.64,14.25,9.97,9.97,Pokemon,Pack,SWSH03: Darkness Ablaze,,13.64,20.00,14.25,TCGplayer
Darkness Ablaze Single Pack Blister [Pikachu],35.21,39.99,27.99,27.99,Pokemon,Pack,SWSH03: Darkness Ablaze,,35.21,59.99,39.99,TCGplayer
Darkness Ablaze Sleeved Booster Pack,11.45,11.56,8.10,8.10,Pokemon,Pack,SWSH03: Darkness Ablaze,11.45,11.68,13.49,10.00,PriceCharting + TCGplayer
Sword & Shield Single Blister Pack [Cufant & Copperajah],10.00,10.00,7.00,7.00,Pokemon,Pack,SWSH03: Darkness Ablaze,,10.00,,,TCGplayer
Vivid Voltage 3 Pack Blister [Sobble],43.65,52.38,36.67,36.67,Pokemon,Pack,SWSH04: Vivid Voltage,,43.65,88.69,52.38,TCGplayer
Vivid Voltage Booster Pack,11.01,11.00,7.70,7.70,Pokemon,Pack,SWSH04: Vivid Voltage,11.01,11.06,11.00,6.00,PriceCharting + TCGplayer
Vivid Voltage Single Pack Blister [Grookey],17.73,17.73,12.41,12.41,Pokemon,Pack,SWSH04: Vivid Voltage,,17.73,19.96,15.39,TCGplayer
Vivid Voltage Single Pack Blister [Scorbunny],19.73,18.36,12.85,12.85,Pokemon,Pack,SWSH04: Vivid Voltage,19.73,16.99,25.99,15.39,PriceCharting + TCGplayer
Vivid Voltage Sleeved Booster Pack,11.88,12.03,8.42,8.42,Pokemon,Pack,SWSH04: Vivid Voltage,11.88,12.17,16.97,7.00,PriceCharting + TCGplayer
Battle Styles 3 Pack Blister [Eevee],28.32,30.00,21.00,21.00,Pokemon,Pack,SWSH05: Battle Styles,,28.32,40.00,30.00,TCGplayer
Battle Styles 3 Pack Blister [Jolteon],39.48,38.48,26.94,26.94,Pokemon,Pack,SWSH05: Battle Styles,,39.48,38.48,30.00,TCGplayer
Battle Styles Booster Pack,9.56,9.56,6.69,6.69,Pokemon,Pack,SWSH05: Battle Styles,9.56,9.56,9.79,7.99,PriceCharting + TCGplayer
Battle Styles Premium Checklane Blister [Golisopod],19.00,19.00,13.30,13.30,Pokemon,Pack,SWSH05: Battle Styles,,19.00,,,TCGplayer
Battle Styles Single Pack Blister [Arrokuda],11.13,11.13,7.79,7.79,Pokemon,Pack,SWSH05: Battle Styles,,11.13,,,TCGplayer
Battle Styles Single Pack Blister [Charmander],24.99,24.99,17.49,17.49,Pokemon,Pack,SWSH05: Battle Styles,,24.99,30.99,21.00,TCGplayer
Battle Styles Sleeved Booster Pack,9.99,10.27,7.19,7.19,Pokemon,Pack,SWSH05: Battle Styles,9.99,10.27,13.99,10.27,PriceCharting + TCGplayer
"Chilling Reign 2 Pack Blister [Galarian Zapdos V, Articuno V, Moltres V]",44.81,44.81,31.37,31.37,Pokemon,Pack,SWSH06: Chilling Reign,,44.81,52.34,40.99,TCGplayer
Chilling Reign 3 Pack Blister [Eevee],47.43,55.34,38.73,38.73,Pokemon,Pack,SWSH06: Chilling Reign,47.43,52.67,66.97,58.00,PriceCharting + TCGplayer
Chilling Reign 3 Pack Blister [Snorlax],65.00,65.00,45.50,45.50,Pokemon,Pack,SWSH06: Chilling Reign,,65.00,72.50,65.00,TCGplayer
Chilling Reign Booster Pack,13.50,12.78,8.95,8.95,Pokemon,Pack,SWSH06: Chilling Reign,13.50,12.56,13.00,9.00,PriceCharting + TCGplayer
Chilling Reign Fun Pack,12.10,12.20,8.54,8.54,Pokemon,Pack,SWSH06: Chilling Reign,,12.10,12.36,12.20,TCGplayer
Chilling Reign Premium Checklane Blister [Blaziken],33.98,35.00,24.50,24.50,Pokemon,Pack,SWSH06: Chilling Reign,,33.98,35.00,35.00,TCGplayer
Chilling Reign Single Pack Blister [Morpeko],22.24,22.24,15.57,15.57,Pokemon,Pack,SWSH06: Chilling Reign,,22.24,24.68,15.00,TCGplayer
Chilling Reign Single Pack Blister [Phanpy],22.29,22.29,15.60,15.60,Pokemon,Pack,SWSH06: Chilling Reign,,22.29,22.68,17.56,TCGplayer
Chilling Reign Sleeved Booster Pack,19.74,19.64,13.75,13.75,Pokemon,Pack,SWSH06: Chilling Reign,19.74,19.54,20.00,18.14,PriceCharting + TCGplayer
Evolving Skies 3 Pack Blister [Eiscue],190.50,211.35,147.94,147.94,Pokemon,Pack,SWSH07: Evolving Skies,190.50,222.70,244.98,200.00,PriceCharting + TCGplayer
Evolving Skies 3 Pack Blister [Umbreon],78.84,251.15,175.81,175.81,Pokemon,Pack,SWSH07: Evolving Skies,78.84,247.31,309.99,254.99,PriceCharting + TCGplayer
Evolving Skies Booster Pack,43.97,44.59,31.21,31.21,Pokemon,Pack,SWSH07: Evolving Skies,43.97,45.20,51.00,7.50,PriceCharting + TCGplayer
Evolving Skies Fun Pack,19.50,22.19,15.53,15.53,Pokemon,Pack,SWSH07: Evolving Skies,19.50,,,24.88,PriceCharting + TCGplayer
Evolving Skies Premium Checklane Blister [Houndoom],102.98,102.00,71.40,71.40,Pokemon,Pack,SWSH07: Evolving Skies,,102.98,102.00,102.00,TCGplayer
Evolving Skies Single Pack Blister [Eevee],81.10,89.00,62.30,62.30,Pokemon,Pack,SWSH07: Evolving Skies,,81.10,167.49,89.00,TCGplayer
Evolving Skies Single Pack Blister [Galarian Slowpoke],75.34,75.34,52.74,52.74,Pokemon,Pack,SWSH07: Evolving Skies,,75.34,99.99,75.00,TCGplayer
Evolving Skies Single Pack Blister [Octillery],59.00,97.00,67.90,67.90,Pokemon,Pack,SWSH07: Evolving Skies,,59.00,98.50,97.00,TCGplayer
Evolving Skies Sleeved Booster Pack,60.20,60.12,42.09,42.09,Pokemon,Pack,SWSH07: Evolving Skies,60.20,60.05,72.99,58.95,PriceCharting + TCGplayer
Fusion Strike 3 Pack Blister [Eevee],80.85,80.85,56.59,56.59,Pokemon,Pack,SWSH08: Fusion Strike,,80.85,99.50,79.98,TCGplayer
Fusion Strike 3 Pack Blister [Espeon],81.96,81.96,57.37,57.37,Pokemon,Pack,SWSH08: Fusion Strike,,81.96,89.95,9.69,TCGplayer
Fusion Strike Booster Pack,20.25,19.41,13.59,13.59,Pokemon,Pack,SWSH08: Fusion Strike,20.25,18.83,19.99,3.97,PriceCharting + TCGplayer
Fusion Strike Fun Pack,6.15,6.30,4.41,4.41,Pokemon,Pack,SWSH08: Fusion Strike,6.15,6.46,6.66,3.16,PriceCharting + TCGplayer
Fusion Strike Premium Checklane Blister [Cinderace],50.00,47.50,33.25,33.25,Pokemon,Pack,SWSH08: Fusion Strike,,,50.00,44.99,TCGplayer
Fusion Strike Single Pack Blister [Blitzle],29.74,29.74,20.82,20.82,Pokemon,Pack,SWSH08: Fusion Strike,,29.74,34.49,29.39,TCGplayer
Fusion Strike Single Pack Blister [Tepig],28.68,28.68,20.08,20.08,Pokemon,Pack,SWSH08: Fusion Strike,,28.68,32.98,28.68,TCGplayer
Fusion Strike Sleeved Booster Pack,22.50,25.12,17.59,17.59,Pokemon,Pack,SWSH08: Fusion Strike,22.50,27.75,29.85,4.49,PriceCharting + TCGplayer
Unova Two Pack Blister [Forces of Nature Trio],29.19,29.19,20.43,20.43,Pokemon,Pack,SWSH08: Fusion Strike,,29.19,31.99,28.88,TCGplayer
Brilliant Stars 3 Pack Blister [Glaceon],52.67,60.99,42.69,42.69,Pokemon,Pack,SWSH09: Brilliant Stars,,52.67,77.50,60.99,TCGplayer
Brilliant Stars 3 Pack Blister [Leafeon],55.33,60.00,42.00,42.00,Pokemon,Pack,SWSH09: Brilliant Stars,,55.33,72.50,60.00,TCGplayer
Brilliant Stars Booster Pack,16.24,16.62,11.63,11.63,Pokemon,Pack,SWSH09: Brilliant Stars,16.24,17.03,17.00,8.99,PriceCharting + TCGplayer
Brilliant Stars Fun Pack,7.14,7.14,5.00,5.00,Pokemon,Pack,SWSH09: Brilliant Stars,,7.14,,,TCGplayer
Brilliant Stars Premium Checklane Blister [Zoroark],34.77,34.77,24.34,24.34,Pokemon,Pack,SWSH09: Brilliant Stars,,34.77,,,TCGplayer
Brilliant Stars Single Pack Blister [Eevee],25.60,25.60,17.92,17.92,Pokemon,Pack,SWSH09: Brilliant Stars,,25.60,29.93,24.99,TCGplayer
Brilliant Stars Sleeved Booster Pack,19.37,19.62,13.74,13.74,Pokemon,Pack,SWSH09: Brilliant Stars,19.37,19.88,21.16,18.00,PriceCharting + TCGplayer
Astral Radiance 3 Pack Blister [Eevee],43.28,43.28,30.30,30.30,Pokemon,Pack,SWSH10: Astral Radiance,,43.28,50.50,40.00,TCGplayer
Astral Radiance 3 Pack Blister [Set of 2],71.66,80.00,56.00,56.00,Pokemon,Pack,SWSH10: Astral Radiance,,71.66,90.00,80.00,TCGplayer
Astral Radiance 3 Pack Blister [Sylveon],39.01,39.01,27.31,27.31,Pokemon,Pack,SWSH10: Astral Radiance,,39.01,39.99,37.00,TCGplayer
Astral Radiance Booster Pack,10.89,10.73,7.51,7.51,Pokemon,Pack,SWSH10: Astral Radiance,10.89,10.56,10.99,7.50,PriceCharting + TCGplayer
Astral Radiance Fun Pack,7.45,7.45,5.21,5.21,Pokemon,Pack,SWSH10: Astral Radiance,,7.45,11.50,7.45,TCGplayer
Astral Radiance Premium Checklane Blister [Feraligatr],23.24,23.24,16.27,16.27,Pokemon,Pack,SWSH10: Astral Radiance,,23.24,37.99,22.00,TCGplayer
Astral Radiance Premium Checklane Blister [Swampert],31.29,44.99,31.49,31.49,Pokemon,Pack,SWSH10: Astral Radiance,,31.29,50.00,44.99,TCGplayer
Astral Radiance Single Pack Blister [Oricorio],13.52,13.52,9.46,9.46,Pokemon,Pack,SWSH10: Astral Radiance,,13.52,19.99,13.08,TCGplayer
Astral Radiance Single Pack Blister [Set of 2],30.47,30.47,21.33,21.33,Pokemon,Pack,SWSH10: Astral Radiance,,30.47,31.47,27.94,TCGplayer
Astral Radiance Single Pack Blister [Toxel],14.88,14.88,10.42,10.42,Pokemon,Pack,SWSH10: Astral Radiance,,14.88,19.99,1.50,TCGplayer
Astral Radiance Sleeved Booster Pack,8.29,12.33,8.63,8.63,Pokemon,Pack,SWSH10: Astral Radiance,8.29,12.66,13.00,12.00,PriceCharting + TCGplayer
Lost Origin 3 Pack Blister [Regigigas],63.31,63.31,44.32,44.32,Pokemon,Pack,SWSH11: Lost Origin,,63.31,82.37,1.50,TCGplayer
Lost Origin 3 Pack Blister [Set of 2],146.04,146.04,102.23,102.23,Pokemon,Pack,SWSH11: Lost Origin,,146.04,148.40,138.50,TCGplayer
Lost Origin 3 Pack Blister [Weavile],65.79,79.99,55.99,55.99,Pokemon,Pack,SWSH11: Lost Origin,,65.79,79.99,79.99,TCGplayer
Lost Origin Booster Pack,19.68,19.63,13.74,13.74,Pokemon,Pack,SWSH11: Lost Origin,19.68,19.58,19.71,3.45,PriceCharting + TCGplayer
Lost Origin Premium Checklane Blister [Infernape],22.81,22.81,15.97,15.97,Pokemon,Pack,SWSH11: Lost Origin,,22.81,22.99,22.75,TCGplayer
Lost Origin Premium Checklane Blister [Torterra],30.49,44.00,30.80,30.80,Pokemon,Pack,SWSH11: Lost Origin,,30.49,47.00,44.00,TCGplayer
Lost Origin Single Pack Blister [Croagunk],17.06,17.06,11.94,11.94,Pokemon,Pack,SWSH11: Lost Origin,,17.06,22.00,16.87,TCGplayer
Lost Origin Single Pack Blister [Scorbunny],19.41,19.69,13.78,13.78,Pokemon,Pack,SWSH11: Lost Origin,,19.41,26.09,19.69,TCGplayer
Lost Origin Single Pack Blister [Set of 2],39.65,39.66,27.76,27.76,Pokemon,Pack,SWSH11: Lost Origin,,39.65,48.98,39.66,TCGplayer
Lost Origin Sleeved Booster Pack,21.34,21.57,15.10,15.10,Pokemon,Pack,SWSH11: Lost Origin,21.34,21.81,25.75,20.00,PriceCharting + TCGplayer
Silver Tempest 3 Pack Blister [Manaphy],48.32,48.32,33.82,33.82,Pokemon,Pack,SWSH12: Silver Tempest,,48.32,57.00,1.50,TCGplayer
Silver Tempest 3 Pack Blister [Set of 2],102.47,119.95,83.97,83.97,Pokemon,Pack,SWSH12: Silver Tempest,,102.47,119.95,119.95,TCGplayer
Silver Tempest 3 Pack Blister [Togetic],49.99,53.71,37.60,37.60,Pokemon,Pack,SWSH12: Silver Tempest,49.99,50.42,58.99,57.00,PriceCharting + TCGplayer
Silver Tempest Booster Pack,15.16,15.12,10.59,10.59,Pokemon,Pack,SWSH12: Silver Tempest,15.16,15.09,15.61,11.99,PriceCharting + TCGplayer
Silver Tempest Premium Checklane Blister [Gallade],22.99,28.00,19.60,19.60,Pokemon,Pack,SWSH12: Silver Tempest,,22.99,31.00,28.00,TCGplayer
Silver Tempest Premium Checklane Blister [Magnezone],28.55,28.55,19.98,19.98,Pokemon,Pack,SWSH12: Silver Tempest,,,28.55,28.55,TCGplayer
Silver Tempest Single Pack Blister [Basculin],14.67,17.98,12.59,12.59,Pokemon,Pack,SWSH12: Silver Tempest,,14.67,17.98,17.98,TCGplayer
Silver Tempest Single Pack Blister [Cranidos],14.67,14.67,10.27,10.27,Pokemon,Pack,SWSH12: Silver Tempest,,14.67,14.99,14.50,TCGplayer
Silver Tempest Single Pack Blister [Set of 2],48.98,41.97,29.38,29.38,Pokemon,Pack,SWSH12: Silver Tempest,,,48.98,34.95,TCGplayer
Silver Tempest Sleeved Booster Pack,13.64,16.09,11.26,11.26,Pokemon,Pack,SWSH12: Silver Tempest,13.64,18.53,18.99,12.99,PriceCharting + TCGplayer
Crown Zenith Booster Pack,25.98,25.87,18.11,18.11,Pokemon,Pack,SWSH: Crown Zenith,25.98,25.75,26.00,18.99,PriceCharting + TCGplayer
Team Rocket Booster Pack,313.16,313.16,219.21,219.21,Pokemon,Pack,Team Rocket,313.16,,,,PriceCharting
Team Rocket Booster Pack [1st Edition],668.93,826.34,578.44,578.44,Pokemon,Pack,Team Rocket,668.93,753.68,1199.49,899.00,PriceCharting + TCGplayer
Team Rocket Booster Pack [Unlimited Edition],325.52,650.00,455.00,455.00,Pokemon,Pack,Team Rocket,,325.52,650.00,650.00,TCGplayer
Team Rocket Returns Blister Pack,3097.32,3097.32,2168.12,2168.12,Pokemon,Pack,Team Rocket Returns,3097.32,,,,PriceCharting
Team Up Blister Pack,412.50,412.50,288.75,288.75,Pokemon,Pack,Team Up,412.50,,,,PriceCharting
Team Up Sampling Pack,30.79,30.79,21.55,21.55,Pokemon,Pack,Team Up,30.79,,,,PriceCharting
Temporal Forces Single Blister Pack: Bellibolt,12.80,12.80,8.96,8.96,Pokemon,Pack,Temporal Forces,12.80,,,,PriceCharting
Temporal Forces Single Blister Pack: Carvanha,9.87,9.87,6.91,6.91,Pokemon,Pack,Temporal Forces,9.87,,,,PriceCharting
Trick Or Trade 2022 Booster Pack,2.60,2.60,1.82,1.82,Pokemon,Pack,Trick Or Trade 2022,2.60,,,,PriceCharting
Trick Or Trade 2023 Booster Pack,2.39,2.39,1.67,1.67,Pokemon,Pack,Trick Or Trade 2023,2.39,,,,PriceCharting
Trick Or Trade 2024 BOOster Pack,2.27,2.27,1.59,1.59,Pokemon,Pack,Trick Or Trade 2024,2.27,,,,PriceCharting
Triumphant Blister Pack,293.67,293.67,205.57,205.57,Pokemon,Pack,Triumphant,293.67,,,,PriceCharting
Triumphant Booster Pack,320.00,360.00,252.00,252.00,Pokemon,Pack,Triumphant,320.00,400.00,,,PriceCharting + TCGplayer
Twilight Masquerade Blister Pack [Pupitar],7.50,7.50,5.25,5.25,Pokemon,Pack,Twilight Masquerade,7.50,,,,PriceCharting
Twilight Masquerade Blister Pack [Toxel],10.70,10.70,7.49,7.49,Pokemon,Pack,Twilight Masquerade,10.70,,,,PriceCharting
Unbroken Bonds Blister Pack,96.35,96.35,67.44,67.44,Pokemon,Pack,Unbroken Bonds,96.35,,,,PriceCharting
Unbroken Bonds Blister Pack: Pikachu,151.22,151.22,105.85,105.85,Pokemon,Pack,Unbroken Bonds,151.22,,,,PriceCharting
Unbroken Bonds Mini Booster Pack,35.00,35.00,24.50,24.50,Pokemon,Pack,Unbroken Bonds,35.00,,,,PriceCharting
Undaunted Blister Pack,223.78,223.78,156.65,156.65,Pokemon,Pack,Undaunted,223.78,,,,PriceCharting
Undaunted Booster Pack,752.20,752.20,526.54,526.54,Pokemon,Pack,Undaunted,752.20,,,,PriceCharting + TCGplayer
Unified Minds Mini Booster Pack,18.00,18.00,12.60,12.60,Pokemon,Pack,Unified Minds,18.00,,,,PriceCharting
Unified Minds Pikachu Blister Pack,237.11,237.11,165.98,165.98,Pokemon,Pack,Unified Minds,237.11,,,,PriceCharting
Unified Minds Triple Blister Pack,270.71,270.71,189.50,189.50,Pokemon,Pack,Unified Minds,270.71,,,,PriceCharting
Unleashed Blister Pack,830.00,830.00,581.00,581.00,Pokemon,Pack,Unleashed,830.00,,,,PriceCharting
Unleashed Booster Pack,644.00,463.12,324.18,324.18,Pokemon,Pack,Unleashed,644.00,426.24,499.99,320.00,PriceCharting + TCGplayer
Scan-Tastic Spectacular Promo Pack [Ho-oh & Rapidash],149.96,250.99,175.69,175.69,Pokemon,Pack,WoTC Promo,,149.96,325.00,250.99,TCGplayer
Xy Booster Pack,70.49,70.49,49.34,49.34,Pokemon,Pack,Xy,70.49,,,,PriceCharting
Xy Mini Booster Pack,16.87,16.87,11.81,11.81,Pokemon,Pack,Xy,16.87,,,,PriceCharting
Xy Sleeved Booster Pack,73.00,73.00,51.10,51.10,Pokemon,Pack,Xy,73.00,,,,PriceCharting
Ancient Origins 3 Pack Blister [Salamence],599.99,599.99,419.99,419.99,Pokemon,Pack,XY - Ancient Origins,599.99,,,,PriceCharting + TCGplayer
XY Ancient Origins Booster Pack,143.45,189.99,132.99,132.99,Pokemon,Pack,XY - Ancient Origins,,143.45,244.99,189.99,TCGplayer
BREAKpoint 3 Pack Blister [Pyroar],329.95,329.95,230.96,230.96,Pokemon,Pack,XY - BREAKpoint,,,329.95,329.95,TCGplayer
BREAKpoint Single Pack Blister [Pikachu],399.99,494.09,345.86,345.86,Pokemon,Pack,XY - BREAKpoint,,399.99,498.34,494.09,TCGplayer
XY - BREAKpoint Sleeved Booster Pack,53.49,54.00,37.80,37.80,Pokemon,Pack,XY - BREAKpoint,,53.49,73.99,54.00,TCGplayer
XY BREAKpoint Booster Pack,46.48,46.48,32.54,32.54,Pokemon,Pack,XY - BREAKpoint,,46.48,54.44,25.00,TCGplayer
BREAKthrough Collector Pin 3 Pack Blister [Mega Blaziken],650.00,650.00,455.00,455.00,Pokemon,Pack,XY - BREAKthrough,,,650.00,650.00,TCGplayer
BREAKthrough Single Pack Blister [Hawlucha],99.00,99.00,69.30,69.30,Pokemon,Pack,XY - BREAKthrough,,99.00,,,TCGplayer
BREAKthrough Sleeved Booster Pack,130.00,130.00,91.00,91.00,Pokemon,Pack,XY - BREAKthrough,,,,130.00,PriceCharting + TCGplayer
XY BREAKthrough Booster Pack,64.50,64.50,45.15,45.15,Pokemon,Pack,XY - BREAKthrough,,64.50,75.50,34.99,TCGplayer
Evolutions Booster Pack,65.00,70.01,49.01,49.01,Pokemon,Pack,XY - Evolutions,65.00,70.07,79.91,69.95,PriceCharting + TCGplayer
Evolutions Mini Pack,30.00,30.00,21.00,21.00,Pokemon,Pack,XY - Evolutions,,30.00,,,TCGplayer
XY - Evolutions Sleeved Booster Pack,109.94,124.88,87.42,87.42,Pokemon,Pack,XY - Evolutions,,109.94,124.88,124.88,TCGplayer
XY Evolutions Single Pack Blister [Greninja],125.28,125.28,87.70,87.70,Pokemon,Pack,XY - Evolutions,,125.28,,,TCGplayer
Fates Collide Single Pack Blister [Gastly],116.00,116.00,81.20,81.20,Pokemon,Pack,XY - Fates Collide,,116.00,,,TCGplayer
Fates Collide Single Pack Blister [Pansear],95.99,111.99,78.39,78.39,Pokemon,Pack,XY - Fates Collide,,95.99,112.48,111.99,TCGplayer
Fates Collide Three Pack Blister [Vivillon],199.99,199.99,139.99,139.99,Pokemon,Pack,XY - Fates Collide,,,199.99,199.99,TCGplayer
XY - Fates Collide Sleeved Booster Pack [Delphox BREAK],47.50,47.50,33.25,33.25,Pokemon,Pack,XY - Fates Collide,,47.50,55.00,39.00,TCGplayer
XY - Fates Collide Sleeved Booster Pack [Lugia BREAK],48.96,48.96,34.27,34.27,Pokemon,Pack,XY - Fates Collide,,48.96,59.99,40.00,TCGplayer
XY - Fates Collide Sleeved Booster Pack [Mega Alakazam],47.80,47.80,33.46,33.46,Pokemon,Pack,XY - Fates Collide,,47.80,55.00,40.00,TCGplayer
XY - Fates Collide Sleeved Booster Pack [Zygarde],52.26,52.26,36.58,36.58,Pokemon,Pack,XY - Fates Collide,,52.26,59.99,40.00,TCGplayer
XY Fates Collide Booster Pack,43.87,43.87,30.71,30.71,Pokemon,Pack,XY - Fates Collide,,43.87,49.99,42.99,TCGplayer
Flashfire Booster Pack,170.00,164.36,115.05,115.05,Pokemon,Pack,XY - Flashfire,170.00,160.85,167.86,89.89,PriceCharting + TCGplayer
Flashfire Sleeved Booster Pack,186.41,249.99,174.99,174.99,Pokemon,Pack,XY - Flashfire,,186.41,300.00,249.99,TCGplayer
Furious Fists 2 Pack Blister [Dusknoir],384.00,384.00,268.80,268.80,Pokemon,Pack,XY - Furious Fists,,,384.00,384.00,TCGplayer
Furious Fists 2 Pack Blister [Unova Trio],500.00,500.00,350.00,350.00,Pokemon,Pack,XY - Furious Fists,,,500.00,500.00,TCGplayer
Furious Fists 3 Pack Blister [Slurpuff],237.32,237.32,166.12,166.12,Pokemon,Pack,XY - Furious Fists,,237.32,,,TCGplayer
Furious Fists Booster Pack,60.75,79.36,55.56,55.56,Pokemon,Pack,XY - Furious Fists,60.75,78.74,83.50,79.99,PriceCharting + TCGplayer
Furious Fists Single Pack Blister [Gogoat],200.00,200.00,140.00,140.00,Pokemon,Pack,XY - Furious Fists,,,200.00,200.00,TCGplayer
Furious Fists Single Pack Blister [Zoroark],200.00,200.00,140.00,140.00,Pokemon,Pack,XY - Furious Fists,,,200.00,200.00,TCGplayer
Furious Fists Sleeved Booster Pack,87.43,87.43,61.20,61.20,Pokemon,Pack,XY - Furious Fists,,87.43,88.88,50.91,TCGplayer
Phantom Forces 3 Pack Blister [Darkrai],1149.95,1149.95,804.97,804.97,Pokemon,Pack,XY - Phantom Forces,,,1149.95,1149.95,TCGplayer
Phantom Forces Sleeved Booster Pack,377.24,750.00,525.00,525.00,Pokemon,Pack,XY - Phantom Forces,377.24,,800.00,750.00,PriceCharting + TCGplayer
XY Phantom Forces Booster Pack,230.17,230.17,161.12,161.12,Pokemon,Pack,XY - Phantom Forces,,230.17,239.99,200.00,TCGplayer
Primal Clash Three Pack Blister [Ditto],583.33,1299.99,909.99,909.99,Pokemon,Pack,XY - Primal Clash,,583.33,1299.99,1299.99,TCGplayer
Primal Clash Three Pack Blister [Furfrou],299.99,299.99,209.99,209.99,Pokemon,Pack,XY - Primal Clash,,299.99,,,TCGplayer
XY - Primal Clash Sleeved Booster Pack,98.86,98.86,69.20,69.20,Pokemon,Pack,XY - Primal Clash,,98.86,114.50,96.01,TCGplayer
Dragonite Collector's Pin 3 Pack Blister,309.00,509.00,356.30,356.30,Pokemon,Pack,XY - Roaring Skies,,309.00,1074.00,509.00,TCGplayer
Roaring Skies Booster Pack,75.00,80.53,56.37,56.37,Pokemon,Pack,XY - Roaring Skies,75.00,78.12,99.97,82.93,PriceCharting + TCGplayer
Roaring Skies Sleeved Booster Pack,100.00,124.66,87.26,87.26,Pokemon,Pack,XY - Roaring Skies,100.00,118.32,132.50,131.00,PriceCharting + TCGplayer
Steam Siege 3 Pack Blister [Azelf],355.00,355.00,248.50,248.50,Pokemon,Pack,XY - Steam Siege,,,355.00,355.00,TCGplayer
Steam Siege 3 Pack Blister [Rayquaza],300.00,300.00,210.00,210.00,Pokemon,Pack,XY - Steam Siege,,300.00,,,TCGplayer
Steam Siege Booster Pack,31.71,31.71,22.20,22.20,Pokemon,Pack,XY - Steam Siege,,31.71,39.49,29.98,TCGplayer
Steam Siege Single Pack Blister [Floette],37.29,80.00,56.00,56.00,Pokemon,Pack,XY - Steam Siege,,37.29,82.99,80.00,TCGplayer
Steam Siege Single Pack Blister [Lucario],63.73,63.73,44.61,44.61,Pokemon,Pack,XY - Steam Siege,,63.73,63.73,58.00,TCGplayer
XY Steam Siege Sleeved Booster Pack,39.13,40.00,28.00,28.00,Pokemon,Pack,XY - Steam Siege,,39.13,44.49,40.00,TCGplayer
XY Base Set Sleeved Booster Pack,159.99,179.99,125.99,125.99,Pokemon,Pack,XY Base Set,,159.99,179.99,179.99,TCGplayer
XY Booster Pack,133.34,169.99,118.99,118.99,Pokemon,Pack,XY Base Set,,133.34,190.00,169.99,TCGplayer
XY Two Pack Blister [Dragon Trio],750.00,750.00,525.00,525.00,Pokemon,Pack,XY Base Set,,,750.00,750.00,TCGplayer
